[db] path=D:\kanet-tn12\kasia-console\data\console.mainnet.db source=DB_PATH
[phase2-shadow] PHASE2_SHADOW_EVERY=0 (raw=<unset>; 0=关; 影子窗内 ≥100; 对 P2-1/P2-3 只在不一致时打, P2-2/P2-4 每次比对打 equal/mismatch)
[console] CONSOLE_ENCRYPTION_KEY fingerprint: 5ac9b85e
[migrate] v9: interaction_records table created.
[migrate] v10: account_relations table created, migrated 0 conversations.
[migrate] v46: account_relations dropped.
[migrate] v47: interaction_records dropped.
[migrate] v68: retail_dex_orders table created.
[migrate] v70: no orphan relation_states to backfill
[migrate] v77: idx_offers_open_expires partial index created (expire watcher acceleration).
[migrate] v79: broker_conversations table created (per-peer broker state, J1 #31 ship).
[migrate] v80: broker_conversations.completed_at column added (Phase 2 profile sediment future-proof).
[migrate] v81: broker_conversations dropped (Owner 抓错药戳穿 — 复用 retail_dex_orders + retail_dex_user_memory + relation_states 现有 pipeline).
[migrate] v95: role backfill — broker=1, trader=1, predictor=1, dev=2.
[migrate] v96: role 'dev' → 'general' rename — 2 rows.
[migrate] v162: oracle_stake_enrollments + oracle_pool_chain_view tables created (DoD §2.2 chain-derived pool).
[migrate] v167: broker_recommendations table (DoD 问1 prevet-gate + 排序).
[migrate] v171: market_shards table created (rolling-shard registry for unlimited betting — bshard B + self-claim C).
[migrate] v172: payout_shards table (per-market (A) PayoutShard covenant sink — cov_id provenance + settle redeem).
[migrate] v173: broker_onboarding table (玩家→轻路 broker 自助 onboarding, 地址制, bot_token 加密, 审批复用 identities.trust).
[migrate] v174: tg_custodial_wallets table (电报 DM 托管钱包, 助记词 aes-256-gcm 加密 fail-loud, display-once 无明文回取, Owner 钦定).
[migrate] v175: escrow_states table (Silverscript P2SH escrow — buyer/seller/arbiter 三方合约, lock/execute via relay IPC).
[migrate] v176: oracle_shadow_ledger table (影子判定台账 — 我们 oracle vs 权威 命中率历史, 纯记录不碰结算, Owner 自我进化 #26).
[migrate] v181: zk_prove_jobs 补 fee_leaves_json/pool_total_sompi(§4硬门⑤禁bps-fallback, guest需要完整fee_leaves).
[migrate] v192: pilot_rate_limit_log 建表 (M0c-1 Path B pilot 围栏 §2.4, gateway 限流 keyed by grant_id).
[migrate] v195: u1_domain_assignment 建表完成 (u1 隔离施工的域→relay 映射记录; 纯记录表, 不参与签名判定).
[migrate] v196: u1_identity_registration 建表完成 (A2 同源判定登记表; N3 锁1/N4 mnemonic 型已落成 UNIQUE+CHECK 结构约束; 今日无写入方).
[migrate] v197: u1_identity_challenge 建表完成 (A2 一次性挑战; challenge PK 走 CAS, used_at NULL=未消费, expires_at NOT NULL; 部分索引仅巡检不参与正确性; 今日无写入方).
[migrate] v198: u1_relay_identity 建表完成 (§10 跨节点 pubkey 身份, register-only; PK=relay_pubkey_xonly 小写64hex CHECK; network 闭枚举 CHECK; 无 local_relay_id 列/无 relay_id 回退索引(活算 fromAddress); epoch UNIQUE; 写入方 = u1-registration.mjs 事务内).
[migrate] v200: idx_pool_sides_bettor_created 在, 记账通过
[migrate] v200: idx_pool_markets_zk_ready 在, 记账通过
[migrate] v201: idx_events_type_created 在, 记账通过
[migrate] v202: submit_intents 表(+2 索引) + tx_records 加 target_address/landed_at/landed_depth/landed_checked_at + idx_tx_records_direction_landed ((c) NO-TX F2/F4, 幂等 IF NOT EXISTS/pragma 守卫).
[migrate] v203: exchange_offers 加 escrow_landed_at/escrow_landed_depth/taker_escrow_landed_at/taker_escrow_landed_depth ((c) 第 5 笔 escrow 硬消费门, pragma 守卫幂等).
[migrate] v205: payout_shards.token_tmpl_hash 在, 记账通过
[migrate] v205: payout_shards.claim_tmpl_hash 在, 记账通过
[migrate] v205: payout_shards.market_suffix_hash 在, 记账通过
[migrate] v205: market_shards.shard_token_tmpl_hash 在, 记账通过
[migrate] DB migrations complete.
[silverc-pin] PASS sha256=4378ba65... golden=RootClaim ok
[kasia-console] running at http://localhost:3202
[zk-prove-worker] cron NOT started — ZK_PROVE_WORKER_ENABLED!=1 (真实 RISC0 proving + 真 KAS 注资, 默认不自动跑)
2026-09-14T07:40:03.842Z [adapter-launcher] 0/0 adapters started
[mind-manager] No relay nodes with adapters, skipping Mind init
[mind-manager] stress-user-01: proactive every 60min, reflect every 24h
[mind-manager] stress-user-02: proactive every 60min, reflect every 24h
[mind-manager] stress-user-03: proactive every 60min, reflect every 24h
[mind-manager] stress-user-04: proactive every 60min, reflect every 24h
[mind-manager] stress-user-05: proactive every 60min, reflect every 24h
[mind-manager] stress-user-06: proactive every 60min, reflect every 24h
[mind-manager] stress-user-07: proactive every 60min, reflect every 24h
[mind-manager] stress-user-08: proactive every 60min, reflect every 24h
[mind-manager] stress-control-01: proactive every 60min, reflect every 24h
[mind-manager] stress-control-02: proactive every 60min, reflect every 24h
[mind-manager] J2: proactive every 60min, reflect every 24h
[mind-manager] KANet-UI: proactive every 60min, reflect every 24h
[mind-manager] Trader-A: proactive every 60min, reflect every 24h
[mind-manager] Qclaude: proactive every 60min, reflect every 24h
[mind-manager] Trader-M: proactive every 60min, reflect every 24h
[mind-manager] Bettor: proactive every 60min, reflect every 24h
[mind-manager] Scheduler started for 16 agents
[mind-manager] Price monitor active: ±3%
[rpc-shared] build ws://127.0.0.1:17110|mainnet (pool size 1) — one instance per key, never per-call
[relay-manager] Started stress-user-01 relay (PID 6948)
[relay-manager] Started stress-user-02 relay (PID 1564)
[relay-manager] Started stress-user-03 relay (PID 7388)
[relay-manager] Started stress-user-04 relay (PID 14884)
[relay-manager] Started stress-user-05 relay (PID 3980)
[relay-manager] Started stress-user-06 relay (PID 27536)
[relay-manager] Started stress-user-07 relay (PID 24244)
[relay-manager] Started stress-user-08 relay (PID 11320)
[relay-manager] Started stress-control-01 relay (PID 4880)
[relay-manager] Started stress-control-02 relay (PID 13280)
[relay-manager] Started J2 relay (PID 9760)
[relay-manager] Started KANet-UI relay (PID 4108)
[relay-manager] Started Trader-A relay (PID 24112)
[relay-manager] Started Qclaude relay (PID 17160)
[relay-manager] Started Trader-M relay (PID 29992)
[relay-manager] Started Bettor relay (PID 29456)
[relay-manager] 16/16 relays started
[tg-bot-manager] TELEGRAM_BOT_TOKEN not set (config or env) — bot not auto-started (configure + start from Settings)
[broker-bot-mgr] boot reconcile: {"ok":true,"approved":0,"started":0,"already_up":0,"skipped_bad_token":0,"running":0}
[scavenger] startup catchup: last scan 7.2h ago > 1h threshold, fire immediate
[scavenger] start (trigger=cron_startup_catchup, relay=27e2b2ac)
[scavenger] cron registered: every 6h
[bettor-resolver] cron registered: every 1h (boot tick 15s before tracker/reactor)
[bettor-tracker] cron registered: every 1h
[bettor-tracker] urgent cron registered: every 15min (positions <24h to expiry)
[bettor-reactor] cron registered: every 1h (Phase 3e-6 Kelly delta 模型)
[auto-valve] started (1h cron, 4 valves: A redeem / B sim resolved / C -30%pnl 12h / D 90d zombie)
[position-protector] started (1 min cron, Phase 1 skeleton — detect new positions + INSERT pending_owner_ack rules, NO firing)
[position-protector] startup catchup: last audit 29822860.1min ago > 1h threshold, fire immediate
[position-watcher] started (30 min cron, alert-only — no auto-fire)
[position-watcher] startup catchup: last audit 29822860.1min ago > 30min, fire immediate
[fossa-stable-scanner] started (1h cron, due-diligence enforced, no auto-fire)
[fossa-stable-scanner] startup catchup: last scan 435min ago > 60min, fire in 30s
[prediction-settler] started — 5min cron, settle expired prediction_outcome_share offers (Phase 2c detect+mark+log, payout 真链 Phase 2b)
[prediction-voter] started — 5min cron, scan is_oracle=1 relays + vote offers (Phase 3a r211 v3)
[bshard-close-voter] cron NOT started — BSHARD_CLOSE_VOTER_ENABLED!=1 (Track B 待 live e2e 实证 + D4 relay-gate 未闭, 默认不自动签; 设=1 供受控 live e2e)
[bshard-close-voter-v2] cron NOT started — BSHARD_CLOSE_VOTER_V2_ENABLED!=1 (默认不自动签, 设=1 供受控 live e2e)
[bshard-close-submit-v2] cron NOT started — BSHARD_CLOSE_SUBMIT_V2_ENABLED!=1 (唯一新造 money-path tick, 默认不自动广播)
[pool-settler] started — 5min cron, aggregate 3 oracle votes + consensus check, silent_timeout=1440min (Sub 2d Phase 1)
[diag:eventloop-lag] heartbeat started (expected=1000ms, alert_threshold=1000ms, heap_sample_every=60s)
[utxo-fetch-probe] installed (patches RpcClient.prototype.getUtxosByAddresses, all call sites covered)
[claim-auto] started — 5min cron, auto-dispatch unclaimed bettor refunds for cancelled markets (DoD C 收尾 Bettor r393).
[auto-bet] DISABLED (AUTO_BET_TICK_MS=0)
[house-agent] started — tick=300000ms stake=20 relay=HouseAgent (#42 击败Agent 玩法: 判断+真押世界杯盘)
[bot-autofund] BOT_AUTOFUND_SOURCE_RELAY_ID not set — cron not started
[relay-health] started — tick=30000ms grace=90000ms max_restart_per_hour=3
[relay-hotwallet-monitor] started — tick=30000ms grace=90000ms max_consecutive_failures=3
[oracle-voter-health] started — tick=120000ms grace=120000ms stale=10min
[oracle-pool-scanner-cron] started — 5min cron, scan + derive chain_view (Bettor r449 活化质押池).
[oracle-renewal] started — 1h cron, auto-renew expiring oracle enrollments (threshold=3M DAA ≈3.5d, new_lock=10M DAA ≈11.5d). Transfer → UTXO-landed gate → DB update (NO-TX-NO-STATE).
[settle-daemon] 07:40:03 disabled (SETTLE_DAEMON_ENABLED!=1)·not starting
[settle-daemon] 07:40:03 zkCloseTickV2 disabled (ZK_CLOSE_TICK_V2_ENABLED!=1)·not starting
[settle-daemon] 07:40:03 claimAutonomousTick disabled (ZK_CLAIM_TICK_ENABLED!=1)·not starting
[settle-daemon] 07:40:03 zkHandoffAutonomousTick disabled (ZK_HANDOFF_TICK_ENABLED!=1)·not starting
[settle-daemon] 07:40:04 zkJudgeProposeAutonomousTick disabled (ZK_JUDGE_PROPOSE_TICK_ENABLED!=1)·not starting
[broadcaster-utxo] started — tick=180000ms target=30 UTXOs/broadcaster (design-v2 B, pairs with parallel-broadcast A)
[mining-consolidate] MINING_CONSOLIDATE_ENABLED=false — cron not started (kill-switch, see TREASURY-UTXO-UNREADABLE card)
[faucet-health] FAUCET_RELAY_ID not set — cron not started
[settle-failed-alert] started — tick=60000ms (只读监控, 不改daemon逻辑, 新增settle_failed立刻写events表+发dev-coord-testnet频道)
[disk-space-alert] started — tick=300000ms drives=C,D lowThresholdGB=15 (只读监控, 不做任何清理动作)
[rpc-health-degradation-alert] started — tick=60000ms, window=3min, threshold=5, selfRestart=OFF (写events+播dev-coord-testnet频道)
[zk-prove-job-stuck-alert] started — tick=300000ms, threshold=15min(占位待校准) (只读监控, 去重落 events 表非内存, 每tick含首个都全量检查不建baseline)
[variant-expander] started (30 min cron, Phase 1 skeleton — 3-tier variant expansion stub, real algorithm Phase 2)
[variant-expander] startup catchup: last variant 29822860.1min ago > 1h threshold, fire immediate
[worldcup-schedule] starting·tick=1800000ms·maker=15593e10
[relay:stress-user-01] 9/14/2026, 14:40:03 Kasia Relay started (RPC mode — local node subscription).
[relay:stress-user-02] 9/14/2026, 14:40:03 Kasia Relay started (RPC mode — local node subscription).
[relay:stress-user-03] 9/14/2026, 14:40:03 Kasia Relay started (RPC mode — local node subscription).
[relay:stress-user-04] 9/14/2026, 14:40:03 Kasia Relay started (RPC mode — local node subscription).
[relay:stress-user-02] 2026-09-14T07:40:04.018Z [rpc] connecting to ws://127.0.0.1:17110
[relay:stress-user-06] 9/14/2026, 14:40:04 Kasia Relay started (RPC mode — local node subscription).
[relay:stress-user-05] 9/14/2026, 14:40:04 Kasia Relay started (RPC mode — local node subscription).
[relay:stress-user-01] 2026-09-14T07:40:04.019Z [rpc] connecting to ws://127.0.0.1:17110
[relay:stress-user-07] 9/14/2026, 14:40:04 Kasia Relay started (RPC mode — local node subscription).
[relay:stress-user-03] 2026-09-14T07:40:04.024Z [rpc] connecting to ws://127.0.0.1:17110
[relay:stress-user-04] 2026-09-14T07:40:04.027Z [rpc] connecting to ws://127.0.0.1:17110
[relay:stress-user-05] 2026-09-14T07:40:04.039Z [rpc] connecting to ws://127.0.0.1:17110
[relay:stress-user-06] 2026-09-14T07:40:04.040Z [rpc] connecting to ws://127.0.0.1:17110
[relay:stress-user-07] 2026-09-14T07:40:04.044Z [rpc] connecting to ws://127.0.0.1:17110
[relay:stress-user-02] 2026-09-14T07:40:04.046Z [rpc] node is synced
[relay:stress-user-08] 9/14/2026, 14:40:04 Kasia Relay started (RPC mode — local node subscription).
[relay:stress-user-02] 2026-09-14T07:40:04.047Z [rpc] subscribed to new blocks
[relay:stress-user-02] 2026-09-14T07:40:04.047Z [rpc] watching address: kaspa:qzy3c6nvfmx027...j5w88thy
[relay:stress-user-02] 2026-09-14T07:40:04.047Z [rpc] protocol support: handshake, comm, payment
[relay:stress-user-01] 9/14/2026, 14:40:04 command split_utxo failed: RPC Server (remote error) -> WebSocket -> WebSocket is not connected
[relay:stress-user-04] 2026-09-14T07:40:04.058Z [rpc] node is synced
[relay:stress-user-01] 2026-09-14T07:40:04.058Z [rpc] node is synced
[relay:stress-control-02] 9/14/2026, 14:40:04 Kasia Relay started (RPC mode — local node subscription).
[relay:stress-user-01] 2026-09-14T07:40:04.059Z [rpc] subscribed to new blocks
[relay:stress-control-01] 9/14/2026, 14:40:04 Kasia Relay started (RPC mode — local node subscription).
[relay:stress-user-01] 2026-09-14T07:40:04.059Z [rpc] watching address: kaspa:qrwnrehtfzygkw...086n8wqv
[relay:stress-user-01] 2026-09-14T07:40:04.059Z [rpc] protocol support: handshake, comm, payment
[relay:stress-user-03] 2026-09-14T07:40:04.061Z [rpc] node is synced
[relay:stress-user-04] 2026-09-14T07:40:04.060Z [rpc] subscribed to new blocks
[relay:stress-user-04] 2026-09-14T07:40:04.060Z [rpc] watching address: kaspa:qqk5n73lgy0udr...vaa4xh2v
[relay:stress-user-04] 2026-09-14T07:40:04.060Z [rpc] protocol support: handshake, comm, payment
[relay:stress-user-03] 2026-09-14T07:40:04.063Z [rpc] subscribed to new blocks
[relay:stress-user-03] 2026-09-14T07:40:04.063Z [rpc] watching address: kaspa:qrv64pa7hvmnx6...cqltlmwk
[relay:stress-user-03] 2026-09-14T07:40:04.063Z [rpc] protocol support: handshake, comm, payment
[relay:stress-user-08] 2026-09-14T07:40:04.068Z [rpc] connecting to ws://127.0.0.1:17110
[relay:stress-user-05] 2026-09-14T07:40:04.071Z [rpc] node is synced
[relay:stress-user-06] 2026-09-14T07:40:04.072Z [rpc] node is synced
[relay:stress-user-02] 9/14/2026, 14:40:04 UTXO SPLIT: skipped balance_too_low_for_split
[relay:stress-user-06] 2026-09-14T07:40:04.073Z [rpc] subscribed to new blocks
[relay:stress-user-06] 2026-09-14T07:40:04.073Z [rpc] watching address: kaspa:qrl5mz8ckd78ry...wtzvh5v7
[relay:stress-user-06] 2026-09-14T07:40:04.073Z [rpc] protocol support: handshake, comm, payment
[relay:stress-user-07] 2026-09-14T07:40:04.074Z [rpc] node is synced
[relay:stress-user-07] 2026-09-14T07:40:04.076Z [rpc] subscribed to new blocks
[relay:stress-user-07] 2026-09-14T07:40:04.076Z [rpc] watching address: kaspa:qz4xldyphshmq8...sr3vvjnv
[relay:stress-user-07] 2026-09-14T07:40:04.076Z [rpc] protocol support: handshake, comm, payment
[relay:stress-control-02] 2026-09-14T07:40:04.078Z [rpc] connecting to ws://127.0.0.1:17110
[relay:J2] 9/14/2026, 14:40:04 Kasia Relay started (RPC mode — local node subscription).
[relay:stress-user-05] 2026-09-14T07:40:04.079Z [rpc] subscribed to new blocks
[relay:stress-user-05] 2026-09-14T07:40:04.079Z [rpc] watching address: kaspa:qpyj7hrahj3l2x...hy4apyhr
[relay:stress-user-05] 2026-09-14T07:40:04.079Z [rpc] protocol support: handshake, comm, payment
[relay:stress-control-01] 2026-09-14T07:40:04.080Z [rpc] connecting to ws://127.0.0.1:17110
[relay:stress-user-02] 2026-09-14T07:40:04.086Z [rpc] indexer: watching 16 addresses
[relay:stress-user-02] 2026-09-14T07:40:04.087Z [rpc] listening...
[relay:stress-user-02] 2026-09-14T07:40:04.087Z [rpc] catching up from Console DB...
[relay:stress-user-02] 2026-09-14T07:40:04.091Z [rpc] catch-up comm: DISABLED (KANET_CATCHUP_COMM!=on) — historical backfill skipped by design, not fixed
[relay:stress-user-02] 2026-09-14T07:40:04.091Z [rpc] catch-up done: 0 handshakes accepted, 0 messages replied, DISABLED historical comms
[relay:KANet-UI] 9/14/2026, 14:40:04 Kasia Relay started (RPC mode — local node subscription).
[relay:stress-user-01] 2026-09-14T07:40:04.089Z [rpc] indexer: watching 16 addresses
[relay:stress-user-01] 2026-09-14T07:40:04.090Z [rpc] listening...
[relay:stress-user-03] 9/14/2026, 14:40:04 UTXO SPLIT: skipped balance_too_low_for_split
[relay:stress-user-01] 2026-09-14T07:40:04.090Z [rpc] catching up from Console DB...
[relay:stress-user-04] 2026-09-14T07:40:04.090Z [rpc] indexer: watching 16 addresses
[relay:stress-user-04] 2026-09-14T07:40:04.091Z [rpc] listening...
[relay:stress-user-04] 2026-09-14T07:40:04.092Z [rpc] catching up from Console DB...
[relay:stress-user-01] 2026-09-14T07:40:04.094Z [rpc] catch-up comm: DISABLED (KANET_CATCHUP_COMM!=on) — historical backfill skipped by design, not fixed
[relay:stress-user-01] 2026-09-14T07:40:04.094Z [rpc] catch-up done: 0 handshakes accepted, 0 messages replied, DISABLED historical comms
[relay:stress-user-08] 2026-09-14T07:40:04.098Z [rpc] node is synced
[relay:Qclaude] 9/14/2026, 14:40:04 Kasia Relay started (RPC mode — local node subscription).
[relay:stress-user-08] 2026-09-14T07:40:04.099Z [rpc] subscribed to new blocks
[relay:stress-user-08] 2026-09-14T07:40:04.100Z [rpc] watching address: kaspa:qquz2qte4cv876...q4wzmv2w
[relay:stress-user-08] 2026-09-14T07:40:04.100Z [rpc] protocol support: handshake, comm, payment
[relay:stress-user-03] 2026-09-14T07:40:04.099Z [rpc] indexer: watching 16 addresses
[relay:stress-user-03] 2026-09-14T07:40:04.100Z [rpc] listening...
[relay:stress-user-03] 2026-09-14T07:40:04.100Z [rpc] catching up from Console DB...
[relay:J2] 2026-09-14T07:40:04.100Z [rpc] connecting to ws://127.0.0.1:17110
[relay:stress-user-07] 2026-09-14T07:40:04.101Z [rpc] indexer: watching 16 addresses
[relay:stress-user-07] 2026-09-14T07:40:04.102Z [rpc] listening...
[relay:stress-user-07] 2026-09-14T07:40:04.102Z [rpc] catching up from Console DB...
[relay:stress-user-04] 9/14/2026, 14:40:04 UTXO SPLIT: skipped balance_too_low_for_split
[relay:stress-user-04] 2026-09-14T07:40:04.101Z [rpc] catch-up comm: DISABLED (KANET_CATCHUP_COMM!=on) — historical backfill skipped by design, not fixed
[relay:stress-user-04] 2026-09-14T07:40:04.101Z [rpc] catch-up done: 0 handshakes accepted, 0 messages replied, DISABLED historical comms
[relay:stress-user-06] 2026-09-14T07:40:04.104Z [rpc] indexer: watching 16 addresses
[relay:stress-user-03] 2026-09-14T07:40:04.104Z [rpc] catch-up comm: DISABLED (KANET_CATCHUP_COMM!=on) — historical backfill skipped by design, not fixed
[relay:stress-user-03] 2026-09-14T07:40:04.104Z [rpc] catch-up done: 0 handshakes accepted, 0 messages replied, DISABLED historical comms
[relay:stress-user-06] 2026-09-14T07:40:04.105Z [rpc] listening...
[relay:stress-user-06] 2026-09-14T07:40:04.105Z [rpc] catching up from Console DB...
[relay:stress-user-07] 2026-09-14T07:40:04.106Z [rpc] catch-up comm: DISABLED (KANET_CATCHUP_COMM!=on) — historical backfill skipped by design, not fixed
[relay:stress-user-07] 2026-09-14T07:40:04.106Z [rpc] catch-up done: 0 handshakes accepted, 0 messages replied, DISABLED historical comms
[relay:stress-user-06] 2026-09-14T07:40:04.108Z [rpc] catch-up comm: DISABLED (KANET_CATCHUP_COMM!=on) — historical backfill skipped by design, not fixed
[relay:stress-user-06] 2026-09-14T07:40:04.108Z [rpc] catch-up done: 0 handshakes accepted, 0 messages replied, DISABLED historical comms
[relay:stress-control-02] 2026-09-14T07:40:04.108Z [rpc] node is synced
[relay:stress-control-02] 2026-09-14T07:40:04.110Z [rpc] subscribed to new blocks
[relay:stress-control-02] 2026-09-14T07:40:04.110Z [rpc] watching address: kaspa:qpuwsxct0fu3ut...prvkg2va
[relay:stress-control-02] 2026-09-14T07:40:04.110Z [rpc] protocol support: handshake, comm, payment
[relay:stress-control-01] 2026-09-14T07:40:04.111Z [rpc] node is synced
[relay:Trader-A] 9/14/2026, 14:40:04 Kasia Relay started (RPC mode — local node subscription).
[relay:stress-control-01] 2026-09-14T07:40:04.112Z [rpc] subscribed to new blocks
[relay:stress-control-01] 2026-09-14T07:40:04.112Z [rpc] watching address: kaspa:qzlvn9gg0gyhur...vpenvskw
[relay:stress-control-01] 2026-09-14T07:40:04.112Z [rpc] protocol support: handshake, comm, payment
[relay:stress-user-05] 9/14/2026, 14:40:04 UTXO SPLIT: skipped balance_too_low_for_split
[relay:KANet-UI] 2026-09-14T07:40:04.113Z [rpc] connecting to ws://127.0.0.1:17110
[relay:stress-user-05] 2026-09-14T07:40:04.116Z [rpc] indexer: watching 16 addresses
[relay:stress-user-05] 2026-09-14T07:40:04.116Z [rpc] listening...
[relay:stress-user-05] 2026-09-14T07:40:04.117Z [rpc] catching up from Console DB...
[relay:Bettor] 9/14/2026, 14:40:04 Kasia Relay started (RPC mode — local node subscription).
[relay:Trader-M] 9/14/2026, 14:40:04 Kasia Relay started (RPC mode — local node subscription).
[relay:Qclaude] 2026-09-14T07:40:04.120Z [rpc] connecting to ws://127.0.0.1:17110
[relay:stress-user-05] 2026-09-14T07:40:04.120Z [rpc] catch-up comm: DISABLED (KANET_CATCHUP_COMM!=on) — historical backfill skipped by design, not fixed
[relay:stress-user-05] 2026-09-14T07:40:04.121Z [rpc] catch-up done: 0 handshakes accepted, 0 messages replied, DISABLED historical comms
[relay:stress-user-06] 9/14/2026, 14:40:04 UTXO SPLIT: skipped balance_too_low_for_split
[relay:stress-user-08] 2026-09-14T07:40:04.126Z [rpc] indexer: watching 16 addresses
[relay:stress-user-08] 2026-09-14T07:40:04.126Z [rpc] listening...
[relay:stress-user-08] 2026-09-14T07:40:04.126Z [rpc] catching up from Console DB...
[relay:stress-user-08] 2026-09-14T07:40:04.130Z [rpc] catch-up comm: DISABLED (KANET_CATCHUP_COMM!=on) — historical backfill skipped by design, not fixed
[relay:stress-user-08] 2026-09-14T07:40:04.130Z [rpc] catch-up done: 0 handshakes accepted, 0 messages replied, DISABLED historical comms
[relay:stress-user-07] 9/14/2026, 14:40:04 UTXO SPLIT: skipped balance_too_low_for_split
[relay:J2] 2026-09-14T07:40:04.133Z [rpc] node is synced
[relay:Trader-A] 2026-09-14T07:40:04.134Z [rpc] connecting to ws://127.0.0.1:17110
[relay:J2] 2026-09-14T07:40:04.135Z [rpc] subscribed to new blocks
[relay:J2] 2026-09-14T07:40:04.135Z [rpc] watching address: kaspa:qr7km875u5hhl4...e78fjev3
[relay:J2] 2026-09-14T07:40:04.135Z [rpc] protocol support: handshake, comm, payment
[relay:stress-control-02] 2026-09-14T07:40:04.136Z [rpc] indexer: watching 16 addresses
[relay:stress-control-02] 2026-09-14T07:40:04.136Z [rpc] listening...
[relay:stress-control-01] 2026-09-14T07:40:04.137Z [rpc] indexer: watching 16 addresses
[relay:stress-control-02] 2026-09-14T07:40:04.137Z [rpc] catching up from Console DB...
[relay:stress-control-01] 2026-09-14T07:40:04.137Z [rpc] listening...
[relay:stress-control-01] 2026-09-14T07:40:04.138Z [rpc] catching up from Console DB...
[relay:Bettor] 2026-09-14T07:40:04.138Z [rpc] connecting to ws://127.0.0.1:17110
[relay:Trader-M] 2026-09-14T07:40:04.140Z [rpc] connecting to ws://127.0.0.1:17110
[relay:stress-user-08] 9/14/2026, 14:40:04 UTXO SPLIT: skipped balance_too_low_for_split
[relay:stress-control-02] 2026-09-14T07:40:04.141Z [rpc] catch-up comm: DISABLED (KANET_CATCHUP_COMM!=on) — historical backfill skipped by design, not fixed
[relay:stress-control-02] 2026-09-14T07:40:04.141Z [rpc] catch-up done: 0 handshakes accepted, 0 messages replied, DISABLED historical comms
[relay:stress-control-01] 2026-09-14T07:40:04.141Z [rpc] catch-up comm: DISABLED (KANET_CATCHUP_COMM!=on) — historical backfill skipped by design, not fixed
[relay:stress-control-01] 2026-09-14T07:40:04.141Z [rpc] catch-up done: 0 handshakes accepted, 0 messages replied, DISABLED historical comms
[relay:KANet-UI] 2026-09-14T07:40:04.143Z [rpc] node is synced
[relay:KANet-UI] 2026-09-14T07:40:04.144Z [rpc] subscribed to new blocks
[relay:KANet-UI] 2026-09-14T07:40:04.145Z [rpc] watching address: kaspa:qpf2f39dp869lf...7err0tz9
[relay:KANet-UI] 2026-09-14T07:40:04.145Z [rpc] protocol support: handshake, comm, payment
[relay:Qclaude] 2026-09-14T07:40:04.148Z [rpc] node is synced
[relay:stress-control-01] 9/14/2026, 14:40:04 UTXO SPLIT: skipped balance_too_low_for_split
[relay:Qclaude] 2026-09-14T07:40:04.149Z [rpc] subscribed to new blocks
[relay:Qclaude] 2026-09-14T07:40:04.149Z [rpc] watching address: kaspa:qruc370pkq0e9a...v3hd6efu
[relay:Qclaude] 2026-09-14T07:40:04.149Z [rpc] protocol support: handshake, comm, payment
[relay:stress-control-02] 9/14/2026, 14:40:04 UTXO SPLIT: skipped balance_too_low_for_split
[relay:Trader-A] 2026-09-14T07:40:04.158Z [rpc] node is synced
[relay:Trader-A] 2026-09-14T07:40:04.159Z [rpc] subscribed to new blocks
[relay:Trader-A] 2026-09-14T07:40:04.159Z [rpc] watching address: kaspa:qpsys3gzy4lg8t...a2cr843s
[relay:Trader-A] 2026-09-14T07:40:04.159Z [rpc] protocol support: handshake, comm, payment
[relay:J2] 9/14/2026, 14:40:04 UTXO SPLIT: skipped sufficient
[relay:Trader-M] 2026-09-14T07:40:04.166Z [rpc] node is synced
[relay:Bettor] 2026-09-14T07:40:04.165Z [rpc] node is synced
[relay:Trader-M] 2026-09-14T07:40:04.167Z [rpc] subscribed to new blocks
[relay:Trader-M] 2026-09-14T07:40:04.167Z [rpc] watching address: kaspa:qqndp3hcrce942...9z9xn7rh
[relay:Trader-M] 2026-09-14T07:40:04.167Z [rpc] protocol support: handshake, comm, payment
[relay:Bettor] 2026-09-14T07:40:04.166Z [rpc] subscribed to new blocks
[relay:Bettor] 2026-09-14T07:40:04.166Z [rpc] watching address: kaspa:qz60muet908mma...uhfkdtk8
[relay:Bettor] 2026-09-14T07:40:04.166Z [rpc] protocol support: handshake, comm, payment
[relay:J2] 2026-09-14T07:40:04.168Z [rpc] indexer: watching 16 addresses
[relay:J2] 2026-09-14T07:40:04.168Z [rpc] listening...
[relay:J2] 2026-09-14T07:40:04.169Z [rpc] catching up from Console DB...
[relay:Qclaude] 2026-09-14T07:40:04.171Z [rpc] indexer: watching 16 addresses
[relay:J2] 2026-09-14T07:40:04.171Z [rpc] catch-up comm: DISABLED (KANET_CATCHUP_COMM!=on) — historical backfill skipped by design, not fixed
[relay:J2] 2026-09-14T07:40:04.171Z [rpc] catch-up done: 0 handshakes accepted, 0 messages replied, DISABLED historical comms
[relay:Qclaude] 2026-09-14T07:40:04.171Z [rpc] listening...
[relay:Qclaude] 2026-09-14T07:40:04.172Z [rpc] catching up from Console DB...
[relay:Qclaude] 2026-09-14T07:40:04.174Z [rpc] catch-up comm: DISABLED (KANET_CATCHUP_COMM!=on) — historical backfill skipped by design, not fixed
[relay:Qclaude] 2026-09-14T07:40:04.174Z [rpc] catch-up done: 0 handshakes accepted, 0 messages replied, DISABLED historical comms
[relay:Trader-A] 2026-09-14T07:40:04.178Z [rpc] indexer: watching 16 addresses
[relay:Trader-A] 2026-09-14T07:40:04.178Z [rpc] listening...
[relay:Trader-A] 2026-09-14T07:40:04.178Z [rpc] catching up from Console DB...
[relay:KANet-UI] 2026-09-14T07:40:04.181Z [rpc] indexer: watching 16 addresses
[relay:KANet-UI] 2026-09-14T07:40:04.182Z [rpc] listening...
[relay:KANet-UI] 2026-09-14T07:40:04.182Z [rpc] catching up from Console DB...
[relay:Trader-A] 2026-09-14T07:40:04.182Z [rpc] catch-up comm: DISABLED (KANET_CATCHUP_COMM!=on) — historical backfill skipped by design, not fixed
[relay:Trader-A] 2026-09-14T07:40:04.182Z [rpc] catch-up done: 0 handshakes accepted, 0 messages replied, DISABLED historical comms
[utxo-splitter] KANet-UI: 5 → 4 UTXOs (fee: 0.012332 KAS)
[relay:KANet-UI] 9/14/2026, 14:40:04 UTXO SPLIT: 5→4
[relay:KANet-UI] 2026-09-14T07:40:04.186Z [rpc] catch-up comm: DISABLED (KANET_CATCHUP_COMM!=on) — historical backfill skipped by design, not fixed
[relay:KANet-UI] 2026-09-14T07:40:04.186Z [rpc] catch-up done: 0 handshakes accepted, 0 messages replied, DISABLED historical comms
[relay:Bettor] 2026-09-14T07:40:04.186Z [rpc] indexer: watching 16 addresses
[relay:Trader-M] 2026-09-14T07:40:04.187Z [rpc] indexer: watching 16 addresses
[relay:Bettor] 2026-09-14T07:40:04.186Z [rpc] listening...
[relay:Trader-M] 2026-09-14T07:40:04.188Z [rpc] listening...
[relay:Bettor] 2026-09-14T07:40:04.187Z [rpc] catching up from Console DB...
[relay:Trader-M] 2026-09-14T07:40:04.188Z [rpc] catching up from Console DB...
[relay:Bettor] 2026-09-14T07:40:04.189Z [rpc] catch-up comm: DISABLED (KANET_CATCHUP_COMM!=on) — historical backfill skipped by design, not fixed
[relay:Trader-M] 2026-09-14T07:40:04.191Z [rpc] catch-up comm: DISABLED (KANET_CATCHUP_COMM!=on) — historical backfill skipped by design, not fixed
[relay:Bettor] 2026-09-14T07:40:04.189Z [rpc] catch-up done: 0 handshakes accepted, 0 messages replied, DISABLED historical comms
[relay:Trader-M] 2026-09-14T07:40:04.191Z [rpc] catch-up done: 0 handshakes accepted, 0 messages replied, DISABLED historical comms
[utxo-splitter] Trader-A: 7 → 6 UTXOs (fee: 0.015392 KAS)
[relay:Trader-A] 9/14/2026, 14:40:04 UTXO SPLIT: 7→6
[relay:Qclaude] 9/14/2026, 14:40:04 UTXO SPLIT: skipped balance_too_low_for_split
[utxo-splitter] Trader-M: 4 → 3 UTXOs (fee: 0.010802 KAS)
[relay:Trader-M] 9/14/2026, 14:40:04 UTXO SPLIT: 4→3
[utxo-splitter] Bettor: 3 → 3 UTXOs (fee: 0.009684 KAS)
[utxo-splitter] 4/16 accounts split
[scanner:watchdog] started — liveness via scout_checkpoint freshness (check 45s, stall 120s)
[connection-manager] Refresh worker started (60s interval)
[seeder] Market seeder started (5min interval)
[seeder] seeder deposit watcher started (30s interval)
[seeder] seeder refund worker started (30s interval)
[pool-seeder] disabled (set POOL_SEEDER_ENABLED=1 to enable)
[broker] disabled (BROKER_ENABLED!=1)
[broker-reconcile] cron started, interval=15min, startup_grace=1h
[state-reconciler] start, tick=300000ms
[broker-fee-emit] cron start, tick=300000ms
[tx-landed-reconciler] started (tick 5 min, detect+alert only, landed columns backfill)
[spc-daa-index-monitor] cron start, tick=300000ms
[bshard-coherence-observability-monitor] cron start, tick=3600000ms, window=24h
[preprune-capture-worker] cron start, tick=60000ms (K-17)
[preprune-capture-monitor] cron start, tick=300000ms
[relay:Bettor] 9/14/2026, 14:40:04 UTXO SPLIT: 3→3
[relay:Bettor] 2026-09-14T07:40:04.270Z [rpc] block #1 (attempted: 0)
[relay:Trader-M] 2026-09-14T07:40:04.272Z [rpc] block #1 (attempted: 0)
[relay:Qclaude] 2026-09-14T07:40:04.272Z [rpc] block #1 (attempted: 0)
[relay:stress-user-07] 2026-09-14T07:40:04.272Z [rpc] block #1 (attempted: 0)
[relay:stress-user-05] 2026-09-14T07:40:04.271Z [rpc] block #1 (attempted: 0)
[relay:Trader-A] 2026-09-14T07:40:04.271Z [rpc] block #1 (attempted: 0)
[relay:stress-user-03] 2026-09-14T07:40:04.272Z [rpc] block #1 (attempted: 0)
[relay:stress-control-01] 2026-09-14T07:40:04.271Z [rpc] block #1 (attempted: 0)
[relay:stress-user-08] 2026-09-14T07:40:04.272Z [rpc] block #1 (attempted: 0)
[relay:stress-control-02] 2026-09-14T07:40:04.271Z [rpc] block #1 (attempted: 0)
[relay:stress-user-06] 2026-09-14T07:40:04.271Z [rpc] block #1 (attempted: 0)
[relay:KANet-UI] 2026-09-14T07:40:04.272Z [rpc] block #1 (attempted: 0)
[relay:J2] 2026-09-14T07:40:04.272Z [rpc] block #1 (attempted: 0)
[relay:stress-user-04] 2026-09-14T07:40:04.270Z [rpc] block #1 (attempted: 0)
[relay:stress-user-02] 2026-09-14T07:40:04.272Z [rpc] block #1 (attempted: 0)
[relay:stress-user-01] 2026-09-14T07:40:04.271Z [rpc] block #1 (attempted: 0)
[relay:Bettor] 2026-09-14T07:40:04.630Z [rpc] block #2 (attempted: 0)
[relay:stress-control-02] 2026-09-14T07:40:04.631Z [rpc] block #2 (attempted: 0)
[relay:stress-user-02] 2026-09-14T07:40:04.631Z [rpc] block #2 (attempted: 0)
[relay:stress-user-07] 2026-09-14T07:40:04.631Z [rpc] block #2 (attempted: 0)
[relay:stress-user-06] 2026-09-14T07:40:04.631Z [rpc] block #2 (attempted: 0)
[relay:stress-control-01] 2026-09-14T07:40:04.631Z [rpc] block #2 (attempted: 0)
[relay:J2] 2026-09-14T07:40:04.631Z [rpc] block #2 (attempted: 0)
[relay:stress-user-05] 2026-09-14T07:40:04.631Z [rpc] block #2 (attempted: 0)
[relay:stress-user-08] 2026-09-14T07:40:04.632Z [rpc] block #2 (attempted: 0)
[relay:stress-user-04] 2026-09-14T07:40:04.630Z [rpc] block #2 (attempted: 0)
[relay:stress-user-03] 2026-09-14T07:40:04.631Z [rpc] block #2 (attempted: 0)
[relay:Trader-A] 2026-09-14T07:40:04.631Z [rpc] block #2 (attempted: 0)
[relay:Qclaude] 2026-09-14T07:40:04.631Z [rpc] block #2 (attempted: 0)
[relay:stress-user-01] 2026-09-14T07:40:04.630Z [rpc] block #2 (attempted: 0)
[relay:KANet-UI] 2026-09-14T07:40:04.631Z [rpc] block #2 (attempted: 0)
[relay:Trader-M] 2026-09-14T07:40:04.631Z [rpc] block #2 (attempted: 0)
[relay:Trader-M] 2026-09-14T07:40:04.664Z [rpc] block #3 (attempted: 0)
[relay:stress-user-01] 2026-09-14T07:40:04.663Z [rpc] block #3 (attempted: 0)
[relay:stress-user-08] 2026-09-14T07:40:04.665Z [rpc] block #3 (attempted: 0)
[relay:Qclaude] 2026-09-14T07:40:04.664Z [rpc] block #3 (attempted: 0)
[relay:Trader-A] 2026-09-14T07:40:04.664Z [rpc] block #3 (attempted: 0)
[relay:KANet-UI] 2026-09-14T07:40:04.664Z [rpc] block #3 (attempted: 0)
[relay:stress-user-02] 2026-09-14T07:40:04.665Z [rpc] block #3 (attempted: 0)
[relay:stress-user-07] 2026-09-14T07:40:04.664Z [rpc] block #3 (attempted: 0)
[relay:stress-control-01] 2026-09-14T07:40:04.664Z [rpc] block #3 (attempted: 0)
[relay:stress-user-03] 2026-09-14T07:40:04.664Z [rpc] block #3 (attempted: 0)
[relay:Bettor] 2026-09-14T07:40:04.663Z [rpc] block #3 (attempted: 0)
[relay:stress-control-02] 2026-09-14T07:40:04.664Z [rpc] block #3 (attempted: 0)
[relay:stress-user-05] 2026-09-14T07:40:04.664Z [rpc] block #3 (attempted: 0)
[relay:stress-user-06] 2026-09-14T07:40:04.664Z [rpc] block #3 (attempted: 0)
[relay:stress-user-04] 2026-09-14T07:40:04.663Z [rpc] block #3 (attempted: 0)
[relay:J2] 2026-09-14T07:40:04.665Z [rpc] block #3 (attempted: 0)
[scavenger] FAILED: Spread syntax requires ...iterable[Symbol.iterator] to be a function
[diag:step] pair.scanAndIngestPairs ms=0 since_rowid=0 max_rowid=0 hits=0 at=2026-09-14T07:40:33.815Z
[diag:tick-duration] relayHealthMonitorTick ms=1 eligible=16 deadCount=0
[rpc-health] using local node: ws://127.0.0.1:17110
[diag:tick-duration] relayHotwalletMonitorTick ms=16 checked=16 killed=0
[diag:step] pair.scanAndIngestPairs ms=0 since_rowid=0 max_rowid=0 hits=0 at=2026-09-14T07:41:03.823Z
[auto-valve] tick: 0 open positions to evaluate
[auto-valve] tick done in 0ms: A=0 B=0 C=0 D=0
[diag:tick-duration] relayHealthMonitorTick ms=0 eligible=16 deadCount=0
[diag:step] pool.selectMarkets.all ms=0 rows=0 at=2026-09-14T07:41:04.015Z
[diag:tick-duration] poolSettlerTick ms=1
[diag:step] pool.tick.phases ms=1 pre=1 dw=0 select=0 post=0 rows=0 t0=2026-09-14T07:41:04.014Z at=2026-09-14T07:41:04.015Z
[diag:tick-duration] relayHotwalletMonitorTick ms=10 checked=16 killed=0
[price-monitor] Baseline: $0.033945
[diag:step] mind-manager.priceMonitor ms=212 sync=1 ok=1 at=2026-09-14T07:41:04.066Z
[relay:stress-user-02] 2026-09-14T07:41:04.090Z [rpc] catching up from Console DB...
[relay:stress-user-02] 2026-09-14T07:41:04.092Z [rpc] catch-up comm: DISABLED (KANET_CATCHUP_COMM!=on) — historical backfill skipped by design, not fixed
[relay:stress-user-02] 2026-09-14T07:41:04.092Z [rpc] catch-up done: 0 handshakes accepted, 0 messages replied, DISABLED historical comms
[relay:stress-user-04] 2026-09-14T07:41:04.106Z [rpc] catching up from Console DB...
[relay:stress-user-01] 2026-09-14T07:41:04.106Z [rpc] catching up from Console DB...
[relay:stress-user-07] 2026-09-14T07:41:04.106Z [rpc] catching up from Console DB...
[relay:stress-user-03] 2026-09-14T07:41:04.106Z [rpc] catching up from Console DB...
[relay:stress-user-06] 2026-09-14T07:41:04.110Z [rpc] catching up from Console DB...
[relay:stress-user-04] 2026-09-14T07:41:04.111Z [rpc] catch-up comm: DISABLED (KANET_CATCHUP_COMM!=on) — historical backfill skipped by design, not fixed
[relay:stress-user-04] 2026-09-14T07:41:04.111Z [rpc] catch-up done: 0 handshakes accepted, 0 messages replied, DISABLED historical comms
[relay:stress-user-01] 2026-09-14T07:41:04.111Z [rpc] catch-up comm: DISABLED (KANET_CATCHUP_COMM!=on) — historical backfill skipped by design, not fixed
[relay:stress-user-01] 2026-09-14T07:41:04.112Z [rpc] catch-up done: 0 handshakes accepted, 0 messages replied, DISABLED historical comms
[relay:stress-user-07] 2026-09-14T07:41:04.112Z [rpc] catch-up comm: DISABLED (KANET_CATCHUP_COMM!=on) — historical backfill skipped by design, not fixed
[relay:stress-user-07] 2026-09-14T07:41:04.112Z [rpc] catch-up done: 0 handshakes accepted, 0 messages replied, DISABLED historical comms
[relay:stress-user-03] 2026-09-14T07:41:04.112Z [rpc] catch-up comm: DISABLED (KANET_CATCHUP_COMM!=on) — historical backfill skipped by design, not fixed
[relay:stress-user-03] 2026-09-14T07:41:04.112Z [rpc] catch-up done: 0 handshakes accepted, 0 messages replied, DISABLED historical comms
[relay:stress-user-06] 2026-09-14T07:41:04.113Z [rpc] catch-up comm: DISABLED (KANET_CATCHUP_COMM!=on) — historical backfill skipped by design, not fixed
[relay:stress-user-06] 2026-09-14T07:41:04.113Z [rpc] catch-up done: 0 handshakes accepted, 0 messages replied, DISABLED historical comms
[relay:stress-user-05] 2026-09-14T07:41:04.123Z [rpc] catching up from Console DB...
[relay:stress-user-05] 2026-09-14T07:41:04.124Z [rpc] catch-up comm: DISABLED (KANET_CATCHUP_COMM!=on) — historical backfill skipped by design, not fixed
[relay:stress-user-05] 2026-09-14T07:41:04.124Z [rpc] catch-up done: 0 handshakes accepted, 0 messages replied, DISABLED historical comms
[relay:stress-user-08] 2026-09-14T07:41:04.138Z [rpc] catching up from Console DB...
[relay:stress-user-08] 2026-09-14T07:41:04.141Z [rpc] catch-up comm: DISABLED (KANET_CATCHUP_COMM!=on) — historical backfill skipped by design, not fixed
[relay:stress-user-08] 2026-09-14T07:41:04.141Z [rpc] catch-up done: 0 handshakes accepted, 0 messages replied, DISABLED historical comms
[relay:stress-control-01] 2026-09-14T07:41:04.151Z [rpc] catching up from Console DB...
[relay:stress-control-02] 2026-09-14T07:41:04.152Z [rpc] catching up from Console DB...
[relay:stress-control-01] 2026-09-14T07:41:04.153Z [rpc] catch-up comm: DISABLED (KANET_CATCHUP_COMM!=on) — historical backfill skipped by design, not fixed
[relay:stress-control-02] 2026-09-14T07:41:04.154Z [rpc] catch-up comm: DISABLED (KANET_CATCHUP_COMM!=on) — historical backfill skipped by design, not fixed
[relay:stress-control-02] 2026-09-14T07:41:04.154Z [rpc] catch-up done: 0 handshakes accepted, 0 messages replied, DISABLED historical comms
[relay:stress-control-01] 2026-09-14T07:41:04.153Z [rpc] catch-up done: 0 handshakes accepted, 0 messages replied, DISABLED historical comms
[relay:J2] 2026-09-14T07:41:04.180Z [rpc] catching up from Console DB...
[relay:Qclaude] 2026-09-14T07:41:04.178Z [rpc] catching up from Console DB...
[relay:Trader-A] 2026-09-14T07:41:04.179Z [rpc] catching up from Console DB...
[relay:J2] 2026-09-14T07:41:04.183Z [rpc] catch-up comm: DISABLED (KANET_CATCHUP_COMM!=on) — historical backfill skipped by design, not fixed
[relay:J2] 2026-09-14T07:41:04.183Z [rpc] catch-up done: 0 handshakes accepted, 0 messages replied, DISABLED historical comms
[relay:Qclaude] 2026-09-14T07:41:04.181Z [rpc] catch-up comm: DISABLED (KANET_CATCHUP_COMM!=on) — historical backfill skipped by design, not fixed
[relay:Qclaude] 2026-09-14T07:41:04.181Z [rpc] catch-up done: 0 handshakes accepted, 0 messages replied, DISABLED historical comms
[relay:Trader-A] 2026-09-14T07:41:04.182Z [rpc] catch-up comm: DISABLED (KANET_CATCHUP_COMM!=on) — historical backfill skipped by design, not fixed
[relay:Trader-A] 2026-09-14T07:41:04.182Z [rpc] catch-up done: 0 handshakes accepted, 0 messages replied, DISABLED historical comms
[relay:KANet-UI] 2026-09-14T07:41:04.196Z [rpc] catching up from Console DB...
[relay:Trader-M] 2026-09-14T07:41:04.201Z [rpc] catching up from Console DB...
[relay:Bettor] 2026-09-14T07:41:04.201Z [rpc] catching up from Console DB...
[relay:KANet-UI] 2026-09-14T07:41:04.199Z [rpc] catch-up comm: DISABLED (KANET_CATCHUP_COMM!=on) — historical backfill skipped by design, not fixed
[relay:KANet-UI] 2026-09-14T07:41:04.199Z [rpc] catch-up done: 0 handshakes accepted, 0 messages replied, DISABLED historical comms
[relay:Bettor] 2026-09-14T07:41:04.204Z [rpc] catch-up comm: DISABLED (KANET_CATCHUP_COMM!=on) — historical backfill skipped by design, not fixed
[relay:Bettor] 2026-09-14T07:41:04.204Z [rpc] catch-up done: 0 handshakes accepted, 0 messages replied, DISABLED historical comms
[relay:Trader-M] 2026-09-14T07:41:04.204Z [rpc] catch-up comm: DISABLED (KANET_CATCHUP_COMM!=on) — historical backfill skipped by design, not fixed
[relay:Trader-M] 2026-09-14T07:41:04.205Z [rpc] catch-up done: 0 handshakes accepted, 0 messages replied, DISABLED historical comms
[diag:heap-sample] at=2026-09-14T07:41:04.626Z heapUsed=50MB heapTotal=55MB rss=132MB external=9MB arrayBuffers=1MB wasmBytes=3.9MB utxoFetchCalls=0
[diag:step] pair.scanAndIngestPairs ms=0 since_rowid=0 max_rowid=0 hits=0 at=2026-09-14T07:41:33.826Z
[diag:tick-duration] relayHealthMonitorTick ms=0 eligible=16 deadCount=0
[diag:tick-duration] relayHotwalletMonitorTick ms=5 checked=16 killed=0
[diag:tick-duration] relayHealthMonitorTick ms=1 eligible=16 deadCount=0
[diag:tick-duration] relayHotwalletMonitorTick ms=5 checked=16 killed=0
[relay:stress-user-04] 2026-09-14T07:41:35.886Z [rpc] block #1000 (attempted: 0)
[relay:J2] 2026-09-14T07:41:35.885Z [rpc] block #1000 (attempted: 0)
[relay:stress-user-03] 2026-09-14T07:41:35.885Z [rpc] block #1000 (attempted: 0)
[relay:KANet-UI] 2026-09-14T07:41:35.882Z [rpc] block #1000 (attempted: 0)
[relay:Trader-M] 2026-09-14T07:41:35.885Z [rpc] block #1000 (attempted: 0)
[relay:Bettor] 2026-09-14T07:41:35.885Z [rpc] block #1000 (attempted: 0)
[relay:stress-user-05] 2026-09-14T07:41:35.886Z [rpc] block #1000 (attempted: 0)
[relay:Trader-A] 2026-09-14T07:41:35.882Z [rpc] block #1000 (attempted: 0)
[relay:stress-user-01] 2026-09-14T07:41:35.886Z [rpc] block #1000 (attempted: 0)
[relay:stress-user-06] 2026-09-14T07:41:35.886Z [rpc] block #1000 (attempted: 0)
[relay:Qclaude] 2026-09-14T07:41:35.882Z [rpc] block #1000 (attempted: 0)
[relay:stress-user-02] 2026-09-14T07:41:35.886Z [rpc] block #1000 (attempted: 0)
[relay:stress-control-02] 2026-09-14T07:41:35.886Z [rpc] block #1000 (attempted: 0)
[relay:stress-user-08] 2026-09-14T07:41:35.886Z [rpc] block #1000 (attempted: 0)
[relay:stress-control-01] 2026-09-14T07:41:35.885Z [rpc] block #1000 (attempted: 0)
[relay:stress-user-07] 2026-09-14T07:41:35.886Z [rpc] block #1000 (attempted: 0)
[diag:step] pair.scanAndIngestPairs ms=1 since_rowid=0 max_rowid=0 hits=0 at=2026-09-14T07:42:03.831Z
[diag:step] mind-manager.priceMonitor ms=92 sync=1 ok=1 at=2026-09-14T07:42:03.954Z
[oracle-renewal] tick: currentDaa=539513697 no renewals needed (closest_expiry_in=N/A DAA)
[diag:tick-duration] relayHealthMonitorTick ms=0 eligible=16 deadCount=0
[diag:tick-duration] relayHotwalletMonitorTick ms=4 checked=16 killed=0
[relay:stress-user-02] 2026-09-14T07:42:04.096Z [rpc] catching up from Console DB...
[relay:stress-user-02] 2026-09-14T07:42:04.098Z [rpc] catch-up comm: DISABLED (KANET_CATCHUP_COMM!=on) — historical backfill skipped by design, not fixed
[relay:stress-user-02] 2026-09-14T07:42:04.098Z [rpc] catch-up done: 0 handshakes accepted, 0 messages replied, DISABLED historical comms
[relay:stress-user-06] 2026-09-14T07:42:04.111Z [rpc] catching up from Console DB...
[relay:stress-user-01] 2026-09-14T07:42:04.111Z [rpc] catching up from Console DB...
[relay:stress-user-07] 2026-09-14T07:42:04.111Z [rpc] catching up from Console DB...
[relay:stress-user-03] 2026-09-14T07:42:04.111Z [rpc] catching up from Console DB...
[relay:stress-user-04] 2026-09-14T07:42:04.111Z [rpc] catching up from Console DB...
[relay:stress-user-06] 2026-09-14T07:42:04.115Z [rpc] catch-up comm: DISABLED (KANET_CATCHUP_COMM!=on) — historical backfill skipped by design, not fixed
[relay:stress-user-06] 2026-09-14T07:42:04.115Z [rpc] catch-up done: 0 handshakes accepted, 0 messages replied, DISABLED historical comms
[relay:stress-user-01] 2026-09-14T07:42:04.115Z [rpc] catch-up comm: DISABLED (KANET_CATCHUP_COMM!=on) — historical backfill skipped by design, not fixed
[relay:stress-user-01] 2026-09-14T07:42:04.115Z [rpc] catch-up done: 0 handshakes accepted, 0 messages replied, DISABLED historical comms
[relay:stress-user-07] 2026-09-14T07:42:04.115Z [rpc] catch-up comm: DISABLED (KANET_CATCHUP_COMM!=on) — historical backfill skipped by design, not fixed
[relay:stress-user-07] 2026-09-14T07:42:04.115Z [rpc] catch-up done: 0 handshakes accepted, 0 messages replied, DISABLED historical comms
[relay:stress-user-03] 2026-09-14T07:42:04.116Z [rpc] catch-up comm: DISABLED (KANET_CATCHUP_COMM!=on) — historical backfill skipped by design, not fixed
[relay:stress-user-03] 2026-09-14T07:42:04.116Z [rpc] catch-up done: 0 handshakes accepted, 0 messages replied, DISABLED historical comms
[relay:stress-user-04] 2026-09-14T07:42:04.116Z [rpc] catch-up comm: DISABLED (KANET_CATCHUP_COMM!=on) — historical backfill skipped by design, not fixed
[relay:stress-user-04] 2026-09-14T07:42:04.116Z [rpc] catch-up done: 0 handshakes accepted, 0 messages replied, DISABLED historical comms
[relay:stress-user-05] 2026-09-14T07:42:04.128Z [rpc] catching up from Console DB...
[relay:stress-user-05] 2026-09-14T07:42:04.129Z [rpc] catch-up comm: DISABLED (KANET_CATCHUP_COMM!=on) — historical backfill skipped by design, not fixed
[relay:stress-user-05] 2026-09-14T07:42:04.129Z [rpc] catch-up done: 0 handshakes accepted, 0 messages replied, DISABLED historical comms
[relay:stress-user-08] 2026-09-14T07:42:04.143Z [rpc] catching up from Console DB...
[relay:stress-user-08] 2026-09-14T07:42:04.145Z [rpc] catch-up comm: DISABLED (KANET_CATCHUP_COMM!=on) — historical backfill skipped by design, not fixed
[relay:stress-user-08] 2026-09-14T07:42:04.145Z [rpc] catch-up done: 0 handshakes accepted, 0 messages replied, DISABLED historical comms
[relay:stress-control-01] 2026-09-14T07:42:04.158Z [rpc] catching up from Console DB...
[relay:stress-control-02] 2026-09-14T07:42:04.158Z [rpc] catching up from Console DB...
[relay:stress-control-01] 2026-09-14T07:42:04.160Z [rpc] catch-up comm: DISABLED (KANET_CATCHUP_COMM!=on) — historical backfill skipped by design, not fixed
[relay:stress-control-01] 2026-09-14T07:42:04.160Z [rpc] catch-up done: 0 handshakes accepted, 0 messages replied, DISABLED historical comms
[relay:stress-control-02] 2026-09-14T07:42:04.160Z [rpc] catch-up comm: DISABLED (KANET_CATCHUP_COMM!=on) — historical backfill skipped by design, not fixed
[relay:stress-control-02] 2026-09-14T07:42:04.160Z [rpc] catch-up done: 0 handshakes accepted, 0 messages replied, DISABLED historical comms
[relay:J2] 2026-09-14T07:42:04.189Z [rpc] catching up from Console DB...
[relay:Qclaude] 2026-09-14T07:42:04.190Z [rpc] catching up from Console DB...
[relay:Trader-A] 2026-09-14T07:42:04.190Z [rpc] catching up from Console DB...
[relay:J2] 2026-09-14T07:42:04.193Z [rpc] catch-up comm: DISABLED (KANET_CATCHUP_COMM!=on) — historical backfill skipped by design, not fixed
[relay:J2] 2026-09-14T07:42:04.193Z [rpc] catch-up done: 0 handshakes accepted, 0 messages replied, DISABLED historical comms
[relay:Qclaude] 2026-09-14T07:42:04.193Z [rpc] catch-up comm: DISABLED (KANET_CATCHUP_COMM!=on) — historical backfill skipped by design, not fixed
[relay:Qclaude] 2026-09-14T07:42:04.193Z [rpc] catch-up done: 0 handshakes accepted, 0 messages replied, DISABLED historical comms
[relay:Trader-A] 2026-09-14T07:42:04.193Z [rpc] catch-up comm: DISABLED (KANET_CATCHUP_COMM!=on) — historical backfill skipped by design, not fixed
[relay:Trader-A] 2026-09-14T07:42:04.194Z [rpc] catch-up done: 0 handshakes accepted, 0 messages replied, DISABLED historical comms
[relay:KANet-UI] 2026-09-14T07:42:04.205Z [rpc] catching up from Console DB...
[relay:Trader-M] 2026-09-14T07:42:04.206Z [rpc] catching up from Console DB...
[relay:Bettor] 2026-09-14T07:42:04.206Z [rpc] catching up from Console DB...
[relay:KANet-UI] 2026-09-14T07:42:04.209Z [rpc] catch-up comm: DISABLED (KANET_CATCHUP_COMM!=on) — historical backfill skipped by design, not fixed
[relay:KANet-UI] 2026-09-14T07:42:04.209Z [rpc] catch-up done: 0 handshakes accepted, 0 messages replied, DISABLED historical comms
[relay:Trader-M] 2026-09-14T07:42:04.209Z [rpc] catch-up comm: DISABLED (KANET_CATCHUP_COMM!=on) — historical backfill skipped by design, not fixed
[relay:Trader-M] 2026-09-14T07:42:04.209Z [rpc] catch-up done: 0 handshakes accepted, 0 messages replied, DISABLED historical comms
[relay:Bettor] 2026-09-14T07:42:04.209Z [rpc] catch-up comm: DISABLED (KANET_CATCHUP_COMM!=on) — historical backfill skipped by design, not fixed
[relay:Bettor] 2026-09-14T07:42:04.209Z [rpc] catch-up done: 0 handshakes accepted, 0 messages replied, DISABLED historical comms
[diag:heap-sample] at=2026-09-14T07:42:05.117Z heapUsed=50MB heapTotal=53MB rss=134MB external=9MB arrayBuffers=1MB wasmBytes=3.9MB utxoFetchCalls=0
[diag:step] pair.scanAndIngestPairs ms=0 since_rowid=0 max_rowid=0 hits=0 at=2026-09-14T07:42:33.845Z
[diag:tick-duration] relayHealthMonitorTick ms=0 eligible=16 deadCount=0
[diag:tick-duration] relayHotwalletMonitorTick ms=5 checked=16 killed=0
[diag:step] pair.scanAndIngestPairs ms=0 since_rowid=0 max_rowid=0 hits=0 at=2026-09-14T07:43:03.850Z
[diag:step] mind-manager.priceMonitor ms=89 sync=1 ok=1 at=2026-09-14T07:43:03.954Z
[diag:tick-duration] relayHealthMonitorTick ms=0 eligible=16 deadCount=0
[diag:tick-duration] relayHotwalletMonitorTick ms=6 checked=16 killed=0
[relay:stress-user-02] 2026-09-14T07:43:04.101Z [rpc] catching up from Console DB...
[relay:stress-user-02] 2026-09-14T07:43:04.103Z [rpc] catch-up comm: DISABLED (KANET_CATCHUP_COMM!=on) — historical backfill skipped by design, not fixed
[relay:stress-user-02] 2026-09-14T07:43:04.103Z [rpc] catch-up done: 0 handshakes accepted, 0 messages replied, DISABLED historical comms
[relay:stress-user-07] 2026-09-14T07:43:04.117Z [rpc] catching up from Console DB...
[relay:stress-user-01] 2026-09-14T07:43:04.118Z [rpc] catching up from Console DB...
[relay:stress-user-04] 2026-09-14T07:43:04.118Z [rpc] catching up from Console DB...
[relay:stress-user-03] 2026-09-14T07:43:04.118Z [rpc] catching up from Console DB...
[relay:stress-user-06] 2026-09-14T07:43:04.118Z [rpc] catching up from Console DB...
[relay:stress-user-07] 2026-09-14T07:43:04.123Z [rpc] catch-up comm: DISABLED (KANET_CATCHUP_COMM!=on) — historical backfill skipped by design, not fixed
[relay:stress-user-07] 2026-09-14T07:43:04.123Z [rpc] catch-up done: 0 handshakes accepted, 0 messages replied, DISABLED historical comms
[relay:stress-user-01] 2026-09-14T07:43:04.124Z [rpc] catch-up comm: DISABLED (KANET_CATCHUP_COMM!=on) — historical backfill skipped by design, not fixed
[relay:stress-user-01] 2026-09-14T07:43:04.124Z [rpc] catch-up done: 0 handshakes accepted, 0 messages replied, DISABLED historical comms
[relay:stress-user-04] 2026-09-14T07:43:04.124Z [rpc] catch-up comm: DISABLED (KANET_CATCHUP_COMM!=on) — historical backfill skipped by design, not fixed
[relay:stress-user-04] 2026-09-14T07:43:04.124Z [rpc] catch-up done: 0 handshakes accepted, 0 messages replied, DISABLED historical comms
[relay:stress-user-03] 2026-09-14T07:43:04.124Z [rpc] catch-up comm: DISABLED (KANET_CATCHUP_COMM!=on) — historical backfill skipped by design, not fixed
[relay:stress-user-03] 2026-09-14T07:43:04.124Z [rpc] catch-up done: 0 handshakes accepted, 0 messages replied, DISABLED historical comms
[relay:stress-user-06] 2026-09-14T07:43:04.124Z [rpc] catch-up comm: DISABLED (KANET_CATCHUP_COMM!=on) — historical backfill skipped by design, not fixed
[relay:stress-user-06] 2026-09-14T07:43:04.124Z [rpc] catch-up done: 0 handshakes accepted, 0 messages replied, DISABLED historical comms
[relay:stress-user-05] 2026-09-14T07:43:04.133Z [rpc] catching up from Console DB...
[relay:stress-user-05] 2026-09-14T07:43:04.135Z [rpc] catch-up comm: DISABLED (KANET_CATCHUP_COMM!=on) — historical backfill skipped by design, not fixed
[relay:stress-user-05] 2026-09-14T07:43:04.135Z [rpc] catch-up done: 0 handshakes accepted, 0 messages replied, DISABLED historical comms
[relay:stress-user-08] 2026-09-14T07:43:04.149Z [rpc] catching up from Console DB...
[relay:stress-user-08] 2026-09-14T07:43:04.151Z [rpc] catch-up comm: DISABLED (KANET_CATCHUP_COMM!=on) — historical backfill skipped by design, not fixed
[relay:stress-user-08] 2026-09-14T07:43:04.151Z [rpc] catch-up done: 0 handshakes accepted, 0 messages replied, DISABLED historical comms
[relay:stress-control-02] 2026-09-14T07:43:04.164Z [rpc] catching up from Console DB...
[relay:stress-control-01] 2026-09-14T07:43:04.164Z [rpc] catching up from Console DB...
[relay:stress-control-02] 2026-09-14T07:43:04.167Z [rpc] catch-up comm: DISABLED (KANET_CATCHUP_COMM!=on) — historical backfill skipped by design, not fixed
[relay:stress-control-02] 2026-09-14T07:43:04.167Z [rpc] catch-up done: 0 handshakes accepted, 0 messages replied, DISABLED historical comms
[relay:stress-control-01] 2026-09-14T07:43:04.167Z [rpc] catch-up comm: DISABLED (KANET_CATCHUP_COMM!=on) — historical backfill skipped by design, not fixed
[relay:stress-control-01] 2026-09-14T07:43:04.168Z [rpc] catch-up done: 0 handshakes accepted, 0 messages replied, DISABLED historical comms
[self-healing] stressuser01 silent repair: trigger_reflection
[self-healing] stressuser01 EMERGENCY repair: trigger_reflection, restart_adapter
[mind-event] stress-user-01 health_red: Emergency repair: adapter
[self-healing] stressuser02 silent repair: trigger_reflection
[self-healing] stressuser02 EMERGENCY repair: trigger_reflection, restart_adapter
[mind-event] stress-user-02 health_red: Emergency repair: adapter
[self-healing] stressuser03 silent repair: trigger_reflection
[self-healing] stressuser03 EMERGENCY repair: trigger_reflection, restart_adapter
[mind-event] stress-user-03 health_red: Emergency repair: adapter
[self-healing] stressuser04 silent repair: trigger_reflection
[self-healing] stressuser04 EMERGENCY repair: trigger_reflection, restart_adapter
[mind-event] stress-user-04 health_red: Emergency repair: adapter
[self-healing] stressuser05 silent repair: trigger_reflection
[self-healing] stressuser05 EMERGENCY repair: trigger_reflection, restart_adapter
[mind-event] stress-user-05 health_red: Emergency repair: adapter
[self-healing] stressuser06 silent repair: trigger_reflection
[self-healing] stressuser06 EMERGENCY repair: trigger_reflection, restart_adapter
[mind-event] stress-user-06 health_red: Emergency repair: adapter
[self-healing] stressuser07 silent repair: trigger_reflection
[self-healing] stressuser07 EMERGENCY repair: trigger_reflection, restart_adapter
[mind-event] stress-user-07 health_red: Emergency repair: adapter
[self-healing] stressuser08 silent repair: trigger_reflection
[self-healing] stressuser08 EMERGENCY repair: trigger_reflection, restart_adapter
[mind-event] stress-user-08 health_red: Emergency repair: adapter
[self-healing] stresscontrol01 silent repair: trigger_reflection
[self-healing] stresscontrol01 EMERGENCY repair: trigger_reflection, restart_adapter
[mind-event] stress-control-01 health_red: Emergency repair: adapter
[self-healing] stresscontrol02 silent repair: trigger_reflection
[self-healing] stresscontrol02 EMERGENCY repair: trigger_reflection, restart_adapter
[mind-event] stress-control-02 health_red: Emergency repair: adapter
[self-healing] j2 silent repair: trigger_reflection
[self-healing] j2 EMERGENCY repair: trigger_reflection, restart_adapter
[mind-event] J2 health_red: Emergency repair: adapter
[self-healing] kanetui silent repair: trigger_reflection
[self-healing] kanetui EMERGENCY repair: trigger_reflection, restart_adapter
[mind-event] KANet-UI health_red: Emergency repair: adapter
[self-healing] tradera silent repair: trigger_reflection
[self-healing] tradera EMERGENCY repair: trigger_reflection, restart_adapter
[mind-event] Trader-A health_red: Emergency repair: adapter
[self-healing] qclaude silent repair: trigger_reflection
[self-healing] qclaude EMERGENCY repair: trigger_reflection, restart_adapter
[mind-event] Qclaude health_red: Emergency repair: adapter
[self-healing] traderm silent repair: trigger_reflection
[self-healing] traderm EMERGENCY repair: trigger_reflection, restart_adapter
[mind-event] Trader-M health_red: Emergency repair: adapter
[self-healing] bettor silent repair: trigger_reflection
[self-healing] bettor EMERGENCY repair: trigger_reflection, restart_adapter
[mind-event] Bettor health_red: Emergency repair: adapter
[mind-event] stress-user-02 health_peer_alert: [健康告警] stress-user-01 状态异常 (adapter)，建议检查。
[self-healing] stressuser02 notified Owner about stress-user-01 (adapter)
[mind-event] stress-user-01 health_peer_alert: [健康告警] stress-user-02 状态异常 (adapter)，建议检查。
[self-healing] stressuser01 notified Owner about stress-user-02 (adapter)
[mind-event] stress-user-01 health_peer_alert: [健康告警] stress-user-03 状态异常 (adapter)，建议检查。
[self-healing] stressuser01 notified Owner about stress-user-03 (adapter)
[mind-event] stress-user-01 health_peer_alert: [健康告警] stress-user-04 状态异常 (adapter)，建议检查。
[self-healing] stressuser01 notified Owner about stress-user-04 (adapter)
[mind-event] stress-user-01 health_peer_alert: [健康告警] stress-user-05 状态异常 (adapter)，建议检查。
[self-healing] stressuser01 notified Owner about stress-user-05 (adapter)
[mind-event] stress-user-01 health_peer_alert: [健康告警] stress-user-06 状态异常 (adapter)，建议检查。
[self-healing] stressuser01 notified Owner about stress-user-06 (adapter)
[mind-event] stress-user-01 health_peer_alert: [健康告警] stress-user-07 状态异常 (adapter)，建议检查。
[self-healing] stressuser01 notified Owner about stress-user-07 (adapter)
[mind-event] stress-user-01 health_peer_alert: [健康告警] stress-user-08 状态异常 (adapter)，建议检查。
[self-healing] stressuser01 notified Owner about stress-user-08 (adapter)
[mind-event] stress-user-01 health_peer_alert: [健康告警] stress-control-01 状态异常 (adapter)，建议检查。
[self-healing] stressuser01 notified Owner about stress-control-01 (adapter)
[mind-event] stress-user-01 health_peer_alert: [健康告警] stress-control-02 状态异常 (adapter)，建议检查。
[self-healing] stressuser01 notified Owner about stress-control-02 (adapter)
[mind-event] stress-user-01 health_peer_alert: [健康告警] J2 状态异常 (adapter)，建议检查。
[self-healing] stressuser01 notified Owner about J2 (adapter)
[mind-event] stress-user-01 health_peer_alert: [健康告警] KANet-UI 状态异常 (adapter)，建议检查。
[self-healing] stressuser01 notified Owner about KANet-UI (adapter)
[mind-event] stress-user-01 health_peer_alert: [健康告警] Trader-A 状态异常 (adapter)，建议检查。
[self-healing] stressuser01 notified Owner about Trader-A (adapter)
[mind-event] stress-user-01 health_peer_alert: [健康告警] Qclaude 状态异常 (adapter)，建议检查。
[self-healing] stressuser01 notified Owner about Qclaude (adapter)
[mind-event] stress-user-01 health_peer_alert: [健康告警] Trader-M 状态异常 (adapter)，建议检查。
[self-healing] stressuser01 notified Owner about Trader-M (adapter)
[mind-event] stress-user-01 health_peer_alert: [健康告警] Bettor 状态异常 (adapter)，建议检查。
[self-healing] stressuser01 notified Owner about Bettor (adapter)
[relay:J2] 2026-09-14T07:43:04.195Z [rpc] catching up from Console DB...
[relay:Trader-A] 2026-09-14T07:43:04.196Z [rpc] catching up from Console DB...
[relay:Qclaude] 2026-09-14T07:43:04.196Z [rpc] catching up from Console DB...
[relay:J2] 2026-09-14T07:43:04.199Z [rpc] catch-up comm: DISABLED (KANET_CATCHUP_COMM!=on) — historical backfill skipped by design, not fixed
[relay:J2] 2026-09-14T07:43:04.199Z [rpc] catch-up done: 0 handshakes accepted, 0 messages replied, DISABLED historical comms
[relay:Trader-A] 2026-09-14T07:43:04.199Z [rpc] catch-up comm: DISABLED (KANET_CATCHUP_COMM!=on) — historical backfill skipped by design, not fixed
[relay:Trader-A] 2026-09-14T07:43:04.199Z [rpc] catch-up done: 0 handshakes accepted, 0 messages replied, DISABLED historical comms
[relay:Qclaude] 2026-09-14T07:43:04.199Z [rpc] catch-up comm: DISABLED (KANET_CATCHUP_COMM!=on) — historical backfill skipped by design, not fixed
[relay:Qclaude] 2026-09-14T07:43:04.199Z [rpc] catch-up done: 0 handshakes accepted, 0 messages replied, DISABLED historical comms
[relay:KANet-UI] 2026-09-14T07:43:04.211Z [rpc] catching up from Console DB...
[relay:Trader-M] 2026-09-14T07:43:04.211Z [rpc] catching up from Console DB...
[relay:Bettor] 2026-09-14T07:43:04.212Z [rpc] catching up from Console DB...
[relay:KANet-UI] 2026-09-14T07:43:04.214Z [rpc] catch-up comm: DISABLED (KANET_CATCHUP_COMM!=on) — historical backfill skipped by design, not fixed
[relay:KANet-UI] 2026-09-14T07:43:04.214Z [rpc] catch-up done: 0 handshakes accepted, 0 messages replied, DISABLED historical comms
[relay:Trader-M] 2026-09-14T07:43:04.214Z [rpc] catch-up comm: DISABLED (KANET_CATCHUP_COMM!=on) — historical backfill skipped by design, not fixed
[relay:Trader-M] 2026-09-14T07:43:04.214Z [rpc] catch-up done: 0 handshakes accepted, 0 messages replied, DISABLED historical comms
[relay:Bettor] 2026-09-14T07:43:04.215Z [rpc] catch-up comm: DISABLED (KANET_CATCHUP_COMM!=on) — historical backfill skipped by design, not fixed
[relay:Bettor] 2026-09-14T07:43:04.215Z [rpc] catch-up done: 0 handshakes accepted, 0 messages replied, DISABLED historical comms
[diag:heap-sample] at=2026-09-14T07:43:05.511Z heapUsed=51MB heapTotal=55MB rss=134MB external=9MB arrayBuffers=1MB wasmBytes=3.9MB utxoFetchCalls=0
[relay:Trader-A] 2026-09-14T07:43:08.319Z [rpc] block #2000 (attempted: 0)
[relay:stress-user-01] 2026-09-14T07:43:08.320Z [rpc] block #2000 (attempted: 0)
[relay:Qclaude] 2026-09-14T07:43:08.319Z [rpc] block #2000 (attempted: 0)
[relay:stress-control-02] 2026-09-14T07:43:08.319Z [rpc] block #2000 (attempted: 0)
[relay:stress-user-08] 2026-09-14T07:43:08.319Z [rpc] block #2000 (attempted: 0)
[relay:stress-user-06] 2026-09-14T07:43:08.320Z [rpc] block #2000 (attempted: 0)
[relay:KANet-UI] 2026-09-14T07:43:08.319Z [rpc] block #2000 (attempted: 0)
[relay:stress-user-02] 2026-09-14T07:43:08.319Z [rpc] block #2000 (attempted: 0)
[relay:J2] 2026-09-14T07:43:08.319Z [rpc] block #2000 (attempted: 0)
[relay:Bettor] 2026-09-14T07:43:08.320Z [rpc] block #2000 (attempted: 0)
[relay:stress-user-03] 2026-09-14T07:43:08.320Z [rpc] block #2000 (attempted: 0)
[relay:stress-user-04] 2026-09-14T07:43:08.320Z [rpc] block #2000 (attempted: 0)
[relay:stress-user-05] 2026-09-14T07:43:08.319Z [rpc] block #2000 (attempted: 0)
[relay:stress-user-07] 2026-09-14T07:43:08.319Z [rpc] block #2000 (attempted: 0)
[relay:stress-control-01] 2026-09-14T07:43:08.319Z [rpc] block #2000 (attempted: 0)
[relay:Trader-M] 2026-09-14T07:43:08.319Z [rpc] block #2000 (attempted: 0)
[diag:step] pair.scanAndIngestPairs ms=1 since_rowid=0 max_rowid=0 hits=0 at=2026-09-14T07:43:33.856Z
[diag:tick-duration] relayHealthMonitorTick ms=0 eligible=16 deadCount=0
[diag:tick-duration] relayHotwalletMonitorTick ms=5 checked=16 killed=0
[diag:step] pair.scanAndIngestPairs ms=0 since_rowid=0 max_rowid=0 hits=0 at=2026-09-14T07:44:03.859Z
[diag:step] mind-manager.priceMonitor ms=170 sync=1 ok=1 at=2026-09-14T07:44:04.044Z
[diag:tick-duration] relayHealthMonitorTick ms=1 eligible=16 deadCount=0
[diag:tick-duration] relayHotwalletMonitorTick ms=5 checked=16 killed=0
[relay:stress-user-02] 2026-09-14T07:44:04.109Z [rpc] catching up from Console DB...
[relay:stress-user-02] 2026-09-14T07:44:04.112Z [rpc] catch-up comm: DISABLED (KANET_CATCHUP_COMM!=on) — historical backfill skipped by design, not fixed
[relay:stress-user-02] 2026-09-14T07:44:04.112Z [rpc] catch-up done: 0 handshakes accepted, 0 messages replied, DISABLED historical comms
[relay:stress-user-01] 2026-09-14T07:44:04.126Z [rpc] catching up from Console DB...
[relay:stress-user-06] 2026-09-14T07:44:04.126Z [rpc] catching up from Console DB...
[relay:stress-user-04] 2026-09-14T07:44:04.126Z [rpc] catching up from Console DB...
[relay:stress-user-07] 2026-09-14T07:44:04.126Z [rpc] catching up from Console DB...
[relay:stress-user-03] 2026-09-14T07:44:04.126Z [rpc] catching up from Console DB...
[relay:stress-user-01] 2026-09-14T07:44:04.130Z [rpc] catch-up comm: DISABLED (KANET_CATCHUP_COMM!=on) — historical backfill skipped by design, not fixed
[relay:stress-user-01] 2026-09-14T07:44:04.130Z [rpc] catch-up done: 0 handshakes accepted, 0 messages replied, DISABLED historical comms
[relay:stress-user-04] 2026-09-14T07:44:04.130Z [rpc] catch-up comm: DISABLED (KANET_CATCHUP_COMM!=on) — historical backfill skipped by design, not fixed
[relay:stress-user-04] 2026-09-14T07:44:04.130Z [rpc] catch-up done: 0 handshakes accepted, 0 messages replied, DISABLED historical comms
[relay:stress-user-06] 2026-09-14T07:44:04.130Z [rpc] catch-up comm: DISABLED (KANET_CATCHUP_COMM!=on) — historical backfill skipped by design, not fixed
[relay:stress-user-06] 2026-09-14T07:44:04.130Z [rpc] catch-up done: 0 handshakes accepted, 0 messages replied, DISABLED historical comms
[relay:stress-user-07] 2026-09-14T07:44:04.131Z [rpc] catch-up comm: DISABLED (KANET_CATCHUP_COMM!=on) — historical backfill skipped by design, not fixed
[relay:stress-user-07] 2026-09-14T07:44:04.131Z [rpc] catch-up done: 0 handshakes accepted, 0 messages replied, DISABLED historical comms
[relay:stress-user-03] 2026-09-14T07:44:04.131Z [rpc] catch-up comm: DISABLED (KANET_CATCHUP_COMM!=on) — historical backfill skipped by design, not fixed
[relay:stress-user-03] 2026-09-14T07:44:04.131Z [rpc] catch-up done: 0 handshakes accepted, 0 messages replied, DISABLED historical comms
[relay:stress-user-05] 2026-09-14T07:44:04.142Z [rpc] catching up from Console DB...
[relay:stress-user-05] 2026-09-14T07:44:04.144Z [rpc] catch-up comm: DISABLED (KANET_CATCHUP_COMM!=on) — historical backfill skipped by design, not fixed
[relay:stress-user-05] 2026-09-14T07:44:04.144Z [rpc] catch-up done: 0 handshakes accepted, 0 messages replied, DISABLED historical comms
[relay:stress-user-08] 2026-09-14T07:44:04.157Z [rpc] catching up from Console DB...
[relay:stress-user-08] 2026-09-14T07:44:04.160Z [rpc] catch-up comm: DISABLED (KANET_CATCHUP_COMM!=on) — historical backfill skipped by design, not fixed
[relay:stress-user-08] 2026-09-14T07:44:04.160Z [rpc] catch-up done: 0 handshakes accepted, 0 messages replied, DISABLED historical comms
[relay:stress-control-02] 2026-09-14T07:44:04.172Z [rpc] catching up from Console DB...
[relay:stress-control-01] 2026-09-14T07:44:04.172Z [rpc] catching up from Console DB...
[relay:stress-control-02] 2026-09-14T07:44:04.173Z [rpc] catch-up comm: DISABLED (KANET_CATCHUP_COMM!=on) — historical backfill skipped by design, not fixed
[relay:stress-control-02] 2026-09-14T07:44:04.173Z [rpc] catch-up done: 0 handshakes accepted, 0 messages replied, DISABLED historical comms
[relay:stress-control-01] 2026-09-14T07:44:04.173Z [rpc] catch-up comm: DISABLED (KANET_CATCHUP_COMM!=on) — historical backfill skipped by design, not fixed
[relay:stress-control-01] 2026-09-14T07:44:04.174Z [rpc] catch-up done: 0 handshakes accepted, 0 messages replied, DISABLED historical comms
[relay:J2] 2026-09-14T07:44:04.203Z [rpc] catching up from Console DB...
[relay:Qclaude] 2026-09-14T07:44:04.204Z [rpc] catching up from Console DB...
[relay:Trader-A] 2026-09-14T07:44:04.204Z [rpc] catching up from Console DB...
[relay:J2] 2026-09-14T07:44:04.207Z [rpc] catch-up comm: DISABLED (KANET_CATCHUP_COMM!=on) — historical backfill skipped by design, not fixed
[relay:J2] 2026-09-14T07:44:04.207Z [rpc] catch-up done: 0 handshakes accepted, 0 messages replied, DISABLED historical comms
[relay:Qclaude] 2026-09-14T07:44:04.208Z [rpc] catch-up comm: DISABLED (KANET_CATCHUP_COMM!=on) — historical backfill skipped by design, not fixed
[relay:Qclaude] 2026-09-14T07:44:04.208Z [rpc] catch-up done: 0 handshakes accepted, 0 messages replied, DISABLED historical comms
[relay:Trader-A] 2026-09-14T07:44:04.208Z [rpc] catch-up comm: DISABLED (KANET_CATCHUP_COMM!=on) — historical backfill skipped by design, not fixed
[relay:Trader-A] 2026-09-14T07:44:04.208Z [rpc] catch-up done: 0 handshakes accepted, 0 messages replied, DISABLED historical comms
[relay:KANet-UI] 2026-09-14T07:44:04.219Z [rpc] catching up from Console DB...
[relay:Bettor] 2026-09-14T07:44:04.220Z [rpc] catching up from Console DB...
[relay:Trader-M] 2026-09-14T07:44:04.220Z [rpc] catching up from Console DB...
[relay:Bettor] 2026-09-14T07:44:04.224Z [rpc] catch-up comm: DISABLED (KANET_CATCHUP_COMM!=on) — historical backfill skipped by design, not fixed
[relay:Bettor] 2026-09-14T07:44:04.224Z [rpc] catch-up done: 0 handshakes accepted, 0 messages replied, DISABLED historical comms
[relay:KANet-UI] 2026-09-14T07:44:04.224Z [rpc] catch-up comm: DISABLED (KANET_CATCHUP_COMM!=on) — historical backfill skipped by design, not fixed
[relay:KANet-UI] 2026-09-14T07:44:04.224Z [rpc] catch-up done: 0 handshakes accepted, 0 messages replied, DISABLED historical comms
[relay:Trader-M] 2026-09-14T07:44:04.224Z [rpc] catch-up comm: DISABLED (KANET_CATCHUP_COMM!=on) — historical backfill skipped by design, not fixed
[relay:Trader-M] 2026-09-14T07:44:04.224Z [rpc] catch-up done: 0 handshakes accepted, 0 messages replied, DISABLED historical comms
[diag:heap-sample] at=2026-09-14T07:44:05.867Z heapUsed=50MB heapTotal=54MB rss=135MB external=9MB arrayBuffers=1MB wasmBytes=3.9MB utxoFetchCalls=0
[diag:step] pair.scanAndIngestPairs ms=0 since_rowid=0 max_rowid=0 hits=0 at=2026-09-14T07:44:33.868Z
[diag:tick-duration] relayHealthMonitorTick ms=0 eligible=16 deadCount=0
[diag:tick-duration] relayHotwalletMonitorTick ms=5 checked=16 killed=0
[relay:stress-user-07] 2026-09-14T07:44:49.577Z [rpc] block #3000 (attempted: 0)
[relay:stress-user-01] 2026-09-14T07:44:49.577Z [rpc] block #3000 (attempted: 0)
[relay:stress-user-06] 2026-09-14T07:44:49.577Z [rpc] block #3000 (attempted: 0)
[relay:stress-control-02] 2026-09-14T07:44:49.577Z [rpc] block #3000 (attempted: 0)
[relay:J2] 2026-09-14T07:44:49.577Z [rpc] block #3000 (attempted: 0)
[relay:Trader-A] 2026-09-14T07:44:49.577Z [rpc] block #3000 (attempted: 0)
[relay:stress-user-03] 2026-09-14T07:44:49.577Z [rpc] block #3000 (attempted: 0)
[relay:Trader-M] 2026-09-14T07:44:49.577Z [rpc] block #3000 (attempted: 0)
[relay:Bettor] 2026-09-14T07:44:49.577Z [rpc] block #3000 (attempted: 0)
[relay:stress-user-04] 2026-09-14T07:44:49.577Z [rpc] block #3000 (attempted: 0)
[relay:stress-user-02] 2026-09-14T07:44:49.577Z [rpc] block #3000 (attempted: 0)
[relay:stress-user-08] 2026-09-14T07:44:49.577Z [rpc] block #3000 (attempted: 0)
[relay:Qclaude] 2026-09-14T07:44:49.577Z [rpc] block #3000 (attempted: 0)
[relay:stress-user-05] 2026-09-14T07:44:49.577Z [rpc] block #3000 (attempted: 0)
[relay:stress-control-01] 2026-09-14T07:44:49.577Z [rpc] block #3000 (attempted: 0)
[relay:KANet-UI] 2026-09-14T07:44:49.577Z [rpc] block #3000 (attempted: 0)
[diag:step] pair.scanAndIngestPairs ms=0 since_rowid=0 max_rowid=0 hits=0 at=2026-09-14T07:45:03.875Z
[diag:step] mind-manager.priceMonitor ms=103 sync=1 ok=1 at=2026-09-14T07:45:03.978Z
[diag:step] pool.selectMarkets.all ms=0 rows=0 at=2026-09-14T07:45:04.002Z
[diag:tick-duration] poolSettlerTick ms=1
[diag:step] pool.tick.phases ms=1 pre=0 dw=0 select=1 post=0 rows=0 t0=2026-09-14T07:45:04.002Z at=2026-09-14T07:45:04.003Z
[diag:tick-duration] relayHealthMonitorTick ms=1 eligible=16 deadCount=0
[diag:tick-duration] relayHotwalletMonitorTick ms=4 checked=16 killed=0
[relay:stress-user-02] 2026-09-14T07:45:04.111Z [rpc] catching up from Console DB...
[relay:stress-user-02] 2026-09-14T07:45:04.113Z [rpc] catch-up comm: DISABLED (KANET_CATCHUP_COMM!=on) — historical backfill skipped by design, not fixed
[relay:stress-user-02] 2026-09-14T07:45:04.113Z [rpc] catch-up done: 0 handshakes accepted, 0 messages replied, DISABLED historical comms
[relay:stress-user-03] 2026-09-14T07:45:04.127Z [rpc] catching up from Console DB...
[relay:stress-user-06] 2026-09-14T07:45:04.127Z [rpc] catching up from Console DB...
[relay:stress-user-01] 2026-09-14T07:45:04.127Z [rpc] catching up from Console DB...
[relay:stress-user-07] 2026-09-14T07:45:04.127Z [rpc] catching up from Console DB...
[relay:stress-user-04] 2026-09-14T07:45:04.127Z [rpc] catching up from Console DB...
[relay:stress-user-03] 2026-09-14T07:45:04.130Z [rpc] catch-up comm: DISABLED (KANET_CATCHUP_COMM!=on) — historical backfill skipped by design, not fixed
[relay:stress-user-03] 2026-09-14T07:45:04.131Z [rpc] catch-up done: 0 handshakes accepted, 0 messages replied, DISABLED historical comms
[relay:stress-user-01] 2026-09-14T07:45:04.131Z [rpc] catch-up comm: DISABLED (KANET_CATCHUP_COMM!=on) — historical backfill skipped by design, not fixed
[relay:stress-user-01] 2026-09-14T07:45:04.131Z [rpc] catch-up done: 0 handshakes accepted, 0 messages replied, DISABLED historical comms
[relay:stress-user-06] 2026-09-14T07:45:04.131Z [rpc] catch-up comm: DISABLED (KANET_CATCHUP_COMM!=on) — historical backfill skipped by design, not fixed
[relay:stress-user-06] 2026-09-14T07:45:04.131Z [rpc] catch-up done: 0 handshakes accepted, 0 messages replied, DISABLED historical comms
[relay:stress-user-07] 2026-09-14T07:45:04.132Z [rpc] catch-up comm: DISABLED (KANET_CATCHUP_COMM!=on) — historical backfill skipped by design, not fixed
[relay:stress-user-07] 2026-09-14T07:45:04.132Z [rpc] catch-up done: 0 handshakes accepted, 0 messages replied, DISABLED historical comms
[relay:stress-user-04] 2026-09-14T07:45:04.132Z [rpc] catch-up comm: DISABLED (KANET_CATCHUP_COMM!=on) — historical backfill skipped by design, not fixed
[relay:stress-user-04] 2026-09-14T07:45:04.132Z [rpc] catch-up done: 0 handshakes accepted, 0 messages replied, DISABLED historical comms
[relay:stress-user-05] 2026-09-14T07:45:04.159Z [rpc] catching up from Console DB...
[relay:stress-user-08] 2026-09-14T07:45:04.159Z [rpc] catching up from Console DB...
[relay:stress-user-05] 2026-09-14T07:45:04.162Z [rpc] catch-up comm: DISABLED (KANET_CATCHUP_COMM!=on) — historical backfill skipped by design, not fixed
[relay:stress-user-05] 2026-09-14T07:45:04.162Z [rpc] catch-up done: 0 handshakes accepted, 0 messages replied, DISABLED historical comms
[relay:stress-user-08] 2026-09-14T07:45:04.162Z [rpc] catch-up comm: DISABLED (KANET_CATCHUP_COMM!=on) — historical backfill skipped by design, not fixed
[relay:stress-user-08] 2026-09-14T07:45:04.162Z [rpc] catch-up done: 0 handshakes accepted, 0 messages replied, DISABLED historical comms
[relay:stress-control-02] 2026-09-14T07:45:04.174Z [rpc] catching up from Console DB...
[relay:stress-control-01] 2026-09-14T07:45:04.174Z [rpc] catching up from Console DB...
[relay:stress-control-01] 2026-09-14T07:45:04.175Z [rpc] catch-up comm: DISABLED (KANET_CATCHUP_COMM!=on) — historical backfill skipped by design, not fixed
[relay:stress-control-01] 2026-09-14T07:45:04.175Z [rpc] catch-up done: 0 handshakes accepted, 0 messages replied, DISABLED historical comms
[relay:stress-control-02] 2026-09-14T07:45:04.176Z [rpc] catch-up comm: DISABLED (KANET_CATCHUP_COMM!=on) — historical backfill skipped by design, not fixed
[relay:stress-control-02] 2026-09-14T07:45:04.176Z [rpc] catch-up done: 0 handshakes accepted, 0 messages replied, DISABLED historical comms
[relay:J2] 2026-09-14T07:45:04.206Z [rpc] catching up from Console DB...
[relay:Qclaude] 2026-09-14T07:45:04.207Z [rpc] catching up from Console DB...
[relay:Trader-A] 2026-09-14T07:45:04.207Z [rpc] catching up from Console DB...
[relay:J2] 2026-09-14T07:45:04.209Z [rpc] catch-up comm: DISABLED (KANET_CATCHUP_COMM!=on) — historical backfill skipped by design, not fixed
[relay:J2] 2026-09-14T07:45:04.209Z [rpc] catch-up done: 0 handshakes accepted, 0 messages replied, DISABLED historical comms
[relay:Qclaude] 2026-09-14T07:45:04.211Z [rpc] catch-up comm: DISABLED (KANET_CATCHUP_COMM!=on) — historical backfill skipped by design, not fixed
[relay:Trader-A] 2026-09-14T07:45:04.211Z [rpc] catch-up comm: DISABLED (KANET_CATCHUP_COMM!=on) — historical backfill skipped by design, not fixed
[relay:Trader-A] 2026-09-14T07:45:04.211Z [rpc] catch-up done: 0 handshakes accepted, 0 messages replied, DISABLED historical comms
[relay:Qclaude] 2026-09-14T07:45:04.211Z [rpc] catch-up done: 0 handshakes accepted, 0 messages replied, DISABLED historical comms
[relay:KANet-UI] 2026-09-14T07:45:04.222Z [rpc] catching up from Console DB...
[relay:Bettor] 2026-09-14T07:45:04.223Z [rpc] catching up from Console DB...
[relay:Trader-M] 2026-09-14T07:45:04.223Z [rpc] catching up from Console DB...
[relay:KANet-UI] 2026-09-14T07:45:04.224Z [rpc] catch-up comm: DISABLED (KANET_CATCHUP_COMM!=on) — historical backfill skipped by design, not fixed
[relay:KANet-UI] 2026-09-14T07:45:04.224Z [rpc] catch-up done: 0 handshakes accepted, 0 messages replied, DISABLED historical comms
[relay:Bettor] 2026-09-14T07:45:04.225Z [rpc] catch-up comm: DISABLED (KANET_CATCHUP_COMM!=on) — historical backfill skipped by design, not fixed
[relay:Trader-M] 2026-09-14T07:45:04.225Z [rpc] catch-up comm: DISABLED (KANET_CATCHUP_COMM!=on) — historical backfill skipped by design, not fixed
[relay:Bettor] 2026-09-14T07:45:04.225Z [rpc] catch-up done: 0 handshakes accepted, 0 messages replied, DISABLED historical comms
[relay:Trader-M] 2026-09-14T07:45:04.225Z [rpc] catch-up done: 0 handshakes accepted, 0 messages replied, DISABLED historical comms
[diag:heap-sample] at=2026-09-14T07:45:06.308Z heapUsed=46MB heapTotal=52MB rss=133MB external=8MB arrayBuffers=0MB wasmBytes=4MB utxoFetchCalls=0
[diag:step] pair.scanAndIngestPairs ms=1 since_rowid=0 max_rowid=0 hits=0 at=2026-09-14T07:45:33.884Z
[diag:tick-duration] relayHealthMonitorTick ms=0 eligible=16 deadCount=0
[rpc-health] using local node: ws://127.0.0.1:17110
[diag:tick-duration] relayHotwalletMonitorTick ms=6 checked=16 killed=0
[diag:step] pair.scanAndIngestPairs ms=0 since_rowid=0 max_rowid=0 hits=0 at=2026-09-14T07:46:03.892Z
[diag:step] mind-manager.priceMonitor ms=169 sync=1 ok=1 at=2026-09-14T07:46:04.045Z
[diag:tick-duration] relayHealthMonitorTick ms=0 eligible=16 deadCount=0
[diag:tick-duration] relayHotwalletMonitorTick ms=4 checked=16 killed=0
[relay:stress-user-02] 2026-09-14T07:46:04.114Z [rpc] catching up from Console DB...
[relay:stress-user-02] 2026-09-14T07:46:04.116Z [rpc] catch-up comm: DISABLED (KANET_CATCHUP_COMM!=on) — historical backfill skipped by design, not fixed
[relay:stress-user-02] 2026-09-14T07:46:04.116Z [rpc] catch-up done: 0 handshakes accepted, 0 messages replied, DISABLED historical comms
[relay:stress-user-06] 2026-09-14T07:46:04.130Z [rpc] catching up from Console DB...
[relay:stress-user-01] 2026-09-14T07:46:04.130Z [rpc] catching up from Console DB...
[relay:stress-user-03] 2026-09-14T07:46:04.130Z [rpc] catching up from Console DB...
[relay:stress-user-07] 2026-09-14T07:46:04.130Z [rpc] catching up from Console DB...
[relay:stress-user-04] 2026-09-14T07:46:04.130Z [rpc] catching up from Console DB...
[relay:stress-user-06] 2026-09-14T07:46:04.134Z [rpc] catch-up comm: DISABLED (KANET_CATCHUP_COMM!=on) — historical backfill skipped by design, not fixed
[relay:stress-user-06] 2026-09-14T07:46:04.134Z [rpc] catch-up done: 0 handshakes accepted, 0 messages replied, DISABLED historical comms
[relay:stress-user-07] 2026-09-14T07:46:04.134Z [rpc] catch-up comm: DISABLED (KANET_CATCHUP_COMM!=on) — historical backfill skipped by design, not fixed
[relay:stress-user-07] 2026-09-14T07:46:04.134Z [rpc] catch-up done: 0 handshakes accepted, 0 messages replied, DISABLED historical comms
[relay:stress-user-04] 2026-09-14T07:46:04.134Z [rpc] catch-up comm: DISABLED (KANET_CATCHUP_COMM!=on) — historical backfill skipped by design, not fixed
[relay:stress-user-04] 2026-09-14T07:46:04.134Z [rpc] catch-up done: 0 handshakes accepted, 0 messages replied, DISABLED historical comms
[relay:stress-user-03] 2026-09-14T07:46:04.134Z [rpc] catch-up comm: DISABLED (KANET_CATCHUP_COMM!=on) — historical backfill skipped by design, not fixed
[relay:stress-user-03] 2026-09-14T07:46:04.134Z [rpc] catch-up done: 0 handshakes accepted, 0 messages replied, DISABLED historical comms
[relay:stress-user-01] 2026-09-14T07:46:04.134Z [rpc] catch-up comm: DISABLED (KANET_CATCHUP_COMM!=on) — historical backfill skipped by design, not fixed
[relay:stress-user-01] 2026-09-14T07:46:04.134Z [rpc] catch-up done: 0 handshakes accepted, 0 messages replied, DISABLED historical comms
[relay:stress-user-05] 2026-09-14T07:46:04.159Z [rpc] catching up from Console DB...
[relay:stress-user-08] 2026-09-14T07:46:04.160Z [rpc] catching up from Console DB...
[relay:stress-user-05] 2026-09-14T07:46:04.162Z [rpc] catch-up comm: DISABLED (KANET_CATCHUP_COMM!=on) — historical backfill skipped by design, not fixed
[relay:stress-user-05] 2026-09-14T07:46:04.162Z [rpc] catch-up done: 0 handshakes accepted, 0 messages replied, DISABLED historical comms
[relay:stress-user-08] 2026-09-14T07:46:04.163Z [rpc] catch-up comm: DISABLED (KANET_CATCHUP_COMM!=on) — historical backfill skipped by design, not fixed
[relay:stress-user-08] 2026-09-14T07:46:04.163Z [rpc] catch-up done: 0 handshakes accepted, 0 messages replied, DISABLED historical comms
[relay:stress-control-01] 2026-09-14T07:46:04.175Z [rpc] catching up from Console DB...
[relay:stress-control-02] 2026-09-14T07:46:04.175Z [rpc] catching up from Console DB...
[relay:stress-control-01] 2026-09-14T07:46:04.177Z [rpc] catch-up comm: DISABLED (KANET_CATCHUP_COMM!=on) — historical backfill skipped by design, not fixed
[relay:stress-control-02] 2026-09-14T07:46:04.177Z [rpc] catch-up comm: DISABLED (KANET_CATCHUP_COMM!=on) — historical backfill skipped by design, not fixed
[relay:stress-control-02] 2026-09-14T07:46:04.177Z [rpc] catch-up done: 0 handshakes accepted, 0 messages replied, DISABLED historical comms
[relay:stress-control-01] 2026-09-14T07:46:04.177Z [rpc] catch-up done: 0 handshakes accepted, 0 messages replied, DISABLED historical comms
[relay:J2] 2026-09-14T07:46:04.206Z [rpc] catching up from Console DB...
[relay:Trader-A] 2026-09-14T07:46:04.207Z [rpc] catching up from Console DB...
[relay:Qclaude] 2026-09-14T07:46:04.207Z [rpc] catching up from Console DB...
[relay:J2] 2026-09-14T07:46:04.210Z [rpc] catch-up comm: DISABLED (KANET_CATCHUP_COMM!=on) — historical backfill skipped by design, not fixed
[relay:J2] 2026-09-14T07:46:04.210Z [rpc] catch-up done: 0 handshakes accepted, 0 messages replied, DISABLED historical comms
[relay:Trader-A] 2026-09-14T07:46:04.210Z [rpc] catch-up comm: DISABLED (KANET_CATCHUP_COMM!=on) — historical backfill skipped by design, not fixed
[relay:Trader-A] 2026-09-14T07:46:04.210Z [rpc] catch-up done: 0 handshakes accepted, 0 messages replied, DISABLED historical comms
[relay:Qclaude] 2026-09-14T07:46:04.210Z [rpc] catch-up comm: DISABLED (KANET_CATCHUP_COMM!=on) — historical backfill skipped by design, not fixed
[relay:Qclaude] 2026-09-14T07:46:04.210Z [rpc] catch-up done: 0 handshakes accepted, 0 messages replied, DISABLED historical comms
[relay:KANet-UI] 2026-09-14T07:46:04.222Z [rpc] catching up from Console DB...
[relay:Trader-M] 2026-09-14T07:46:04.223Z [rpc] catching up from Console DB...
[relay:Bettor] 2026-09-14T07:46:04.224Z [rpc] catching up from Console DB...
[relay:KANet-UI] 2026-09-14T07:46:04.225Z [rpc] catch-up comm: DISABLED (KANET_CATCHUP_COMM!=on) — historical backfill skipped by design, not fixed
[relay:KANet-UI] 2026-09-14T07:46:04.225Z [rpc] catch-up done: 0 handshakes accepted, 0 messages replied, DISABLED historical comms
[relay:Bettor] 2026-09-14T07:46:04.225Z [rpc] catch-up comm: DISABLED (KANET_CATCHUP_COMM!=on) — historical backfill skipped by design, not fixed
[relay:Bettor] 2026-09-14T07:46:04.225Z [rpc] catch-up done: 0 handshakes accepted, 0 messages replied, DISABLED historical comms
[relay:Trader-M] 2026-09-14T07:46:04.225Z [rpc] catch-up comm: DISABLED (KANET_CATCHUP_COMM!=on) — historical backfill skipped by design, not fixed
[relay:Trader-M] 2026-09-14T07:46:04.225Z [rpc] catch-up done: 0 handshakes accepted, 0 messages replied, DISABLED historical comms
[diag:heap-sample] at=2026-09-14T07:46:06.932Z heapUsed=46MB heapTotal=52MB rss=133MB external=8MB arrayBuffers=0MB wasmBytes=4MB utxoFetchCalls=0
[relay:KANet-UI] 2026-09-14T07:46:28.064Z [rpc] block #4000 (attempted: 0)
[relay:stress-user-04] 2026-09-14T07:46:28.064Z [rpc] block #4000 (attempted: 0)
[relay:Bettor] 2026-09-14T07:46:28.065Z [rpc] block #4000 (attempted: 0)
[relay:Qclaude] 2026-09-14T07:46:28.064Z [rpc] block #4000 (attempted: 0)
[relay:Trader-A] 2026-09-14T07:46:28.064Z [rpc] block #4000 (attempted: 0)
[relay:stress-user-08] 2026-09-14T07:46:28.064Z [rpc] block #4000 (attempted: 0)
[relay:stress-user-02] 2026-09-14T07:46:28.064Z [rpc] block #4000 (attempted: 0)
[relay:stress-user-01] 2026-09-14T07:46:28.064Z [rpc] block #4000 (attempted: 0)
[relay:stress-user-06] 2026-09-14T07:46:28.064Z [rpc] block #4000 (attempted: 0)
[relay:stress-user-03] 2026-09-14T07:46:28.064Z [rpc] block #4000 (attempted: 0)
[relay:stress-user-05] 2026-09-14T07:46:28.064Z [rpc] block #4000 (attempted: 0)
[relay:J2] 2026-09-14T07:46:28.064Z [rpc] block #4000 (attempted: 0)
[relay:stress-control-02] 2026-09-14T07:46:28.064Z [rpc] block #4000 (attempted: 0)
[relay:Trader-M] 2026-09-14T07:46:28.064Z [rpc] block #4000 (attempted: 0)
[relay:stress-control-01] 2026-09-14T07:46:28.064Z [rpc] block #4000 (attempted: 0)
[relay:stress-user-07] 2026-09-14T07:46:28.064Z [rpc] block #4000 (attempted: 0)
[diag:step] pair.scanAndIngestPairs ms=0 since_rowid=0 max_rowid=0 hits=0 at=2026-09-14T07:46:33.898Z
[diag:tick-duration] relayHealthMonitorTick ms=0 eligible=16 deadCount=0
[diag:tick-duration] relayHotwalletMonitorTick ms=4 checked=16 killed=0
[diag:step] pair.scanAndIngestPairs ms=0 since_rowid=0 max_rowid=0 hits=0 at=2026-09-14T07:47:03.906Z
[diag:step] mind-manager.priceMonitor ms=192 sync=1 ok=1 at=2026-09-14T07:47:04.082Z
[diag:tick-duration] relayHealthMonitorTick ms=0 eligible=16 deadCount=0
[diag:tick-duration] relayHotwalletMonitorTick ms=4 checked=16 killed=0
[relay:stress-user-02] 2026-09-14T07:47:04.127Z [rpc] catching up from Console DB...
[relay:stress-user-02] 2026-09-14T07:47:04.128Z [rpc] catch-up comm: DISABLED (KANET_CATCHUP_COMM!=on) — historical backfill skipped by design, not fixed
[relay:stress-user-02] 2026-09-14T07:47:04.128Z [rpc] catch-up done: 0 handshakes accepted, 0 messages replied, DISABLED historical comms
[relay:stress-user-06] 2026-09-14T07:47:04.143Z [rpc] catching up from Console DB...
[relay:stress-user-01] 2026-09-14T07:47:04.143Z [rpc] catching up from Console DB...
[relay:stress-user-04] 2026-09-14T07:47:04.143Z [rpc] catching up from Console DB...
[relay:stress-user-03] 2026-09-14T07:47:04.143Z [rpc] catching up from Console DB...
[relay:stress-user-07] 2026-09-14T07:47:04.143Z [rpc] catching up from Console DB...
[relay:stress-user-06] 2026-09-14T07:47:04.146Z [rpc] catch-up comm: DISABLED (KANET_CATCHUP_COMM!=on) — historical backfill skipped by design, not fixed
[relay:stress-user-06] 2026-09-14T07:47:04.146Z [rpc] catch-up done: 0 handshakes accepted, 0 messages replied, DISABLED historical comms
[relay:stress-user-04] 2026-09-14T07:47:04.146Z [rpc] catch-up comm: DISABLED (KANET_CATCHUP_COMM!=on) — historical backfill skipped by design, not fixed
[relay:stress-user-04] 2026-09-14T07:47:04.146Z [rpc] catch-up done: 0 handshakes accepted, 0 messages replied, DISABLED historical comms
[relay:stress-user-01] 2026-09-14T07:47:04.146Z [rpc] catch-up comm: DISABLED (KANET_CATCHUP_COMM!=on) — historical backfill skipped by design, not fixed
[relay:stress-user-01] 2026-09-14T07:47:04.146Z [rpc] catch-up done: 0 handshakes accepted, 0 messages replied, DISABLED historical comms
[relay:stress-user-03] 2026-09-14T07:47:04.146Z [rpc] catch-up comm: DISABLED (KANET_CATCHUP_COMM!=on) — historical backfill skipped by design, not fixed
[relay:stress-user-03] 2026-09-14T07:47:04.146Z [rpc] catch-up done: 0 handshakes accepted, 0 messages replied, DISABLED historical comms
[relay:stress-user-07] 2026-09-14T07:47:04.146Z [rpc] catch-up comm: DISABLED (KANET_CATCHUP_COMM!=on) — historical backfill skipped by design, not fixed
[relay:stress-user-07] 2026-09-14T07:47:04.146Z [rpc] catch-up done: 0 handshakes accepted, 0 messages replied, DISABLED historical comms
[relay:stress-user-05] 2026-09-14T07:47:04.174Z [rpc] catching up from Console DB...
[relay:stress-user-08] 2026-09-14T07:47:04.174Z [rpc] catching up from Console DB...
[relay:stress-control-02] 2026-09-14T07:47:04.175Z [rpc] catching up from Console DB...
[relay:stress-control-01] 2026-09-14T07:47:04.175Z [rpc] catching up from Console DB...
[relay:stress-user-05] 2026-09-14T07:47:04.177Z [rpc] catch-up comm: DISABLED (KANET_CATCHUP_COMM!=on) — historical backfill skipped by design, not fixed
[relay:stress-user-05] 2026-09-14T07:47:04.177Z [rpc] catch-up done: 0 handshakes accepted, 0 messages replied, DISABLED historical comms
[relay:stress-user-08] 2026-09-14T07:47:04.177Z [rpc] catch-up comm: DISABLED (KANET_CATCHUP_COMM!=on) — historical backfill skipped by design, not fixed
[relay:stress-user-08] 2026-09-14T07:47:04.178Z [rpc] catch-up done: 0 handshakes accepted, 0 messages replied, DISABLED historical comms
[relay:stress-control-02] 2026-09-14T07:47:04.178Z [rpc] catch-up comm: DISABLED (KANET_CATCHUP_COMM!=on) — historical backfill skipped by design, not fixed
[relay:stress-control-01] 2026-09-14T07:47:04.179Z [rpc] catch-up comm: DISABLED (KANET_CATCHUP_COMM!=on) — historical backfill skipped by design, not fixed
[relay:stress-control-01] 2026-09-14T07:47:04.179Z [rpc] catch-up done: 0 handshakes accepted, 0 messages replied, DISABLED historical comms
[relay:stress-control-02] 2026-09-14T07:47:04.178Z [rpc] catch-up done: 0 handshakes accepted, 0 messages replied, DISABLED historical comms
[relay:J2] 2026-09-14T07:47:04.220Z [rpc] catching up from Console DB...
[relay:Trader-A] 2026-09-14T07:47:04.221Z [rpc] catching up from Console DB...
[relay:Qclaude] 2026-09-14T07:47:04.221Z [rpc] catching up from Console DB...
[relay:KANet-UI] 2026-09-14T07:47:04.223Z [rpc] catching up from Console DB...
[relay:J2] 2026-09-14T07:47:04.223Z [rpc] catch-up comm: DISABLED (KANET_CATCHUP_COMM!=on) — historical backfill skipped by design, not fixed
[relay:J2] 2026-09-14T07:47:04.223Z [rpc] catch-up done: 0 handshakes accepted, 0 messages replied, DISABLED historical comms
[relay:Trader-A] 2026-09-14T07:47:04.224Z [rpc] catch-up comm: DISABLED (KANET_CATCHUP_COMM!=on) — historical backfill skipped by design, not fixed
[relay:Trader-A] 2026-09-14T07:47:04.224Z [rpc] catch-up done: 0 handshakes accepted, 0 messages replied, DISABLED historical comms
[relay:Qclaude] 2026-09-14T07:47:04.225Z [rpc] catch-up comm: DISABLED (KANET_CATCHUP_COMM!=on) — historical backfill skipped by design, not fixed
[relay:Qclaude] 2026-09-14T07:47:04.225Z [rpc] catch-up done: 0 handshakes accepted, 0 messages replied, DISABLED historical comms
[relay:KANet-UI] 2026-09-14T07:47:04.225Z [rpc] catch-up comm: DISABLED (KANET_CATCHUP_COMM!=on) — historical backfill skipped by design, not fixed
[relay:KANet-UI] 2026-09-14T07:47:04.225Z [rpc] catch-up done: 0 handshakes accepted, 0 messages replied, DISABLED historical comms
[relay:Bettor] 2026-09-14T07:47:04.237Z [rpc] catching up from Console DB...
[relay:Trader-M] 2026-09-14T07:47:04.237Z [rpc] catching up from Console DB...
[relay:Bettor] 2026-09-14T07:47:04.238Z [rpc] catch-up comm: DISABLED (KANET_CATCHUP_COMM!=on) — historical backfill skipped by design, not fixed
[relay:Bettor] 2026-09-14T07:47:04.238Z [rpc] catch-up done: 0 handshakes accepted, 0 messages replied, DISABLED historical comms
[relay:Trader-M] 2026-09-14T07:47:04.238Z [rpc] catch-up comm: DISABLED (KANET_CATCHUP_COMM!=on) — historical backfill skipped by design, not fixed
[relay:Trader-M] 2026-09-14T07:47:04.238Z [rpc] catch-up done: 0 handshakes accepted, 0 messages replied, DISABLED historical comms
[diag:heap-sample] at=2026-09-14T07:47:07.497Z heapUsed=47MB heapTotal=54MB rss=133MB external=8MB arrayBuffers=0MB wasmBytes=4MB utxoFetchCalls=0
[diag:step] pair.scanAndIngestPairs ms=0 since_rowid=0 max_rowid=0 hits=0 at=2026-09-14T07:47:33.917Z
[diag:tick-duration] relayHealthMonitorTick ms=0 eligible=16 deadCount=0
[diag:tick-duration] relayHotwalletMonitorTick ms=5 checked=16 killed=0
[diag:step] pair.scanAndIngestPairs ms=0 since_rowid=0 max_rowid=0 hits=0 at=2026-09-14T07:48:03.931Z
[diag:step] mind-manager.priceMonitor ms=168 sync=1 ok=1 at=2026-09-14T07:48:04.067Z
[diag:tick-duration] relayHealthMonitorTick ms=0 eligible=16 deadCount=0
[diag:tick-duration] relayHotwalletMonitorTick ms=6 checked=16 killed=0
[relay:stress-user-02] 2026-09-14T07:48:04.137Z [rpc] catching up from Console DB...
[relay:stress-user-02] 2026-09-14T07:48:04.138Z [rpc] catch-up comm: DISABLED (KANET_CATCHUP_COMM!=on) — historical backfill skipped by design, not fixed
[relay:stress-user-02] 2026-09-14T07:48:04.139Z [rpc] catch-up done: 0 handshakes accepted, 0 messages replied, DISABLED historical comms
[relay:stress-user-07] 2026-09-14T07:48:04.153Z [rpc] catching up from Console DB...
[relay:stress-user-04] 2026-09-14T07:48:04.153Z [rpc] catching up from Console DB...
[relay:stress-user-03] 2026-09-14T07:48:04.153Z [rpc] catching up from Console DB...
[relay:stress-user-01] 2026-09-14T07:48:04.154Z [rpc] catching up from Console DB...
[relay:stress-user-06] 2026-09-14T07:48:04.154Z [rpc] catching up from Console DB...
[relay:stress-user-07] 2026-09-14T07:48:04.156Z [rpc] catch-up comm: DISABLED (KANET_CATCHUP_COMM!=on) — historical backfill skipped by design, not fixed
[relay:stress-user-07] 2026-09-14T07:48:04.156Z [rpc] catch-up done: 0 handshakes accepted, 0 messages replied, DISABLED historical comms
[relay:stress-user-03] 2026-09-14T07:48:04.156Z [rpc] catch-up comm: DISABLED (KANET_CATCHUP_COMM!=on) — historical backfill skipped by design, not fixed
[relay:stress-user-03] 2026-09-14T07:48:04.156Z [rpc] catch-up done: 0 handshakes accepted, 0 messages replied, DISABLED historical comms
[relay:stress-user-04] 2026-09-14T07:48:04.156Z [rpc] catch-up comm: DISABLED (KANET_CATCHUP_COMM!=on) — historical backfill skipped by design, not fixed
[relay:stress-user-04] 2026-09-14T07:48:04.156Z [rpc] catch-up done: 0 handshakes accepted, 0 messages replied, DISABLED historical comms
[relay:stress-user-06] 2026-09-14T07:48:04.156Z [rpc] catch-up comm: DISABLED (KANET_CATCHUP_COMM!=on) — historical backfill skipped by design, not fixed
[relay:stress-user-06] 2026-09-14T07:48:04.157Z [rpc] catch-up done: 0 handshakes accepted, 0 messages replied, DISABLED historical comms
[relay:stress-user-01] 2026-09-14T07:48:04.157Z [rpc] catch-up comm: DISABLED (KANET_CATCHUP_COMM!=on) — historical backfill skipped by design, not fixed
[relay:stress-user-01] 2026-09-14T07:48:04.157Z [rpc] catch-up done: 0 handshakes accepted, 0 messages replied, DISABLED historical comms
[relay:stress-user-05] 2026-09-14T07:48:04.184Z [rpc] catching up from Console DB...
[relay:stress-control-01] 2026-09-14T07:48:04.185Z [rpc] catching up from Console DB...
[relay:stress-user-08] 2026-09-14T07:48:04.185Z [rpc] catching up from Console DB...
[relay:stress-control-02] 2026-09-14T07:48:04.185Z [rpc] catching up from Console DB...
[relay:stress-user-05] 2026-09-14T07:48:04.187Z [rpc] catch-up comm: DISABLED (KANET_CATCHUP_COMM!=on) — historical backfill skipped by design, not fixed
[relay:stress-user-05] 2026-09-14T07:48:04.187Z [rpc] catch-up done: 0 handshakes accepted, 0 messages replied, DISABLED historical comms
[relay:stress-control-02] 2026-09-14T07:48:04.187Z [rpc] catch-up comm: DISABLED (KANET_CATCHUP_COMM!=on) — historical backfill skipped by design, not fixed
[relay:stress-control-02] 2026-09-14T07:48:04.187Z [rpc] catch-up done: 0 handshakes accepted, 0 messages replied, DISABLED historical comms
[relay:stress-control-01] 2026-09-14T07:48:04.187Z [rpc] catch-up comm: DISABLED (KANET_CATCHUP_COMM!=on) — historical backfill skipped by design, not fixed
[relay:stress-control-01] 2026-09-14T07:48:04.188Z [rpc] catch-up done: 0 handshakes accepted, 0 messages replied, DISABLED historical comms
[relay:stress-user-08] 2026-09-14T07:48:04.188Z [rpc] catch-up comm: DISABLED (KANET_CATCHUP_COMM!=on) — historical backfill skipped by design, not fixed
[relay:stress-user-08] 2026-09-14T07:48:04.188Z [rpc] catch-up done: 0 handshakes accepted, 0 messages replied, DISABLED historical comms
[relay:J2] 2026-09-14T07:48:04.231Z [rpc] catching up from Console DB...
[relay:Qclaude] 2026-09-14T07:48:04.232Z [rpc] catching up from Console DB...
[relay:KANet-UI] 2026-09-14T07:48:04.232Z [rpc] catching up from Console DB...
[relay:Trader-A] 2026-09-14T07:48:04.232Z [rpc] catching up from Console DB...
[relay:J2] 2026-09-14T07:48:04.234Z [rpc] catch-up comm: DISABLED (KANET_CATCHUP_COMM!=on) — historical backfill skipped by design, not fixed
[relay:J2] 2026-09-14T07:48:04.234Z [rpc] catch-up done: 0 handshakes accepted, 0 messages replied, DISABLED historical comms
[relay:Qclaude] 2026-09-14T07:48:04.235Z [rpc] catch-up comm: DISABLED (KANET_CATCHUP_COMM!=on) — historical backfill skipped by design, not fixed
[relay:Qclaude] 2026-09-14T07:48:04.235Z [rpc] catch-up done: 0 handshakes accepted, 0 messages replied, DISABLED historical comms
[relay:Trader-A] 2026-09-14T07:48:04.235Z [rpc] catch-up comm: DISABLED (KANET_CATCHUP_COMM!=on) — historical backfill skipped by design, not fixed
[relay:Trader-A] 2026-09-14T07:48:04.235Z [rpc] catch-up done: 0 handshakes accepted, 0 messages replied, DISABLED historical comms
[relay:KANet-UI] 2026-09-14T07:48:04.235Z [rpc] catch-up comm: DISABLED (KANET_CATCHUP_COMM!=on) — historical backfill skipped by design, not fixed
[relay:KANet-UI] 2026-09-14T07:48:04.235Z [rpc] catch-up done: 0 handshakes accepted, 0 messages replied, DISABLED historical comms
[relay:Bettor] 2026-09-14T07:48:04.248Z [rpc] catching up from Console DB...
[relay:Trader-M] 2026-09-14T07:48:04.248Z [rpc] catching up from Console DB...
[relay:Bettor] 2026-09-14T07:48:04.250Z [rpc] catch-up comm: DISABLED (KANET_CATCHUP_COMM!=on) — historical backfill skipped by design, not fixed
[relay:Bettor] 2026-09-14T07:48:04.250Z [rpc] catch-up done: 0 handshakes accepted, 0 messages replied, DISABLED historical comms
[relay:Trader-M] 2026-09-14T07:48:04.250Z [rpc] catch-up comm: DISABLED (KANET_CATCHUP_COMM!=on) — historical backfill skipped by design, not fixed
[relay:Trader-M] 2026-09-14T07:48:04.250Z [rpc] catch-up done: 0 handshakes accepted, 0 messages replied, DISABLED historical comms
[relay:stress-control-02] 2026-09-14T07:48:05.011Z [rpc] block #5000 (attempted: 0)
[relay:KANet-UI] 2026-09-14T07:48:05.011Z [rpc] block #5000 (attempted: 0)
[relay:stress-control-01] 2026-09-14T07:48:05.011Z [rpc] block #5000 (attempted: 0)
[relay:stress-user-01] 2026-09-14T07:48:05.011Z [rpc] block #5000 (attempted: 0)
[relay:Trader-M] 2026-09-14T07:48:05.012Z [rpc] block #5000 (attempted: 0)
[relay:Trader-A] 2026-09-14T07:48:05.012Z [rpc] block #5000 (attempted: 0)
[relay:Qclaude] 2026-09-14T07:48:05.012Z [rpc] block #5000 (attempted: 0)
[relay:stress-user-02] 2026-09-14T07:48:05.012Z [rpc] block #5000 (attempted: 0)
[relay:J2] 2026-09-14T07:48:05.012Z [rpc] block #5000 (attempted: 0)
[relay:stress-user-08] 2026-09-14T07:48:05.012Z [rpc] block #5000 (attempted: 0)
[relay:stress-user-05] 2026-09-14T07:48:05.011Z [rpc] block #5000 (attempted: 0)
[relay:Bettor] 2026-09-14T07:48:05.012Z [rpc] block #5000 (attempted: 0)
[relay:stress-user-04] 2026-09-14T07:48:05.012Z [rpc] block #5000 (attempted: 0)
[relay:stress-user-06] 2026-09-14T07:48:05.012Z [rpc] block #5000 (attempted: 0)
[relay:stress-user-03] 2026-09-14T07:48:05.012Z [rpc] block #5000 (attempted: 0)
[relay:stress-user-07] 2026-09-14T07:48:05.012Z [rpc] block #5000 (attempted: 0)
[diag:heap-sample] at=2026-09-14T07:48:07.974Z heapUsed=47MB heapTotal=52MB rss=134MB external=8MB arrayBuffers=0MB wasmBytes=4MB utxoFetchCalls=0
[diag:step] pair.scanAndIngestPairs ms=0 since_rowid=0 max_rowid=0 hits=0 at=2026-09-14T07:48:33.943Z
[diag:tick-duration] relayHealthMonitorTick ms=0 eligible=16 deadCount=0
[diag:tick-duration] relayHotwalletMonitorTick ms=4 checked=16 killed=0
[diag:step] pair.scanAndIngestPairs ms=0 since_rowid=0 max_rowid=0 hits=0 at=2026-09-14T07:49:03.948Z
[diag:step] mind-manager.priceMonitor ms=115 sync=1 ok=1 at=2026-09-14T07:49:04.018Z
[diag:tick-duration] relayHealthMonitorTick ms=0 eligible=16 deadCount=0
[relay:stress-user-02] 2026-09-14T07:49:04.139Z [rpc] catching up from Console DB...
[relay:stress-user-02] 2026-09-14T07:49:04.141Z [rpc] catch-up comm: DISABLED (KANET_CATCHUP_COMM!=on) — historical backfill skipped by design, not fixed
[relay:stress-user-02] 2026-09-14T07:49:04.141Z [rpc] catch-up done: 0 handshakes accepted, 0 messages replied, DISABLED historical comms
[diag:tick-duration] relayHotwalletMonitorTick ms=5 checked=16 killed=0
[relay:stress-user-01] 2026-09-14T07:49:04.154Z [rpc] catching up from Console DB...
[relay:stress-user-06] 2026-09-14T07:49:04.155Z [rpc] catching up from Console DB...
[relay:stress-user-04] 2026-09-14T07:49:04.155Z [rpc] catching up from Console DB...
[relay:stress-user-03] 2026-09-14T07:49:04.155Z [rpc] catching up from Console DB...
[relay:stress-user-07] 2026-09-14T07:49:04.155Z [rpc] catching up from Console DB...
[relay:stress-user-01] 2026-09-14T07:49:04.158Z [rpc] catch-up comm: DISABLED (KANET_CATCHUP_COMM!=on) — historical backfill skipped by design, not fixed
[relay:stress-user-01] 2026-09-14T07:49:04.158Z [rpc] catch-up done: 0 handshakes accepted, 0 messages replied, DISABLED historical comms
[relay:stress-user-06] 2026-09-14T07:49:04.158Z [rpc] catch-up comm: DISABLED (KANET_CATCHUP_COMM!=on) — historical backfill skipped by design, not fixed
[relay:stress-user-06] 2026-09-14T07:49:04.158Z [rpc] catch-up done: 0 handshakes accepted, 0 messages replied, DISABLED historical comms
[relay:stress-user-04] 2026-09-14T07:49:04.158Z [rpc] catch-up comm: DISABLED (KANET_CATCHUP_COMM!=on) — historical backfill skipped by design, not fixed
[relay:stress-user-04] 2026-09-14T07:49:04.158Z [rpc] catch-up done: 0 handshakes accepted, 0 messages replied, DISABLED historical comms
[relay:stress-user-03] 2026-09-14T07:49:04.158Z [rpc] catch-up comm: DISABLED (KANET_CATCHUP_COMM!=on) — historical backfill skipped by design, not fixed
[relay:stress-user-03] 2026-09-14T07:49:04.158Z [rpc] catch-up done: 0 handshakes accepted, 0 messages replied, DISABLED historical comms
[relay:stress-user-07] 2026-09-14T07:49:04.158Z [rpc] catch-up comm: DISABLED (KANET_CATCHUP_COMM!=on) — historical backfill skipped by design, not fixed
[relay:stress-user-07] 2026-09-14T07:49:04.158Z [rpc] catch-up done: 0 handshakes accepted, 0 messages replied, DISABLED historical comms
[relay:stress-control-02] 2026-09-14T07:49:04.187Z [rpc] catching up from Console DB...
[relay:stress-user-05] 2026-09-14T07:49:04.186Z [rpc] catching up from Console DB...
[relay:stress-user-08] 2026-09-14T07:49:04.187Z [rpc] catching up from Console DB...
[relay:stress-control-01] 2026-09-14T07:49:04.187Z [rpc] catching up from Console DB...
[relay:stress-control-02] 2026-09-14T07:49:04.190Z [rpc] catch-up comm: DISABLED (KANET_CATCHUP_COMM!=on) — historical backfill skipped by design, not fixed
[relay:stress-control-02] 2026-09-14T07:49:04.190Z [rpc] catch-up done: 0 handshakes accepted, 0 messages replied, DISABLED historical comms
[relay:stress-user-05] 2026-09-14T07:49:04.189Z [rpc] catch-up comm: DISABLED (KANET_CATCHUP_COMM!=on) — historical backfill skipped by design, not fixed
[relay:stress-user-05] 2026-09-14T07:49:04.190Z [rpc] catch-up done: 0 handshakes accepted, 0 messages replied, DISABLED historical comms
[relay:stress-control-01] 2026-09-14T07:49:04.190Z [rpc] catch-up comm: DISABLED (KANET_CATCHUP_COMM!=on) — historical backfill skipped by design, not fixed
[relay:stress-control-01] 2026-09-14T07:49:04.190Z [rpc] catch-up done: 0 handshakes accepted, 0 messages replied, DISABLED historical comms
[relay:stress-user-08] 2026-09-14T07:49:04.190Z [rpc] catch-up comm: DISABLED (KANET_CATCHUP_COMM!=on) — historical backfill skipped by design, not fixed
[relay:stress-user-08] 2026-09-14T07:49:04.190Z [rpc] catch-up done: 0 handshakes accepted, 0 messages replied, DISABLED historical comms
[relay:J2] 2026-09-14T07:49:04.234Z [rpc] catching up from Console DB...
[relay:Qclaude] 2026-09-14T07:49:04.235Z [rpc] catching up from Console DB...
[relay:Trader-A] 2026-09-14T07:49:04.235Z [rpc] catching up from Console DB...
[relay:KANet-UI] 2026-09-14T07:49:04.235Z [rpc] catching up from Console DB...
[relay:J2] 2026-09-14T07:49:04.237Z [rpc] catch-up comm: DISABLED (KANET_CATCHUP_COMM!=on) — historical backfill skipped by design, not fixed
[relay:J2] 2026-09-14T07:49:04.237Z [rpc] catch-up done: 0 handshakes accepted, 0 messages replied, DISABLED historical comms
[relay:Qclaude] 2026-09-14T07:49:04.238Z [rpc] catch-up comm: DISABLED (KANET_CATCHUP_COMM!=on) — historical backfill skipped by design, not fixed
[relay:Qclaude] 2026-09-14T07:49:04.238Z [rpc] catch-up done: 0 handshakes accepted, 0 messages replied, DISABLED historical comms
[relay:Trader-A] 2026-09-14T07:49:04.238Z [rpc] catch-up comm: DISABLED (KANET_CATCHUP_COMM!=on) — historical backfill skipped by design, not fixed
[relay:Trader-A] 2026-09-14T07:49:04.238Z [rpc] catch-up done: 0 handshakes accepted, 0 messages replied, DISABLED historical comms
[relay:KANet-UI] 2026-09-14T07:49:04.238Z [rpc] catch-up comm: DISABLED (KANET_CATCHUP_COMM!=on) — historical backfill skipped by design, not fixed
[relay:KANet-UI] 2026-09-14T07:49:04.238Z [rpc] catch-up done: 0 handshakes accepted, 0 messages replied, DISABLED historical comms
[relay:Bettor] 2026-09-14T07:49:04.251Z [rpc] catching up from Console DB...
[relay:Trader-M] 2026-09-14T07:49:04.251Z [rpc] catching up from Console DB...
[relay:Bettor] 2026-09-14T07:49:04.253Z [rpc] catch-up comm: DISABLED (KANET_CATCHUP_COMM!=on) — historical backfill skipped by design, not fixed
[relay:Trader-M] 2026-09-14T07:49:04.253Z [rpc] catch-up comm: DISABLED (KANET_CATCHUP_COMM!=on) — historical backfill skipped by design, not fixed
[relay:Bettor] 2026-09-14T07:49:04.253Z [rpc] catch-up done: 0 handshakes accepted, 0 messages replied, DISABLED historical comms
[relay:Trader-M] 2026-09-14T07:49:04.253Z [rpc] catch-up done: 0 handshakes accepted, 0 messages replied, DISABLED historical comms
[diag:heap-sample] at=2026-09-14T07:49:08.479Z heapUsed=47MB heapTotal=52MB rss=134MB external=8MB arrayBuffers=0MB wasmBytes=4MB utxoFetchCalls=0
[diag:step] pair.scanAndIngestPairs ms=0 since_rowid=0 max_rowid=0 hits=0 at=2026-09-14T07:49:33.952Z
[diag:tick-duration] relayHealthMonitorTick ms=1 eligible=16 deadCount=0
[diag:tick-duration] relayHotwalletMonitorTick ms=4 checked=16 killed=0
[relay:KANet-UI] 2026-09-14T07:49:44.395Z [rpc] block #6000 (attempted: 0)
[relay:J2] 2026-09-14T07:49:44.396Z [rpc] block #6000 (attempted: 0)
[relay:Qclaude] 2026-09-14T07:49:44.395Z [rpc] block #6000 (attempted: 0)
[relay:stress-user-03] 2026-09-14T07:49:44.395Z [rpc] block #6000 (attempted: 0)
[relay:stress-user-06] 2026-09-14T07:49:44.395Z [rpc] block #6000 (attempted: 0)
[relay:Bettor] 2026-09-14T07:49:44.396Z [rpc] block #6000 (attempted: 0)
[relay:Trader-M] 2026-09-14T07:49:44.396Z [rpc] block #6000 (attempted: 0)
[relay:stress-user-08] 2026-09-14T07:49:44.396Z [rpc] block #6000 (attempted: 0)
[relay:stress-control-02] 2026-09-14T07:49:44.396Z [rpc] block #6000 (attempted: 0)
[relay:stress-user-02] 2026-09-14T07:49:44.396Z [rpc] block #6000 (attempted: 0)
[relay:stress-user-01] 2026-09-14T07:49:44.396Z [rpc] block #6000 (attempted: 0)
[relay:stress-user-04] 2026-09-14T07:49:44.396Z [rpc] block #6000 (attempted: 0)
[relay:Trader-A] 2026-09-14T07:49:44.395Z [rpc] block #6000 (attempted: 0)
[relay:stress-control-01] 2026-09-14T07:49:44.395Z [rpc] block #6000 (attempted: 0)
[relay:stress-user-05] 2026-09-14T07:49:44.395Z [rpc] block #6000 (attempted: 0)
[relay:stress-user-07] 2026-09-14T07:49:44.396Z [rpc] block #6000 (attempted: 0)
[diag:step] pair.scanAndIngestPairs ms=0 since_rowid=0 max_rowid=0 hits=0 at=2026-09-14T07:50:03.954Z
[diag:step] pool.selectMarkets.all ms=0 rows=0 at=2026-09-14T07:50:04.008Z
[diag:tick-duration] poolSettlerTick ms=1
[diag:step] pool.tick.phases ms=1 pre=0 dw=0 select=1 post=0 rows=0 t0=2026-09-14T07:50:04.008Z at=2026-09-14T07:50:04.009Z
[diag:step] mind-manager.priceMonitor ms=229 sync=1 ok=1 at=2026-09-14T07:50:04.138Z
[diag:tick-duration] relayHealthMonitorTick ms=0 eligible=16 deadCount=0
[relay:stress-user-02] 2026-09-14T07:50:04.146Z [rpc] catching up from Console DB...
[relay:stress-user-02] 2026-09-14T07:50:04.147Z [rpc] catch-up comm: DISABLED (KANET_CATCHUP_COMM!=on) — historical backfill skipped by design, not fixed
[relay:stress-user-02] 2026-09-14T07:50:04.147Z [rpc] catch-up done: 0 handshakes accepted, 0 messages replied, DISABLED historical comms
[diag:tick-duration] relayHotwalletMonitorTick ms=5 checked=16 killed=0
[relay:stress-user-01] 2026-09-14T07:50:04.161Z [rpc] catching up from Console DB...
[relay:stress-user-03] 2026-09-14T07:50:04.161Z [rpc] catching up from Console DB...
[relay:stress-user-04] 2026-09-14T07:50:04.161Z [rpc] catching up from Console DB...
[relay:stress-user-07] 2026-09-14T07:50:04.161Z [rpc] catching up from Console DB...
[relay:stress-user-06] 2026-09-14T07:50:04.161Z [rpc] catching up from Console DB...
[relay:stress-user-01] 2026-09-14T07:50:04.165Z [rpc] catch-up comm: DISABLED (KANET_CATCHUP_COMM!=on) — historical backfill skipped by design, not fixed
[relay:stress-user-01] 2026-09-14T07:50:04.165Z [rpc] catch-up done: 0 handshakes accepted, 0 messages replied, DISABLED historical comms
[relay:stress-user-03] 2026-09-14T07:50:04.165Z [rpc] catch-up comm: DISABLED (KANET_CATCHUP_COMM!=on) — historical backfill skipped by design, not fixed
[relay:stress-user-03] 2026-09-14T07:50:04.165Z [rpc] catch-up done: 0 handshakes accepted, 0 messages replied, DISABLED historical comms
[relay:stress-user-06] 2026-09-14T07:50:04.165Z [rpc] catch-up comm: DISABLED (KANET_CATCHUP_COMM!=on) — historical backfill skipped by design, not fixed
[relay:stress-user-06] 2026-09-14T07:50:04.165Z [rpc] catch-up done: 0 handshakes accepted, 0 messages replied, DISABLED historical comms
[relay:stress-user-04] 2026-09-14T07:50:04.165Z [rpc] catch-up comm: DISABLED (KANET_CATCHUP_COMM!=on) — historical backfill skipped by design, not fixed
[relay:stress-user-04] 2026-09-14T07:50:04.166Z [rpc] catch-up done: 0 handshakes accepted, 0 messages replied, DISABLED historical comms
[relay:stress-user-07] 2026-09-14T07:50:04.166Z [rpc] catch-up comm: DISABLED (KANET_CATCHUP_COMM!=on) — historical backfill skipped by design, not fixed
[relay:stress-user-07] 2026-09-14T07:50:04.166Z [rpc] catch-up done: 0 handshakes accepted, 0 messages replied, DISABLED historical comms
[relay:stress-user-05] 2026-09-14T07:50:04.187Z [rpc] catching up from Console DB...
[relay:stress-control-01] 2026-09-14T07:50:04.187Z [rpc] catching up from Console DB...
[relay:stress-user-08] 2026-09-14T07:50:04.183Z [rpc] catching up from Console DB...
[relay:stress-control-02] 2026-09-14T07:50:04.183Z [rpc] catching up from Console DB...
[relay:stress-control-01] 2026-09-14T07:50:04.184Z [rpc] catch-up comm: DISABLED (KANET_CATCHUP_COMM!=on) — historical backfill skipped by design, not fixed
[relay:stress-control-01] 2026-09-14T07:50:04.184Z [rpc] catch-up done: 0 handshakes accepted, 0 messages replied, DISABLED historical comms
[relay:stress-user-05] 2026-09-14T07:50:04.189Z [rpc] catch-up comm: DISABLED (KANET_CATCHUP_COMM!=on) — historical backfill skipped by design, not fixed
[relay:stress-user-05] 2026-09-14T07:50:04.189Z [rpc] catch-up done: 0 handshakes accepted, 0 messages replied, DISABLED historical comms
[relay:stress-user-08] 2026-09-14T07:50:04.185Z [rpc] catch-up comm: DISABLED (KANET_CATCHUP_COMM!=on) — historical backfill skipped by design, not fixed
[relay:stress-user-08] 2026-09-14T07:50:04.185Z [rpc] catch-up done: 0 handshakes accepted, 0 messages replied, DISABLED historical comms
[relay:stress-control-02] 2026-09-14T07:50:04.185Z [rpc] catch-up comm: DISABLED (KANET_CATCHUP_COMM!=on) — historical backfill skipped by design, not fixed
[relay:stress-control-02] 2026-09-14T07:50:04.185Z [rpc] catch-up done: 0 handshakes accepted, 0 messages replied, DISABLED historical comms
[relay:J2] 2026-09-14T07:50:04.239Z [rpc] catching up from Console DB...
[relay:KANet-UI] 2026-09-14T07:50:04.240Z [rpc] catching up from Console DB...
[relay:Qclaude] 2026-09-14T07:50:04.240Z [rpc] catching up from Console DB...
[relay:Trader-A] 2026-09-14T07:50:04.240Z [rpc] catching up from Console DB...
[relay:J2] 2026-09-14T07:50:04.243Z [rpc] catch-up comm: DISABLED (KANET_CATCHUP_COMM!=on) — historical backfill skipped by design, not fixed
[relay:J2] 2026-09-14T07:50:04.243Z [rpc] catch-up done: 0 handshakes accepted, 0 messages replied, DISABLED historical comms
[relay:KANet-UI] 2026-09-14T07:50:04.243Z [rpc] catch-up comm: DISABLED (KANET_CATCHUP_COMM!=on) — historical backfill skipped by design, not fixed
[relay:KANet-UI] 2026-09-14T07:50:04.243Z [rpc] catch-up done: 0 handshakes accepted, 0 messages replied, DISABLED historical comms
[relay:Qclaude] 2026-09-14T07:50:04.243Z [rpc] catch-up comm: DISABLED (KANET_CATCHUP_COMM!=on) — historical backfill skipped by design, not fixed
[relay:Qclaude] 2026-09-14T07:50:04.243Z [rpc] catch-up done: 0 handshakes accepted, 0 messages replied, DISABLED historical comms
[relay:Trader-A] 2026-09-14T07:50:04.243Z [rpc] catch-up comm: DISABLED (KANET_CATCHUP_COMM!=on) — historical backfill skipped by design, not fixed
[relay:Trader-A] 2026-09-14T07:50:04.243Z [rpc] catch-up done: 0 handshakes accepted, 0 messages replied, DISABLED historical comms
[relay:Trader-M] 2026-09-14T07:50:04.255Z [rpc] catching up from Console DB...
[relay:Bettor] 2026-09-14T07:50:04.256Z [rpc] catching up from Console DB...
[relay:Bettor] 2026-09-14T07:50:04.257Z [rpc] catch-up comm: DISABLED (KANET_CATCHUP_COMM!=on) — historical backfill skipped by design, not fixed
[relay:Bettor] 2026-09-14T07:50:04.257Z [rpc] catch-up done: 0 handshakes accepted, 0 messages replied, DISABLED historical comms
[relay:Trader-M] 2026-09-14T07:50:04.257Z [rpc] catch-up comm: DISABLED (KANET_CATCHUP_COMM!=on) — historical backfill skipped by design, not fixed
[relay:Trader-M] 2026-09-14T07:50:04.257Z [rpc] catch-up done: 0 handshakes accepted, 0 messages replied, DISABLED historical comms
[diag:heap-sample] at=2026-09-14T07:50:09.104Z heapUsed=47MB heapTotal=52MB rss=134MB external=8MB arrayBuffers=0MB wasmBytes=4MB utxoFetchCalls=0
[diag:step] pair.scanAndIngestPairs ms=0 since_rowid=0 max_rowid=0 hits=0 at=2026-09-14T07:50:33.958Z
[diag:tick-duration] relayHealthMonitorTick ms=0 eligible=16 deadCount=0
[rpc-health] using local node: ws://127.0.0.1:17110
[diag:tick-duration] relayHotwalletMonitorTick ms=6 checked=16 killed=0
[diag:step] pair.scanAndIngestPairs ms=0 since_rowid=0 max_rowid=0 hits=0 at=2026-09-14T07:51:03.964Z
[relay:stress-user-02] 2026-09-14T07:51:04.145Z [rpc] catching up from Console DB...
[relay:stress-user-02] 2026-09-14T07:51:04.146Z [rpc] catch-up comm: DISABLED (KANET_CATCHUP_COMM!=on) — historical backfill skipped by design, not fixed
[relay:stress-user-02] 2026-09-14T07:51:04.146Z [rpc] catch-up done: 0 handshakes accepted, 0 messages replied, DISABLED historical comms
[diag:tick-duration] relayHealthMonitorTick ms=0 eligible=16 deadCount=0
[relay:stress-user-07] 2026-09-14T07:51:04.163Z [rpc] catching up from Console DB...
[relay:stress-user-04] 2026-09-14T07:51:04.164Z [rpc] catching up from Console DB...
[relay:stress-user-06] 2026-09-14T07:51:04.165Z [rpc] catching up from Console DB...
[relay:stress-user-03] 2026-09-14T07:51:04.165Z [rpc] catching up from Console DB...
[relay:stress-user-01] 2026-09-14T07:51:04.166Z [rpc] catching up from Console DB...
[relay:stress-user-07] 2026-09-14T07:51:04.168Z [rpc] catch-up comm: DISABLED (KANET_CATCHUP_COMM!=on) — historical backfill skipped by design, not fixed
[relay:stress-user-07] 2026-09-14T07:51:04.168Z [rpc] catch-up done: 0 handshakes accepted, 0 messages replied, DISABLED historical comms
[relay:stress-user-04] 2026-09-14T07:51:04.168Z [rpc] catch-up comm: DISABLED (KANET_CATCHUP_COMM!=on) — historical backfill skipped by design, not fixed
[relay:stress-user-04] 2026-09-14T07:51:04.168Z [rpc] catch-up done: 0 handshakes accepted, 0 messages replied, DISABLED historical comms
[relay:stress-user-06] 2026-09-14T07:51:04.168Z [rpc] catch-up comm: DISABLED (KANET_CATCHUP_COMM!=on) — historical backfill skipped by design, not fixed
[relay:stress-user-06] 2026-09-14T07:51:04.168Z [rpc] catch-up done: 0 handshakes accepted, 0 messages replied, DISABLED historical comms
[relay:stress-user-03] 2026-09-14T07:51:04.168Z [rpc] catch-up comm: DISABLED (KANET_CATCHUP_COMM!=on) — historical backfill skipped by design, not fixed
[relay:stress-user-03] 2026-09-14T07:51:04.168Z [rpc] catch-up done: 0 handshakes accepted, 0 messages replied, DISABLED historical comms
[relay:stress-user-01] 2026-09-14T07:51:04.169Z [rpc] catch-up comm: DISABLED (KANET_CATCHUP_COMM!=on) — historical backfill skipped by design, not fixed
[relay:stress-user-01] 2026-09-14T07:51:04.169Z [rpc] catch-up done: 0 handshakes accepted, 0 messages replied, DISABLED historical comms
[diag:tick-duration] relayHotwalletMonitorTick ms=11 checked=16 killed=0
[diag:step] mind-manager.priceMonitor ms=265 sync=1 ok=1 at=2026-09-14T07:51:04.188Z
[relay:stress-user-05] 2026-09-14T07:51:04.193Z [rpc] catching up from Console DB...
[relay:stress-control-02] 2026-09-14T07:51:04.194Z [rpc] catching up from Console DB...
[relay:stress-user-08] 2026-09-14T07:51:04.194Z [rpc] catching up from Console DB...
[relay:stress-control-01] 2026-09-14T07:51:04.194Z [rpc] catching up from Console DB...
[relay:stress-user-05] 2026-09-14T07:51:04.195Z [rpc] catch-up comm: DISABLED (KANET_CATCHUP_COMM!=on) — historical backfill skipped by design, not fixed
[relay:stress-user-05] 2026-09-14T07:51:04.195Z [rpc] catch-up done: 0 handshakes accepted, 0 messages replied, DISABLED historical comms
[relay:stress-control-02] 2026-09-14T07:51:04.197Z [rpc] catch-up comm: DISABLED (KANET_CATCHUP_COMM!=on) — historical backfill skipped by design, not fixed
[relay:stress-control-02] 2026-09-14T07:51:04.197Z [rpc] catch-up done: 0 handshakes accepted, 0 messages replied, DISABLED historical comms
[relay:stress-user-08] 2026-09-14T07:51:04.197Z [rpc] catch-up comm: DISABLED (KANET_CATCHUP_COMM!=on) — historical backfill skipped by design, not fixed
[relay:stress-user-08] 2026-09-14T07:51:04.197Z [rpc] catch-up done: 0 handshakes accepted, 0 messages replied, DISABLED historical comms
[relay:stress-control-01] 2026-09-14T07:51:04.197Z [rpc] catch-up comm: DISABLED (KANET_CATCHUP_COMM!=on) — historical backfill skipped by design, not fixed
[relay:stress-control-01] 2026-09-14T07:51:04.197Z [rpc] catch-up done: 0 handshakes accepted, 0 messages replied, DISABLED historical comms
[relay:J2] 2026-09-14T07:51:04.241Z [rpc] catching up from Console DB...
[relay:Trader-A] 2026-09-14T07:51:04.241Z [rpc] catching up from Console DB...
[relay:Qclaude] 2026-09-14T07:51:04.241Z [rpc] catching up from Console DB...
[relay:KANet-UI] 2026-09-14T07:51:04.241Z [rpc] catching up from Console DB...
[relay:J2] 2026-09-14T07:51:04.244Z [rpc] catch-up comm: DISABLED (KANET_CATCHUP_COMM!=on) — historical backfill skipped by design, not fixed
[relay:J2] 2026-09-14T07:51:04.244Z [rpc] catch-up done: 0 handshakes accepted, 0 messages replied, DISABLED historical comms
[relay:Trader-A] 2026-09-14T07:51:04.244Z [rpc] catch-up comm: DISABLED (KANET_CATCHUP_COMM!=on) — historical backfill skipped by design, not fixed
[relay:Trader-A] 2026-09-14T07:51:04.244Z [rpc] catch-up done: 0 handshakes accepted, 0 messages replied, DISABLED historical comms
[relay:Qclaude] 2026-09-14T07:51:04.244Z [rpc] catch-up comm: DISABLED (KANET_CATCHUP_COMM!=on) — historical backfill skipped by design, not fixed
[relay:Qclaude] 2026-09-14T07:51:04.244Z [rpc] catch-up done: 0 handshakes accepted, 0 messages replied, DISABLED historical comms
[relay:KANet-UI] 2026-09-14T07:51:04.244Z [rpc] catch-up comm: DISABLED (KANET_CATCHUP_COMM!=on) — historical backfill skipped by design, not fixed
[relay:KANet-UI] 2026-09-14T07:51:04.244Z [rpc] catch-up done: 0 handshakes accepted, 0 messages replied, DISABLED historical comms
[relay:Trader-M] 2026-09-14T07:51:04.257Z [rpc] catching up from Console DB...
[relay:Bettor] 2026-09-14T07:51:04.257Z [rpc] catching up from Console DB...
[relay:Trader-M] 2026-09-14T07:51:04.259Z [rpc] catch-up comm: DISABLED (KANET_CATCHUP_COMM!=on) — historical backfill skipped by design, not fixed
[relay:Trader-M] 2026-09-14T07:51:04.259Z [rpc] catch-up done: 0 handshakes accepted, 0 messages replied, DISABLED historical comms
[relay:Bettor] 2026-09-14T07:51:04.259Z [rpc] catch-up comm: DISABLED (KANET_CATCHUP_COMM!=on) — historical backfill skipped by design, not fixed
[relay:Bettor] 2026-09-14T07:51:04.259Z [rpc] catch-up done: 0 handshakes accepted, 0 messages replied, DISABLED historical comms
[diag:heap-sample] at=2026-09-14T07:51:09.734Z heapUsed=47MB heapTotal=52MB rss=133MB external=8MB arrayBuffers=0MB wasmBytes=4MB utxoFetchCalls=0
[relay:Qclaude] 2026-09-14T07:51:16.373Z [rpc] block #7000 (attempted: 0)
[relay:stress-control-01] 2026-09-14T07:51:16.374Z [rpc] block #7000 (attempted: 0)
[relay:stress-user-08] 2026-09-14T07:51:16.374Z [rpc] block #7000 (attempted: 0)
[relay:stress-user-02] 2026-09-14T07:51:16.373Z [rpc] block #7000 (attempted: 0)
[relay:stress-user-06] 2026-09-14T07:51:16.374Z [rpc] block #7000 (attempted: 0)
[relay:stress-user-05] 2026-09-14T07:51:16.373Z [rpc] block #7000 (attempted: 0)
[relay:J2] 2026-09-14T07:51:16.374Z [rpc] block #7000 (attempted: 0)
[relay:stress-user-01] 2026-09-14T07:51:16.374Z [rpc] block #7000 (attempted: 0)
[relay:KANet-UI] 2026-09-14T07:51:16.374Z [rpc] block #7000 (attempted: 0)
[relay:stress-user-03] 2026-09-14T07:51:16.374Z [rpc] block #7000 (attempted: 0)
[relay:stress-control-02] 2026-09-14T07:51:16.374Z [rpc] block #7000 (attempted: 0)
[relay:Trader-A] 2026-09-14T07:51:16.374Z [rpc] block #7000 (attempted: 0)
[relay:Trader-M] 2026-09-14T07:51:16.374Z [rpc] block #7000 (attempted: 0)
[relay:stress-user-07] 2026-09-14T07:51:16.374Z [rpc] block #7000 (attempted: 0)
[relay:stress-user-04] 2026-09-14T07:51:16.374Z [rpc] block #7000 (attempted: 0)
[relay:Bettor] 2026-09-14T07:51:16.374Z [rpc] block #7000 (attempted: 0)
[diag:step] pair.scanAndIngestPairs ms=1 since_rowid=0 max_rowid=0 hits=0 at=2026-09-14T07:51:33.966Z
[diag:tick-duration] relayHealthMonitorTick ms=0 eligible=16 deadCount=0
[diag:tick-duration] relayHotwalletMonitorTick ms=4 checked=16 killed=0
[diag:step] pair.scanAndIngestPairs ms=0 since_rowid=0 max_rowid=0 hits=0 at=2026-09-14T07:52:03.967Z
[diag:step] mind-manager.priceMonitor ms=196 sync=0 ok=1 at=2026-09-14T07:52:04.124Z
[relay:stress-user-02] 2026-09-14T07:52:04.149Z [rpc] catching up from Console DB...
[relay:stress-user-02] 2026-09-14T07:52:04.151Z [rpc] catch-up comm: DISABLED (KANET_CATCHUP_COMM!=on) — historical backfill skipped by design, not fixed
[relay:stress-user-02] 2026-09-14T07:52:04.151Z [rpc] catch-up done: 0 handshakes accepted, 0 messages replied, DISABLED historical comms
[relay:stress-user-07] 2026-09-14T07:52:04.157Z [rpc] catching up from Console DB...
[relay:stress-user-04] 2026-09-14T07:52:04.158Z [rpc] catching up from Console DB...
[relay:stress-user-03] 2026-09-14T07:52:04.158Z [rpc] catching up from Console DB...
[relay:stress-user-06] 2026-09-14T07:52:04.158Z [rpc] catching up from Console DB...
[relay:stress-user-04] 2026-09-14T07:52:04.160Z [rpc] catch-up comm: DISABLED (KANET_CATCHUP_COMM!=on) — historical backfill skipped by design, not fixed
[relay:stress-user-04] 2026-09-14T07:52:04.160Z [rpc] catch-up done: 0 handshakes accepted, 0 messages replied, DISABLED historical comms
[relay:stress-user-06] 2026-09-14T07:52:04.161Z [rpc] catch-up comm: DISABLED (KANET_CATCHUP_COMM!=on) — historical backfill skipped by design, not fixed
[relay:stress-user-06] 2026-09-14T07:52:04.161Z [rpc] catch-up done: 0 handshakes accepted, 0 messages replied, DISABLED historical comms
[relay:stress-user-03] 2026-09-14T07:52:04.161Z [rpc] catch-up comm: DISABLED (KANET_CATCHUP_COMM!=on) — historical backfill skipped by design, not fixed
[relay:stress-user-03] 2026-09-14T07:52:04.161Z [rpc] catch-up done: 0 handshakes accepted, 0 messages replied, DISABLED historical comms
[relay:stress-user-07] 2026-09-14T07:52:04.161Z [rpc] catch-up comm: DISABLED (KANET_CATCHUP_COMM!=on) — historical backfill skipped by design, not fixed
[relay:stress-user-07] 2026-09-14T07:52:04.161Z [rpc] catch-up done: 0 handshakes accepted, 0 messages replied, DISABLED historical comms
[diag:tick-duration] relayHealthMonitorTick ms=0 eligible=16 deadCount=0
[relay:stress-user-01] 2026-09-14T07:52:04.173Z [rpc] catching up from Console DB...
[relay:stress-user-01] 2026-09-14T07:52:04.175Z [rpc] catch-up comm: DISABLED (KANET_CATCHUP_COMM!=on) — historical backfill skipped by design, not fixed
[relay:stress-user-01] 2026-09-14T07:52:04.175Z [rpc] catch-up done: 0 handshakes accepted, 0 messages replied, DISABLED historical comms
[diag:tick-duration] relayHotwalletMonitorTick ms=5 checked=16 killed=0
[relay:stress-user-05] 2026-09-14T07:52:04.195Z [rpc] catching up from Console DB...
[relay:stress-control-01] 2026-09-14T07:52:04.197Z [rpc] catching up from Console DB...
[relay:stress-user-08] 2026-09-14T07:52:04.197Z [rpc] catching up from Console DB...
[relay:stress-control-02] 2026-09-14T07:52:04.197Z [rpc] catching up from Console DB...
[relay:stress-control-01] 2026-09-14T07:52:04.199Z [rpc] catch-up comm: DISABLED (KANET_CATCHUP_COMM!=on) — historical backfill skipped by design, not fixed
[relay:stress-control-01] 2026-09-14T07:52:04.199Z [rpc] catch-up done: 0 handshakes accepted, 0 messages replied, DISABLED historical comms
[relay:stress-user-05] 2026-09-14T07:52:04.198Z [rpc] catch-up comm: DISABLED (KANET_CATCHUP_COMM!=on) — historical backfill skipped by design, not fixed
[relay:stress-user-05] 2026-09-14T07:52:04.198Z [rpc] catch-up done: 0 handshakes accepted, 0 messages replied, DISABLED historical comms
[relay:stress-control-02] 2026-09-14T07:52:04.200Z [rpc] catch-up comm: DISABLED (KANET_CATCHUP_COMM!=on) — historical backfill skipped by design, not fixed
[relay:stress-control-02] 2026-09-14T07:52:04.200Z [rpc] catch-up done: 0 handshakes accepted, 0 messages replied, DISABLED historical comms
[relay:stress-user-08] 2026-09-14T07:52:04.200Z [rpc] catch-up comm: DISABLED (KANET_CATCHUP_COMM!=on) — historical backfill skipped by design, not fixed
[relay:stress-user-08] 2026-09-14T07:52:04.200Z [rpc] catch-up done: 0 handshakes accepted, 0 messages replied, DISABLED historical comms
[relay:J2] 2026-09-14T07:52:04.243Z [rpc] catching up from Console DB...
[relay:Trader-A] 2026-09-14T07:52:04.244Z [rpc] catching up from Console DB...
[relay:KANet-UI] 2026-09-14T07:52:04.244Z [rpc] catching up from Console DB...
[relay:Qclaude] 2026-09-14T07:52:04.244Z [rpc] catching up from Console DB...
[relay:KANet-UI] 2026-09-14T07:52:04.247Z [rpc] catch-up comm: DISABLED (KANET_CATCHUP_COMM!=on) — historical backfill skipped by design, not fixed
[relay:KANet-UI] 2026-09-14T07:52:04.247Z [rpc] catch-up done: 0 handshakes accepted, 0 messages replied, DISABLED historical comms
[relay:Trader-A] 2026-09-14T07:52:04.247Z [rpc] catch-up comm: DISABLED (KANET_CATCHUP_COMM!=on) — historical backfill skipped by design, not fixed
[relay:Trader-A] 2026-09-14T07:52:04.247Z [rpc] catch-up done: 0 handshakes accepted, 0 messages replied, DISABLED historical comms
[relay:J2] 2026-09-14T07:52:04.247Z [rpc] catch-up comm: DISABLED (KANET_CATCHUP_COMM!=on) — historical backfill skipped by design, not fixed
[relay:J2] 2026-09-14T07:52:04.247Z [rpc] catch-up done: 0 handshakes accepted, 0 messages replied, DISABLED historical comms
[relay:Qclaude] 2026-09-14T07:52:04.247Z [rpc] catch-up comm: DISABLED (KANET_CATCHUP_COMM!=on) — historical backfill skipped by design, not fixed
[relay:Qclaude] 2026-09-14T07:52:04.247Z [rpc] catch-up done: 0 handshakes accepted, 0 messages replied, DISABLED historical comms
[relay:Bettor] 2026-09-14T07:52:04.260Z [rpc] catching up from Console DB...
[relay:Trader-M] 2026-09-14T07:52:04.260Z [rpc] catching up from Console DB...
[relay:Bettor] 2026-09-14T07:52:04.262Z [rpc] catch-up comm: DISABLED (KANET_CATCHUP_COMM!=on) — historical backfill skipped by design, not fixed
[relay:Bettor] 2026-09-14T07:52:04.262Z [rpc] catch-up done: 0 handshakes accepted, 0 messages replied, DISABLED historical comms
[relay:Trader-M] 2026-09-14T07:52:04.263Z [rpc] catch-up comm: DISABLED (KANET_CATCHUP_COMM!=on) — historical backfill skipped by design, not fixed
[relay:Trader-M] 2026-09-14T07:52:04.263Z [rpc] catch-up done: 0 handshakes accepted, 0 messages replied, DISABLED historical comms
[diag:heap-sample] at=2026-09-14T07:52:10.333Z heapUsed=48MB heapTotal=52MB rss=133MB external=8MB arrayBuffers=0MB wasmBytes=4MB utxoFetchCalls=0
[diag:step] pair.scanAndIngestPairs ms=0 since_rowid=0 max_rowid=0 hits=0 at=2026-09-14T07:52:33.973Z
[diag:tick-duration] relayHealthMonitorTick ms=1 eligible=16 deadCount=0
[diag:tick-duration] relayHotwalletMonitorTick ms=5 checked=16 killed=0
[relay:J2] 2026-09-14T07:52:48.354Z [rpc] block #8000 (attempted: 0)
[relay:stress-user-06] 2026-09-14T07:52:48.347Z [rpc] block #8000 (attempted: 0)
[relay:Trader-A] 2026-09-14T07:52:48.354Z [rpc] block #8000 (attempted: 0)
[relay:stress-control-02] 2026-09-14T07:52:48.354Z [rpc] block #8000 (attempted: 0)
[relay:KANet-UI] 2026-09-14T07:52:48.354Z [rpc] block #8000 (attempted: 0)
[relay:Trader-M] 2026-09-14T07:52:48.354Z [rpc] block #8000 (attempted: 0)
[relay:stress-user-05] 2026-09-14T07:52:48.352Z [rpc] block #8000 (attempted: 0)
[relay:stress-control-01] 2026-09-14T07:52:48.354Z [rpc] block #8000 (attempted: 0)
[relay:stress-user-03] 2026-09-14T07:52:48.347Z [rpc] block #8000 (attempted: 0)
[relay:stress-user-02] 2026-09-14T07:52:48.354Z [rpc] block #8000 (attempted: 0)
[relay:Bettor] 2026-09-14T07:52:48.354Z [rpc] block #8000 (attempted: 0)
[relay:Qclaude] 2026-09-14T07:52:48.354Z [rpc] block #8000 (attempted: 0)
[relay:stress-user-01] 2026-09-14T07:52:48.347Z [rpc] block #8000 (attempted: 0)
[relay:stress-user-04] 2026-09-14T07:52:48.346Z [rpc] block #8000 (attempted: 0)
[relay:stress-user-08] 2026-09-14T07:52:48.354Z [rpc] block #8000 (attempted: 0)
[relay:stress-user-07] 2026-09-14T07:52:48.347Z [rpc] block #8000 (attempted: 0)
[diag:step] pair.scanAndIngestPairs ms=0 since_rowid=0 max_rowid=0 hits=0 at=2026-09-14T07:53:03.975Z
[diag:step] mind-manager.priceMonitor ms=161 sync=1 ok=1 at=2026-09-14T07:53:04.089Z
[relay:stress-user-02] 2026-09-14T07:53:04.163Z [rpc] catching up from Console DB...
[relay:stress-user-02] 2026-09-14T07:53:04.165Z [rpc] catch-up comm: DISABLED (KANET_CATCHUP_COMM!=on) — historical backfill skipped by design, not fixed
[relay:stress-user-02] 2026-09-14T07:53:04.166Z [rpc] catch-up done: 0 handshakes accepted, 0 messages replied, DISABLED historical comms
[relay:stress-user-06] 2026-09-14T07:53:04.177Z [rpc] catching up from Console DB...
[relay:stress-user-04] 2026-09-14T07:53:04.177Z [rpc] catching up from Console DB...
[relay:stress-user-07] 2026-09-14T07:53:04.179Z [rpc] catching up from Console DB...
[relay:stress-user-03] 2026-09-14T07:53:04.180Z [rpc] catching up from Console DB...
[relay:stress-user-01] 2026-09-14T07:53:04.180Z [rpc] catching up from Console DB...
[relay:stress-user-07] 2026-09-14T07:53:04.184Z [rpc] catch-up comm: DISABLED (KANET_CATCHUP_COMM!=on) — historical backfill skipped by design, not fixed
[relay:stress-user-07] 2026-09-14T07:53:04.184Z [rpc] catch-up done: 0 handshakes accepted, 0 messages replied, DISABLED historical comms
[relay:stress-user-03] 2026-09-14T07:53:04.184Z [rpc] catch-up comm: DISABLED (KANET_CATCHUP_COMM!=on) — historical backfill skipped by design, not fixed
[relay:stress-user-03] 2026-09-14T07:53:04.184Z [rpc] catch-up done: 0 handshakes accepted, 0 messages replied, DISABLED historical comms
[relay:stress-user-01] 2026-09-14T07:53:04.184Z [rpc] catch-up comm: DISABLED (KANET_CATCHUP_COMM!=on) — historical backfill skipped by design, not fixed
[relay:stress-user-01] 2026-09-14T07:53:04.184Z [rpc] catch-up done: 0 handshakes accepted, 0 messages replied, DISABLED historical comms
[relay:stress-user-06] 2026-09-14T07:53:04.181Z [rpc] catch-up comm: DISABLED (KANET_CATCHUP_COMM!=on) — historical backfill skipped by design, not fixed
[relay:stress-user-06] 2026-09-14T07:53:04.181Z [rpc] catch-up done: 0 handshakes accepted, 0 messages replied, DISABLED historical comms
[relay:stress-user-04] 2026-09-14T07:53:04.182Z [rpc] catch-up comm: DISABLED (KANET_CATCHUP_COMM!=on) — historical backfill skipped by design, not fixed
[relay:stress-user-04] 2026-09-14T07:53:04.182Z [rpc] catch-up done: 0 handshakes accepted, 0 messages replied, DISABLED historical comms
[diag:tick-duration] relayHealthMonitorTick ms=0 eligible=16 deadCount=0
[relay:stress-user-05] 2026-09-14T07:53:04.196Z [rpc] catching up from Console DB...
[relay:stress-user-05] 2026-09-14T07:53:04.197Z [rpc] catch-up comm: DISABLED (KANET_CATCHUP_COMM!=on) — historical backfill skipped by design, not fixed
[relay:stress-user-05] 2026-09-14T07:53:04.197Z [rpc] catch-up done: 0 handshakes accepted, 0 messages replied, DISABLED historical comms
[diag:tick-duration] relayHotwalletMonitorTick ms=6 checked=16 killed=0
[relay:stress-user-08] 2026-09-14T07:53:04.211Z [rpc] catching up from Console DB...
[relay:stress-control-02] 2026-09-14T07:53:04.211Z [rpc] catching up from Console DB...
[relay:stress-control-01] 2026-09-14T07:53:04.211Z [rpc] catching up from Console DB...
[relay:stress-user-08] 2026-09-14T07:53:04.213Z [rpc] catch-up comm: DISABLED (KANET_CATCHUP_COMM!=on) — historical backfill skipped by design, not fixed
[relay:stress-user-08] 2026-09-14T07:53:04.213Z [rpc] catch-up done: 0 handshakes accepted, 0 messages replied, DISABLED historical comms
[relay:stress-control-02] 2026-09-14T07:53:04.213Z [rpc] catch-up comm: DISABLED (KANET_CATCHUP_COMM!=on) — historical backfill skipped by design, not fixed
[relay:stress-control-02] 2026-09-14T07:53:04.213Z [rpc] catch-up done: 0 handshakes accepted, 0 messages replied, DISABLED historical comms
[relay:stress-control-01] 2026-09-14T07:53:04.213Z [rpc] catch-up comm: DISABLED (KANET_CATCHUP_COMM!=on) — historical backfill skipped by design, not fixed
[relay:stress-control-01] 2026-09-14T07:53:04.213Z [rpc] catch-up done: 0 handshakes accepted, 0 messages replied, DISABLED historical comms
[relay:J2] 2026-09-14T07:53:04.258Z [rpc] catching up from Console DB...
[relay:Qclaude] 2026-09-14T07:53:04.259Z [rpc] catching up from Console DB...
[relay:Trader-A] 2026-09-14T07:53:04.259Z [rpc] catching up from Console DB...
[relay:KANet-UI] 2026-09-14T07:53:04.259Z [rpc] catching up from Console DB...
[relay:J2] 2026-09-14T07:53:04.260Z [rpc] catch-up comm: DISABLED (KANET_CATCHUP_COMM!=on) — historical backfill skipped by design, not fixed
[relay:J2] 2026-09-14T07:53:04.260Z [rpc] catch-up done: 0 handshakes accepted, 0 messages replied, DISABLED historical comms
[relay:KANet-UI] 2026-09-14T07:53:04.261Z [rpc] catch-up comm: DISABLED (KANET_CATCHUP_COMM!=on) — historical backfill skipped by design, not fixed
[relay:KANet-UI] 2026-09-14T07:53:04.261Z [rpc] catch-up done: 0 handshakes accepted, 0 messages replied, DISABLED historical comms
[relay:Qclaude] 2026-09-14T07:53:04.261Z [rpc] catch-up comm: DISABLED (KANET_CATCHUP_COMM!=on) — historical backfill skipped by design, not fixed
[relay:Qclaude] 2026-09-14T07:53:04.261Z [rpc] catch-up done: 0 handshakes accepted, 0 messages replied, DISABLED historical comms
[relay:Trader-A] 2026-09-14T07:53:04.261Z [rpc] catch-up comm: DISABLED (KANET_CATCHUP_COMM!=on) — historical backfill skipped by design, not fixed
[relay:Trader-A] 2026-09-14T07:53:04.261Z [rpc] catch-up done: 0 handshakes accepted, 0 messages replied, DISABLED historical comms
[relay:Trader-M] 2026-09-14T07:53:04.274Z [rpc] catching up from Console DB...
[relay:Bettor] 2026-09-14T07:53:04.274Z [rpc] catching up from Console DB...
[relay:Trader-M] 2026-09-14T07:53:04.276Z [rpc] catch-up comm: DISABLED (KANET_CATCHUP_COMM!=on) — historical backfill skipped by design, not fixed
[relay:Trader-M] 2026-09-14T07:53:04.276Z [rpc] catch-up done: 0 handshakes accepted, 0 messages replied, DISABLED historical comms
[relay:Bettor] 2026-09-14T07:53:04.276Z [rpc] catch-up comm: DISABLED (KANET_CATCHUP_COMM!=on) — historical backfill skipped by design, not fixed
[relay:Bettor] 2026-09-14T07:53:04.277Z [rpc] catch-up done: 0 handshakes accepted, 0 messages replied, DISABLED historical comms
[diag:heap-sample] at=2026-09-14T07:53:10.925Z heapUsed=48MB heapTotal=52MB rss=133MB external=8MB arrayBuffers=0MB wasmBytes=4MB utxoFetchCalls=0
[diag:step] pair.scanAndIngestPairs ms=0 since_rowid=0 max_rowid=0 hits=0 at=2026-09-14T07:53:33.986Z
[diag:tick-duration] relayHealthMonitorTick ms=0 eligible=16 deadCount=0
[diag:tick-duration] relayHotwalletMonitorTick ms=5 checked=16 killed=0
[diag:step] pair.scanAndIngestPairs ms=0 since_rowid=0 max_rowid=0 hits=0 at=2026-09-14T07:54:03.992Z
[diag:step] mind-manager.priceMonitor ms=168 sync=1 ok=1 at=2026-09-14T07:54:04.097Z
[relay:stress-user-02] 2026-09-14T07:54:04.176Z [rpc] catching up from Console DB...
[relay:stress-user-02] 2026-09-14T07:54:04.177Z [rpc] catch-up comm: DISABLED (KANET_CATCHUP_COMM!=on) — historical backfill skipped by design, not fixed
[relay:stress-user-02] 2026-09-14T07:54:04.177Z [rpc] catch-up done: 0 handshakes accepted, 0 messages replied, DISABLED historical comms
[relay:stress-user-04] 2026-09-14T07:54:04.192Z [rpc] catching up from Console DB...
[relay:stress-user-07] 2026-09-14T07:54:04.192Z [rpc] catching up from Console DB...
[relay:stress-user-06] 2026-09-14T07:54:04.193Z [rpc] catching up from Console DB...
[relay:stress-user-01] 2026-09-14T07:54:04.193Z [rpc] catching up from Console DB...
[relay:stress-user-03] 2026-09-14T07:54:04.193Z [rpc] catching up from Console DB...
[relay:stress-user-04] 2026-09-14T07:54:04.196Z [rpc] catch-up comm: DISABLED (KANET_CATCHUP_COMM!=on) — historical backfill skipped by design, not fixed
[relay:stress-user-04] 2026-09-14T07:54:04.196Z [rpc] catch-up done: 0 handshakes accepted, 0 messages replied, DISABLED historical comms
[relay:stress-user-06] 2026-09-14T07:54:04.196Z [rpc] catch-up comm: DISABLED (KANET_CATCHUP_COMM!=on) — historical backfill skipped by design, not fixed
[relay:stress-user-06] 2026-09-14T07:54:04.196Z [rpc] catch-up done: 0 handshakes accepted, 0 messages replied, DISABLED historical comms
[relay:stress-user-03] 2026-09-14T07:54:04.196Z [rpc] catch-up comm: DISABLED (KANET_CATCHUP_COMM!=on) — historical backfill skipped by design, not fixed
[relay:stress-user-03] 2026-09-14T07:54:04.196Z [rpc] catch-up done: 0 handshakes accepted, 0 messages replied, DISABLED historical comms
[relay:stress-user-07] 2026-09-14T07:54:04.196Z [rpc] catch-up comm: DISABLED (KANET_CATCHUP_COMM!=on) — historical backfill skipped by design, not fixed
[relay:stress-user-07] 2026-09-14T07:54:04.196Z [rpc] catch-up done: 0 handshakes accepted, 0 messages replied, DISABLED historical comms
[relay:stress-user-01] 2026-09-14T07:54:04.197Z [rpc] catch-up comm: DISABLED (KANET_CATCHUP_COMM!=on) — historical backfill skipped by design, not fixed
[relay:stress-user-01] 2026-09-14T07:54:04.197Z [rpc] catch-up done: 0 handshakes accepted, 0 messages replied, DISABLED historical comms
[relay-health] stress-user-05 dead (reason=lastLogAt stale 60s (>60s)) — auto-restart attempt #1
[diag:relay-health-per-relay] stress-user-05 startRelay ms=0
[diag:tick-duration] relayHealthMonitorTick ms=1 eligible=16 deadCount=1
[relay:stress-user-05] 2026-09-14T07:54:04.208Z [rpc] catching up from Console DB...
[relay:stress-user-05] 2026-09-14T07:54:04.211Z [rpc] catch-up comm: DISABLED (KANET_CATCHUP_COMM!=on) — historical backfill skipped by design, not fixed
[relay:stress-user-05] 2026-09-14T07:54:04.211Z [rpc] catch-up done: 0 handshakes accepted, 0 messages replied, DISABLED historical comms
[diag:tick-duration] relayHotwalletMonitorTick ms=5 checked=16 killed=0
[relay:stress-control-01] 2026-09-14T07:54:04.224Z [rpc] catching up from Console DB...
[relay:stress-control-02] 2026-09-14T07:54:04.224Z [rpc] catching up from Console DB...
[relay:stress-user-08] 2026-09-14T07:54:04.225Z [rpc] catching up from Console DB...
[relay:stress-control-01] 2026-09-14T07:54:04.227Z [rpc] catch-up comm: DISABLED (KANET_CATCHUP_COMM!=on) — historical backfill skipped by design, not fixed
[relay:stress-control-01] 2026-09-14T07:54:04.227Z [rpc] catch-up done: 0 handshakes accepted, 0 messages replied, DISABLED historical comms
[relay:stress-control-02] 2026-09-14T07:54:04.227Z [rpc] catch-up comm: DISABLED (KANET_CATCHUP_COMM!=on) — historical backfill skipped by design, not fixed
[relay:stress-control-02] 2026-09-14T07:54:04.227Z [rpc] catch-up done: 0 handshakes accepted, 0 messages replied, DISABLED historical comms
[relay:stress-user-08] 2026-09-14T07:54:04.227Z [rpc] catch-up comm: DISABLED (KANET_CATCHUP_COMM!=on) — historical backfill skipped by design, not fixed
[relay:stress-user-08] 2026-09-14T07:54:04.227Z [rpc] catch-up done: 0 handshakes accepted, 0 messages replied, DISABLED historical comms
[relay:J2] 2026-09-14T07:54:04.270Z [rpc] catching up from Console DB...
[relay:Qclaude] 2026-09-14T07:54:04.271Z [rpc] catching up from Console DB...
[relay:KANet-UI] 2026-09-14T07:54:04.271Z [rpc] catching up from Console DB...
[relay:Trader-A] 2026-09-14T07:54:04.271Z [rpc] catching up from Console DB...
[relay:J2] 2026-09-14T07:54:04.272Z [rpc] catch-up comm: DISABLED (KANET_CATCHUP_COMM!=on) — historical backfill skipped by design, not fixed
[relay:J2] 2026-09-14T07:54:04.272Z [rpc] catch-up done: 0 handshakes accepted, 0 messages replied, DISABLED historical comms
[relay:KANet-UI] 2026-09-14T07:54:04.273Z [rpc] catch-up comm: DISABLED (KANET_CATCHUP_COMM!=on) — historical backfill skipped by design, not fixed
[relay:KANet-UI] 2026-09-14T07:54:04.273Z [rpc] catch-up done: 0 handshakes accepted, 0 messages replied, DISABLED historical comms
[relay:Qclaude] 2026-09-14T07:54:04.273Z [rpc] catch-up comm: DISABLED (KANET_CATCHUP_COMM!=on) — historical backfill skipped by design, not fixed
[relay:Qclaude] 2026-09-14T07:54:04.273Z [rpc] catch-up done: 0 handshakes accepted, 0 messages replied, DISABLED historical comms
[relay:Trader-A] 2026-09-14T07:54:04.273Z [rpc] catch-up comm: DISABLED (KANET_CATCHUP_COMM!=on) — historical backfill skipped by design, not fixed
[relay:Trader-A] 2026-09-14T07:54:04.273Z [rpc] catch-up done: 0 handshakes accepted, 0 messages replied, DISABLED historical comms
[relay:Trader-M] 2026-09-14T07:54:04.286Z [rpc] catching up from Console DB...
[relay:Bettor] 2026-09-14T07:54:04.286Z [rpc] catching up from Console DB...
[relay:Trader-M] 2026-09-14T07:54:04.289Z [rpc] catch-up comm: DISABLED (KANET_CATCHUP_COMM!=on) — historical backfill skipped by design, not fixed
[relay:Bettor] 2026-09-14T07:54:04.289Z [rpc] catch-up comm: DISABLED (KANET_CATCHUP_COMM!=on) — historical backfill skipped by design, not fixed
[relay:Bettor] 2026-09-14T07:54:04.289Z [rpc] catch-up done: 0 handshakes accepted, 0 messages replied, DISABLED historical comms
[relay:Trader-M] 2026-09-14T07:54:04.289Z [rpc] catch-up done: 0 handshakes accepted, 0 messages replied, DISABLED historical comms
[diag:heap-sample] at=2026-09-14T07:54:11.336Z heapUsed=48MB heapTotal=52MB rss=134MB external=8MB arrayBuffers=0MB wasmBytes=4MB utxoFetchCalls=0
[relay:KANet-UI] 2026-09-14T07:54:25.659Z [rpc] block #9000 (attempted: 0)
[relay:stress-user-08] 2026-09-14T07:54:25.659Z [rpc] block #9000 (attempted: 0)
[relay:stress-user-04] 2026-09-14T07:54:25.659Z [rpc] block #9000 (attempted: 0)
[relay:stress-user-01] 2026-09-14T07:54:25.659Z [rpc] block #9000 (attempted: 0)
[relay:Qclaude] 2026-09-14T07:54:25.659Z [rpc] block #9000 (attempted: 0)
[relay:stress-user-06] 2026-09-14T07:54:25.659Z [rpc] block #9000 (attempted: 0)
[relay:stress-user-02] 2026-09-14T07:54:25.659Z [rpc] block #9000 (attempted: 0)
[relay:Trader-M] 2026-09-14T07:54:25.659Z [rpc] block #9000 (attempted: 0)
[relay:Trader-A] 2026-09-14T07:54:25.659Z [rpc] block #9000 (attempted: 0)
[relay:stress-user-05] 2026-09-14T07:54:25.659Z [rpc] block #9000 (attempted: 0)
[relay:stress-control-01] 2026-09-14T07:54:25.660Z [rpc] block #9000 (attempted: 0)
[relay:stress-user-03] 2026-09-14T07:54:25.659Z [rpc] block #9000 (attempted: 0)
[relay:stress-user-07] 2026-09-14T07:54:25.660Z [rpc] block #9000 (attempted: 0)
[relay:stress-control-02] 2026-09-14T07:54:25.660Z [rpc] block #9000 (attempted: 0)
[relay:Bettor] 2026-09-14T07:54:25.659Z [rpc] block #9000 (attempted: 0)
[relay:J2] 2026-09-14T07:54:25.659Z [rpc] block #9000 (attempted: 0)
[diag:step] pair.scanAndIngestPairs ms=0 since_rowid=0 max_rowid=0 hits=0 at=2026-09-14T07:54:33.995Z
[diag:tick-duration] relayHealthMonitorTick ms=0 eligible=16 deadCount=0
[diag:tick-duration] relayHotwalletMonitorTick ms=5 checked=16 killed=0
[diag:step] pair.scanAndIngestPairs ms=0 since_rowid=0 max_rowid=0 hits=0 at=2026-09-14T07:55:03.997Z
[diag:step] pool.selectMarkets.all ms=0 rows=0 at=2026-09-14T07:55:04.017Z
[diag:tick-duration] poolSettlerTick ms=0
[diag:step] pool.tick.phases ms=0 pre=0 dw=0 select=0 post=0 rows=0 t0=2026-09-14T07:55:04.017Z at=2026-09-14T07:55:04.017Z
[diag:step] mind-manager.priceMonitor ms=99 sync=1 ok=1 at=2026-09-14T07:55:04.032Z
[relay:stress-user-02] 2026-09-14T07:55:04.186Z [rpc] catching up from Console DB...
[relay:stress-user-02] 2026-09-14T07:55:04.187Z [rpc] catch-up comm: DISABLED (KANET_CATCHUP_COMM!=on) — historical backfill skipped by design, not fixed
[relay:stress-user-02] 2026-09-14T07:55:04.187Z [rpc] catch-up done: 0 handshakes accepted, 0 messages replied, DISABLED historical comms
[relay:stress-user-03] 2026-09-14T07:55:04.201Z [rpc] catching up from Console DB...
[relay:stress-user-06] 2026-09-14T07:55:04.202Z [rpc] catching up from Console DB...
[relay:stress-user-07] 2026-09-14T07:55:04.202Z [rpc] catching up from Console DB...
[relay:stress-user-01] 2026-09-14T07:55:04.202Z [rpc] catching up from Console DB...
[relay:stress-user-04] 2026-09-14T07:55:04.202Z [rpc] catching up from Console DB...
[relay:stress-user-03] 2026-09-14T07:55:04.204Z [rpc] catch-up comm: DISABLED (KANET_CATCHUP_COMM!=on) — historical backfill skipped by design, not fixed
[relay:stress-user-03] 2026-09-14T07:55:04.204Z [rpc] catch-up done: 0 handshakes accepted, 0 messages replied, DISABLED historical comms
[relay:stress-user-06] 2026-09-14T07:55:04.204Z [rpc] catch-up comm: DISABLED (KANET_CATCHUP_COMM!=on) — historical backfill skipped by design, not fixed
[relay:stress-user-06] 2026-09-14T07:55:04.205Z [rpc] catch-up done: 0 handshakes accepted, 0 messages replied, DISABLED historical comms
[relay:stress-user-07] 2026-09-14T07:55:04.205Z [rpc] catch-up comm: DISABLED (KANET_CATCHUP_COMM!=on) — historical backfill skipped by design, not fixed
[relay:stress-user-07] 2026-09-14T07:55:04.205Z [rpc] catch-up done: 0 handshakes accepted, 0 messages replied, DISABLED historical comms
[relay:stress-user-04] 2026-09-14T07:55:04.205Z [rpc] catch-up comm: DISABLED (KANET_CATCHUP_COMM!=on) — historical backfill skipped by design, not fixed
[relay:stress-user-04] 2026-09-14T07:55:04.205Z [rpc] catch-up done: 0 handshakes accepted, 0 messages replied, DISABLED historical comms
[relay:stress-user-01] 2026-09-14T07:55:04.205Z [rpc] catch-up comm: DISABLED (KANET_CATCHUP_COMM!=on) — historical backfill skipped by design, not fixed
[relay:stress-user-01] 2026-09-14T07:55:04.205Z [rpc] catch-up done: 0 handshakes accepted, 0 messages replied, DISABLED historical comms
[relay:stress-user-05] 2026-09-14T07:55:04.217Z [rpc] catching up from Console DB...
[relay:stress-user-05] 2026-09-14T07:55:04.219Z [rpc] catch-up comm: DISABLED (KANET_CATCHUP_COMM!=on) — historical backfill skipped by design, not fixed
[relay:stress-user-05] 2026-09-14T07:55:04.219Z [rpc] catch-up done: 0 handshakes accepted, 0 messages replied, DISABLED historical comms
[diag:tick-duration] relayHealthMonitorTick ms=0 eligible=16 deadCount=0
[relay:stress-control-02] 2026-09-14T07:55:04.233Z [rpc] catching up from Console DB...
[relay:stress-user-08] 2026-09-14T07:55:04.233Z [rpc] catching up from Console DB...
[relay:stress-control-01] 2026-09-14T07:55:04.233Z [rpc] catching up from Console DB...
[relay:stress-control-02] 2026-09-14T07:55:04.236Z [rpc] catch-up comm: DISABLED (KANET_CATCHUP_COMM!=on) — historical backfill skipped by design, not fixed
[relay:stress-control-02] 2026-09-14T07:55:04.236Z [rpc] catch-up done: 0 handshakes accepted, 0 messages replied, DISABLED historical comms
[relay:stress-user-08] 2026-09-14T07:55:04.236Z [rpc] catch-up comm: DISABLED (KANET_CATCHUP_COMM!=on) — historical backfill skipped by design, not fixed
[relay:stress-user-08] 2026-09-14T07:55:04.236Z [rpc] catch-up done: 0 handshakes accepted, 0 messages replied, DISABLED historical comms
[relay:stress-control-01] 2026-09-14T07:55:04.236Z [rpc] catch-up comm: DISABLED (KANET_CATCHUP_COMM!=on) — historical backfill skipped by design, not fixed
[relay:stress-control-01] 2026-09-14T07:55:04.236Z [rpc] catch-up done: 0 handshakes accepted, 0 messages replied, DISABLED historical comms
[diag:tick-duration] relayHotwalletMonitorTick ms=8 checked=16 killed=0
[relay:J2] 2026-09-14T07:55:04.279Z [rpc] catching up from Console DB...
[relay:Qclaude] 2026-09-14T07:55:04.280Z [rpc] catching up from Console DB...
[relay:Trader-A] 2026-09-14T07:55:04.280Z [rpc] catching up from Console DB...
[relay:KANet-UI] 2026-09-14T07:55:04.280Z [rpc] catching up from Console DB...
[relay:J2] 2026-09-14T07:55:04.282Z [rpc] catch-up comm: DISABLED (KANET_CATCHUP_COMM!=on) — historical backfill skipped by design, not fixed
[relay:J2] 2026-09-14T07:55:04.282Z [rpc] catch-up done: 0 handshakes accepted, 0 messages replied, DISABLED historical comms
[relay:Qclaude] 2026-09-14T07:55:04.282Z [rpc] catch-up comm: DISABLED (KANET_CATCHUP_COMM!=on) — historical backfill skipped by design, not fixed
[relay:Qclaude] 2026-09-14T07:55:04.282Z [rpc] catch-up done: 0 handshakes accepted, 0 messages replied, DISABLED historical comms
[relay:Trader-A] 2026-09-14T07:55:04.282Z [rpc] catch-up comm: DISABLED (KANET_CATCHUP_COMM!=on) — historical backfill skipped by design, not fixed
[relay:Trader-A] 2026-09-14T07:55:04.282Z [rpc] catch-up done: 0 handshakes accepted, 0 messages replied, DISABLED historical comms
[relay:KANet-UI] 2026-09-14T07:55:04.283Z [rpc] catch-up comm: DISABLED (KANET_CATCHUP_COMM!=on) — historical backfill skipped by design, not fixed
[relay:KANet-UI] 2026-09-14T07:55:04.283Z [rpc] catch-up done: 0 handshakes accepted, 0 messages replied, DISABLED historical comms
[relay:Trader-M] 2026-09-14T07:55:04.295Z [rpc] catching up from Console DB...
[relay:Bettor] 2026-09-14T07:55:04.295Z [rpc] catching up from Console DB...
[relay:Bettor] 2026-09-14T07:55:04.297Z [rpc] catch-up comm: DISABLED (KANET_CATCHUP_COMM!=on) — historical backfill skipped by design, not fixed
[relay:Bettor] 2026-09-14T07:55:04.297Z [rpc] catch-up done: 0 handshakes accepted, 0 messages replied, DISABLED historical comms
[relay:Trader-M] 2026-09-14T07:55:04.297Z [rpc] catch-up comm: DISABLED (KANET_CATCHUP_COMM!=on) — historical backfill skipped by design, not fixed
[relay:Trader-M] 2026-09-14T07:55:04.297Z [rpc] catch-up done: 0 handshakes accepted, 0 messages replied, DISABLED historical comms
[diag:heap-sample] at=2026-09-14T07:55:11.692Z heapUsed=48MB heapTotal=53MB rss=134MB external=8MB arrayBuffers=0MB wasmBytes=4MB utxoFetchCalls=0
[diag:step] pair.scanAndIngestPairs ms=0 since_rowid=0 max_rowid=0 hits=0 at=2026-09-14T07:55:34.012Z
[diag:tick-duration] relayHealthMonitorTick ms=0 eligible=16 deadCount=0
[rpc-health] using local node: ws://127.0.0.1:17110
[diag:tick-duration] relayHotwalletMonitorTick ms=5 checked=16 killed=0
[relay:Bettor] 2026-09-14T07:55:59.202Z [rpc] block #10000 (attempted: 0)
[relay:stress-user-05] 2026-09-14T07:55:59.202Z [rpc] block #10000 (attempted: 0)
[relay:KANet-UI] 2026-09-14T07:55:59.202Z [rpc] block #10000 (attempted: 0)
[relay:stress-user-04] 2026-09-14T07:55:59.202Z [rpc] block #10000 (attempted: 0)
[relay:stress-user-08] 2026-09-14T07:55:59.202Z [rpc] block #10000 (attempted: 0)
[relay:stress-user-02] 2026-09-14T07:55:59.203Z [rpc] block #10000 (attempted: 0)
[relay:Qclaude] 2026-09-14T07:55:59.202Z [rpc] block #10000 (attempted: 0)
[relay:stress-user-07] 2026-09-14T07:55:59.202Z [rpc] block #10000 (attempted: 0)
[relay:stress-user-03] 2026-09-14T07:55:59.202Z [rpc] block #10000 (attempted: 0)
[relay:stress-control-02] 2026-09-14T07:55:59.202Z [rpc] block #10000 (attempted: 0)
[relay:stress-user-06] 2026-09-14T07:55:59.202Z [rpc] block #10000 (attempted: 0)
[relay:stress-user-01] 2026-09-14T07:55:59.202Z [rpc] block #10000 (attempted: 0)
[relay:stress-control-01] 2026-09-14T07:55:59.202Z [rpc] block #10000 (attempted: 0)
[relay:J2] 2026-09-14T07:55:59.202Z [rpc] block #10000 (attempted: 0)
[relay:Trader-A] 2026-09-14T07:55:59.203Z [rpc] block #10000 (attempted: 0)
[relay:Trader-M] 2026-09-14T07:55:59.203Z [rpc] block #10000 (attempted: 0)
[diag:step] pair.scanAndIngestPairs ms=0 since_rowid=0 max_rowid=0 hits=0 at=2026-09-14T07:56:04.013Z
[diag:step] mind-manager.priceMonitor ms=173 sync=1 ok=1 at=2026-09-14T07:56:04.106Z
[relay:stress-user-02] 2026-09-14T07:56:04.187Z [rpc] catching up from Console DB...
[relay:stress-user-02] 2026-09-14T07:56:04.188Z [rpc] catch-up comm: DISABLED (KANET_CATCHUP_COMM!=on) — historical backfill skipped by design, not fixed
[relay:stress-user-02] 2026-09-14T07:56:04.188Z [rpc] catch-up done: 0 handshakes accepted, 0 messages replied, DISABLED historical comms
[relay:stress-user-06] 2026-09-14T07:56:04.202Z [rpc] catching up from Console DB...
[relay:stress-user-01] 2026-09-14T07:56:04.203Z [rpc] catching up from Console DB...
[relay:stress-user-03] 2026-09-14T07:56:04.203Z [rpc] catching up from Console DB...
[relay:stress-user-07] 2026-09-14T07:56:04.203Z [rpc] catching up from Console DB...
[relay:stress-user-04] 2026-09-14T07:56:04.203Z [rpc] catching up from Console DB...
[relay:stress-user-06] 2026-09-14T07:56:04.206Z [rpc] catch-up comm: DISABLED (KANET_CATCHUP_COMM!=on) — historical backfill skipped by design, not fixed
[relay:stress-user-06] 2026-09-14T07:56:04.206Z [rpc] catch-up done: 0 handshakes accepted, 0 messages replied, DISABLED historical comms
[relay:stress-user-07] 2026-09-14T07:56:04.206Z [rpc] catch-up comm: DISABLED (KANET_CATCHUP_COMM!=on) — historical backfill skipped by design, not fixed
[relay:stress-user-07] 2026-09-14T07:56:04.206Z [rpc] catch-up done: 0 handshakes accepted, 0 messages replied, DISABLED historical comms
[relay:stress-user-01] 2026-09-14T07:56:04.207Z [rpc] catch-up comm: DISABLED (KANET_CATCHUP_COMM!=on) — historical backfill skipped by design, not fixed
[relay:stress-user-01] 2026-09-14T07:56:04.207Z [rpc] catch-up done: 0 handshakes accepted, 0 messages replied, DISABLED historical comms
[relay:stress-user-03] 2026-09-14T07:56:04.207Z [rpc] catch-up comm: DISABLED (KANET_CATCHUP_COMM!=on) — historical backfill skipped by design, not fixed
[relay:stress-user-03] 2026-09-14T07:56:04.207Z [rpc] catch-up done: 0 handshakes accepted, 0 messages replied, DISABLED historical comms
[relay:stress-user-04] 2026-09-14T07:56:04.207Z [rpc] catch-up comm: DISABLED (KANET_CATCHUP_COMM!=on) — historical backfill skipped by design, not fixed
[relay:stress-user-04] 2026-09-14T07:56:04.207Z [rpc] catch-up done: 0 handshakes accepted, 0 messages replied, DISABLED historical comms
[relay:stress-user-05] 2026-09-14T07:56:04.218Z [rpc] catching up from Console DB...
[relay:stress-user-05] 2026-09-14T07:56:04.220Z [rpc] catch-up comm: DISABLED (KANET_CATCHUP_COMM!=on) — historical backfill skipped by design, not fixed
[relay:stress-user-05] 2026-09-14T07:56:04.220Z [rpc] catch-up done: 0 handshakes accepted, 0 messages replied, DISABLED historical comms
[relay:stress-control-02] 2026-09-14T07:56:04.234Z [rpc] catching up from Console DB...
[relay:stress-control-01] 2026-09-14T07:56:04.234Z [rpc] catching up from Console DB...
[relay:stress-user-08] 2026-09-14T07:56:04.234Z [rpc] catching up from Console DB...
[relay:stress-control-02] 2026-09-14T07:56:04.236Z [rpc] catch-up comm: DISABLED (KANET_CATCHUP_COMM!=on) — historical backfill skipped by design, not fixed
[relay:stress-control-01] 2026-09-14T07:56:04.236Z [rpc] catch-up comm: DISABLED (KANET_CATCHUP_COMM!=on) — historical backfill skipped by design, not fixed
[relay:stress-control-01] 2026-09-14T07:56:04.236Z [rpc] catch-up done: 0 handshakes accepted, 0 messages replied, DISABLED historical comms
[relay:stress-control-02] 2026-09-14T07:56:04.236Z [rpc] catch-up done: 0 handshakes accepted, 0 messages replied, DISABLED historical comms
[relay:stress-user-08] 2026-09-14T07:56:04.236Z [rpc] catch-up comm: DISABLED (KANET_CATCHUP_COMM!=on) — historical backfill skipped by design, not fixed
[relay:stress-user-08] 2026-09-14T07:56:04.237Z [rpc] catch-up done: 0 handshakes accepted, 0 messages replied, DISABLED historical comms
[diag:tick-duration] relayHealthMonitorTick ms=0 eligible=16 deadCount=0
[diag:tick-duration] relayHotwalletMonitorTick ms=4 checked=16 killed=0
[relay:J2] 2026-09-14T07:56:04.281Z [rpc] catching up from Console DB...
[relay:KANet-UI] 2026-09-14T07:56:04.282Z [rpc] catching up from Console DB...
[relay:Trader-A] 2026-09-14T07:56:04.282Z [rpc] catching up from Console DB...
[relay:Qclaude] 2026-09-14T07:56:04.282Z [rpc] catching up from Console DB...
[relay:J2] 2026-09-14T07:56:04.285Z [rpc] catch-up comm: DISABLED (KANET_CATCHUP_COMM!=on) — historical backfill skipped by design, not fixed
[relay:J2] 2026-09-14T07:56:04.285Z [rpc] catch-up done: 0 handshakes accepted, 0 messages replied, DISABLED historical comms
[relay:Trader-A] 2026-09-14T07:56:04.285Z [rpc] catch-up comm: DISABLED (KANET_CATCHUP_COMM!=on) — historical backfill skipped by design, not fixed
[relay:Trader-A] 2026-09-14T07:56:04.285Z [rpc] catch-up done: 0 handshakes accepted, 0 messages replied, DISABLED historical comms
[relay:KANet-UI] 2026-09-14T07:56:04.285Z [rpc] catch-up comm: DISABLED (KANET_CATCHUP_COMM!=on) — historical backfill skipped by design, not fixed
[relay:KANet-UI] 2026-09-14T07:56:04.285Z [rpc] catch-up done: 0 handshakes accepted, 0 messages replied, DISABLED historical comms
[relay:Qclaude] 2026-09-14T07:56:04.285Z [rpc] catch-up comm: DISABLED (KANET_CATCHUP_COMM!=on) — historical backfill skipped by design, not fixed
[relay:Qclaude] 2026-09-14T07:56:04.286Z [rpc] catch-up done: 0 handshakes accepted, 0 messages replied, DISABLED historical comms
[relay:Trader-M] 2026-09-14T07:56:04.295Z [rpc] catching up from Console DB...
[relay:Bettor] 2026-09-14T07:56:04.295Z [rpc] catching up from Console DB...
[relay:Trader-M] 2026-09-14T07:56:04.297Z [rpc] catch-up comm: DISABLED (KANET_CATCHUP_COMM!=on) — historical backfill skipped by design, not fixed
[relay:Bettor] 2026-09-14T07:56:04.297Z [rpc] catch-up comm: DISABLED (KANET_CATCHUP_COMM!=on) — historical backfill skipped by design, not fixed
[relay:Bettor] 2026-09-14T07:56:04.297Z [rpc] catch-up done: 0 handshakes accepted, 0 messages replied, DISABLED historical comms
[relay:Trader-M] 2026-09-14T07:56:04.297Z [rpc] catch-up done: 0 handshakes accepted, 0 messages replied, DISABLED historical comms
[diag:heap-sample] at=2026-09-14T07:56:12.198Z heapUsed=48MB heapTotal=53MB rss=133MB external=8MB arrayBuffers=0MB wasmBytes=4MB utxoFetchCalls=0
[diag:step] pair.scanAndIngestPairs ms=0 since_rowid=0 max_rowid=0 hits=0 at=2026-09-14T07:56:34.023Z
[diag:tick-duration] relayHealthMonitorTick ms=0 eligible=16 deadCount=0
[diag:tick-duration] relayHotwalletMonitorTick ms=5 checked=16 killed=0
[diag:step] pair.scanAndIngestPairs ms=0 since_rowid=0 max_rowid=0 hits=0 at=2026-09-14T07:57:04.029Z
[diag:step] mind-manager.priceMonitor ms=156 sync=1 ok=1 at=2026-09-14T07:57:04.090Z
[relay:stress-user-02] 2026-09-14T07:57:04.202Z [rpc] catching up from Console DB...
[relay:stress-user-07] 2026-09-14T07:57:04.203Z [rpc] catching up from Console DB...
[relay:stress-user-04] 2026-09-14T07:57:04.203Z [rpc] catching up from Console DB...
[relay:stress-user-01] 2026-09-14T07:57:04.203Z [rpc] catching up from Console DB...
[relay:stress-user-06] 2026-09-14T07:57:04.204Z [rpc] catching up from Console DB...
[relay:stress-user-03] 2026-09-14T07:57:04.204Z [rpc] catching up from Console DB...
[relay:stress-user-02] 2026-09-14T07:57:04.205Z [rpc] catch-up comm: DISABLED (KANET_CATCHUP_COMM!=on) — historical backfill skipped by design, not fixed
[relay:stress-user-02] 2026-09-14T07:57:04.205Z [rpc] catch-up done: 0 handshakes accepted, 0 messages replied, DISABLED historical comms
[relay:stress-user-04] 2026-09-14T07:57:04.206Z [rpc] catch-up comm: DISABLED (KANET_CATCHUP_COMM!=on) — historical backfill skipped by design, not fixed
[relay:stress-user-04] 2026-09-14T07:57:04.206Z [rpc] catch-up done: 0 handshakes accepted, 0 messages replied, DISABLED historical comms
[relay:stress-user-07] 2026-09-14T07:57:04.206Z [rpc] catch-up comm: DISABLED (KANET_CATCHUP_COMM!=on) — historical backfill skipped by design, not fixed
[relay:stress-user-07] 2026-09-14T07:57:04.206Z [rpc] catch-up done: 0 handshakes accepted, 0 messages replied, DISABLED historical comms
[relay:stress-user-06] 2026-09-14T07:57:04.207Z [rpc] catch-up comm: DISABLED (KANET_CATCHUP_COMM!=on) — historical backfill skipped by design, not fixed
[relay:stress-user-06] 2026-09-14T07:57:04.207Z [rpc] catch-up done: 0 handshakes accepted, 0 messages replied, DISABLED historical comms
[relay:stress-user-01] 2026-09-14T07:57:04.206Z [rpc] catch-up comm: DISABLED (KANET_CATCHUP_COMM!=on) — historical backfill skipped by design, not fixed
[relay:stress-user-01] 2026-09-14T07:57:04.207Z [rpc] catch-up done: 0 handshakes accepted, 0 messages replied, DISABLED historical comms
[relay:stress-user-03] 2026-09-14T07:57:04.207Z [rpc] catch-up comm: DISABLED (KANET_CATCHUP_COMM!=on) — historical backfill skipped by design, not fixed
[relay:stress-user-03] 2026-09-14T07:57:04.207Z [rpc] catch-up done: 0 handshakes accepted, 0 messages replied, DISABLED historical comms
[relay:stress-user-05] 2026-09-14T07:57:04.219Z [rpc] catching up from Console DB...
[relay:stress-user-05] 2026-09-14T07:57:04.220Z [rpc] catch-up comm: DISABLED (KANET_CATCHUP_COMM!=on) — historical backfill skipped by design, not fixed
[relay:stress-user-05] 2026-09-14T07:57:04.220Z [rpc] catch-up done: 0 handshakes accepted, 0 messages replied, DISABLED historical comms
[relay:stress-control-02] 2026-09-14T07:57:04.234Z [rpc] catching up from Console DB...
[relay:stress-control-01] 2026-09-14T07:57:04.234Z [rpc] catching up from Console DB...
[relay:stress-user-08] 2026-09-14T07:57:04.234Z [rpc] catching up from Console DB...
[relay:stress-control-02] 2026-09-14T07:57:04.236Z [rpc] catch-up comm: DISABLED (KANET_CATCHUP_COMM!=on) — historical backfill skipped by design, not fixed
[relay:stress-control-02] 2026-09-14T07:57:04.236Z [rpc] catch-up done: 0 handshakes accepted, 0 messages replied, DISABLED historical comms
[relay:stress-control-01] 2026-09-14T07:57:04.236Z [rpc] catch-up comm: DISABLED (KANET_CATCHUP_COMM!=on) — historical backfill skipped by design, not fixed
[relay:stress-control-01] 2026-09-14T07:57:04.236Z [rpc] catch-up done: 0 handshakes accepted, 0 messages replied, DISABLED historical comms
[relay:stress-user-08] 2026-09-14T07:57:04.236Z [rpc] catch-up comm: DISABLED (KANET_CATCHUP_COMM!=on) — historical backfill skipped by design, not fixed
[relay:stress-user-08] 2026-09-14T07:57:04.236Z [rpc] catch-up done: 0 handshakes accepted, 0 messages replied, DISABLED historical comms
[diag:tick-duration] relayHealthMonitorTick ms=0 eligible=16 deadCount=0
[diag:tick-duration] relayHotwalletMonitorTick ms=5 checked=16 killed=0
[relay:J2] 2026-09-14T07:57:04.281Z [rpc] catching up from Console DB...
[relay:Qclaude] 2026-09-14T07:57:04.283Z [rpc] catching up from Console DB...
[relay:Trader-A] 2026-09-14T07:57:04.283Z [rpc] catching up from Console DB...
[relay:J2] 2026-09-14T07:57:04.283Z [rpc] catch-up comm: DISABLED (KANET_CATCHUP_COMM!=on) — historical backfill skipped by design, not fixed
[relay:J2] 2026-09-14T07:57:04.283Z [rpc] catch-up done: 0 handshakes accepted, 0 messages replied, DISABLED historical comms
[relay:Qclaude] 2026-09-14T07:57:04.285Z [rpc] catch-up comm: DISABLED (KANET_CATCHUP_COMM!=on) — historical backfill skipped by design, not fixed
[relay:Qclaude] 2026-09-14T07:57:04.285Z [rpc] catch-up done: 0 handshakes accepted, 0 messages replied, DISABLED historical comms
[relay:Trader-A] 2026-09-14T07:57:04.285Z [rpc] catch-up comm: DISABLED (KANET_CATCHUP_COMM!=on) — historical backfill skipped by design, not fixed
[relay:Trader-A] 2026-09-14T07:57:04.285Z [rpc] catch-up done: 0 handshakes accepted, 0 messages replied, DISABLED historical comms
[relay:KANet-UI] 2026-09-14T07:57:04.298Z [rpc] catching up from Console DB...
[relay:Bettor] 2026-09-14T07:57:04.299Z [rpc] catching up from Console DB...
[relay:Trader-M] 2026-09-14T07:57:04.299Z [rpc] catching up from Console DB...
[relay:Trader-M] 2026-09-14T07:57:04.301Z [rpc] catch-up comm: DISABLED (KANET_CATCHUP_COMM!=on) — historical backfill skipped by design, not fixed
[relay:Trader-M] 2026-09-14T07:57:04.301Z [rpc] catch-up done: 0 handshakes accepted, 0 messages replied, DISABLED historical comms
[relay:KANet-UI] 2026-09-14T07:57:04.301Z [rpc] catch-up comm: DISABLED (KANET_CATCHUP_COMM!=on) — historical backfill skipped by design, not fixed
[relay:KANet-UI] 2026-09-14T07:57:04.301Z [rpc] catch-up done: 0 handshakes accepted, 0 messages replied, DISABLED historical comms
[relay:Bettor] 2026-09-14T07:57:04.301Z [rpc] catch-up comm: DISABLED (KANET_CATCHUP_COMM!=on) — historical backfill skipped by design, not fixed
[relay:Bettor] 2026-09-14T07:57:04.301Z [rpc] catch-up done: 0 handshakes accepted, 0 messages replied, DISABLED historical comms
[diag:heap-sample] at=2026-09-14T07:57:12.866Z heapUsed=49MB heapTotal=55MB rss=134MB external=8MB arrayBuffers=1MB wasmBytes=4MB utxoFetchCalls=0
[diag:step] pair.scanAndIngestPairs ms=0 since_rowid=0 max_rowid=0 hits=0 at=2026-09-14T07:57:34.036Z
[diag:tick-duration] relayHealthMonitorTick ms=0 eligible=16 deadCount=0
[diag:tick-duration] relayHotwalletMonitorTick ms=5 checked=16 killed=0
[relay:J2] 2026-09-14T07:57:37.016Z [rpc] block #11000 (attempted: 0)
[relay:Bettor] 2026-09-14T07:57:37.016Z [rpc] block #11000 (attempted: 0)
[relay:KANet-UI] 2026-09-14T07:57:37.016Z [rpc] block #11000 (attempted: 0)
[relay:stress-user-05] 2026-09-14T07:57:37.016Z [rpc] block #11000 (attempted: 0)
[relay:stress-user-07] 2026-09-14T07:57:37.016Z [rpc] block #11000 (attempted: 0)
[relay:stress-user-06] 2026-09-14T07:57:37.016Z [rpc] block #11000 (attempted: 0)
[relay:Trader-M] 2026-09-14T07:57:37.016Z [rpc] block #11000 (attempted: 0)
[relay:stress-control-02] 2026-09-14T07:57:37.016Z [rpc] block #11000 (attempted: 0)
[relay:stress-user-04] 2026-09-14T07:57:37.016Z [rpc] block #11000 (attempted: 0)
[relay:stress-user-08] 2026-09-14T07:57:37.016Z [rpc] block #11000 (attempted: 0)
[relay:Qclaude] 2026-09-14T07:57:37.016Z [rpc] block #11000 (attempted: 0)
[relay:stress-user-01] 2026-09-14T07:57:37.016Z [rpc] block #11000 (attempted: 0)
[relay:stress-user-02] 2026-09-14T07:57:37.016Z [rpc] block #11000 (attempted: 0)
[relay:stress-user-03] 2026-09-14T07:57:37.016Z [rpc] block #11000 (attempted: 0)
[relay:stress-control-01] 2026-09-14T07:57:37.015Z [rpc] block #11000 (attempted: 0)
[relay:Trader-A] 2026-09-14T07:57:37.016Z [rpc] block #11000 (attempted: 0)
[diag:step] pair.scanAndIngestPairs ms=0 since_rowid=0 max_rowid=0 hits=0 at=2026-09-14T07:58:04.047Z
[diag:step] mind-manager.priceMonitor ms=172 sync=0 ok=1 at=2026-09-14T07:58:04.107Z
[relay:stress-user-02] 2026-09-14T07:58:04.204Z [rpc] catching up from Console DB...
[relay:stress-user-03] 2026-09-14T07:58:04.205Z [rpc] catching up from Console DB...
[relay:stress-user-06] 2026-09-14T07:58:04.205Z [rpc] catching up from Console DB...
[relay:stress-user-07] 2026-09-14T07:58:04.205Z [rpc] catching up from Console DB...
[relay:stress-user-01] 2026-09-14T07:58:04.205Z [rpc] catching up from Console DB...
[relay:stress-user-04] 2026-09-14T07:58:04.205Z [rpc] catching up from Console DB...
[relay:stress-user-02] 2026-09-14T07:58:04.208Z [rpc] catch-up comm: DISABLED (KANET_CATCHUP_COMM!=on) — historical backfill skipped by design, not fixed
[relay:stress-user-02] 2026-09-14T07:58:04.208Z [rpc] catch-up done: 0 handshakes accepted, 0 messages replied, DISABLED historical comms
[relay:stress-user-04] 2026-09-14T07:58:04.209Z [rpc] catch-up comm: DISABLED (KANET_CATCHUP_COMM!=on) — historical backfill skipped by design, not fixed
[relay:stress-user-04] 2026-09-14T07:58:04.209Z [rpc] catch-up done: 0 handshakes accepted, 0 messages replied, DISABLED historical comms
[relay:stress-user-01] 2026-09-14T07:58:04.210Z [rpc] catch-up comm: DISABLED (KANET_CATCHUP_COMM!=on) — historical backfill skipped by design, not fixed
[relay:stress-user-01] 2026-09-14T07:58:04.210Z [rpc] catch-up done: 0 handshakes accepted, 0 messages replied, DISABLED historical comms
[relay:stress-user-07] 2026-09-14T07:58:04.210Z [rpc] catch-up comm: DISABLED (KANET_CATCHUP_COMM!=on) — historical backfill skipped by design, not fixed
[relay:stress-user-07] 2026-09-14T07:58:04.210Z [rpc] catch-up done: 0 handshakes accepted, 0 messages replied, DISABLED historical comms
[relay:stress-user-03] 2026-09-14T07:58:04.210Z [rpc] catch-up comm: DISABLED (KANET_CATCHUP_COMM!=on) — historical backfill skipped by design, not fixed
[relay:stress-user-03] 2026-09-14T07:58:04.210Z [rpc] catch-up done: 0 handshakes accepted, 0 messages replied, DISABLED historical comms
[relay:stress-user-06] 2026-09-14T07:58:04.210Z [rpc] catch-up comm: DISABLED (KANET_CATCHUP_COMM!=on) — historical backfill skipped by design, not fixed
[relay:stress-user-06] 2026-09-14T07:58:04.210Z [rpc] catch-up done: 0 handshakes accepted, 0 messages replied, DISABLED historical comms
[relay:stress-user-05] 2026-09-14T07:58:04.221Z [rpc] catching up from Console DB...
[relay:stress-user-05] 2026-09-14T07:58:04.223Z [rpc] catch-up comm: DISABLED (KANET_CATCHUP_COMM!=on) — historical backfill skipped by design, not fixed
[relay:stress-user-05] 2026-09-14T07:58:04.223Z [rpc] catch-up done: 0 handshakes accepted, 0 messages replied, DISABLED historical comms
[relay:stress-user-08] 2026-09-14T07:58:04.238Z [rpc] catching up from Console DB...
[relay:stress-control-02] 2026-09-14T07:58:04.238Z [rpc] catching up from Console DB...
[relay:stress-control-01] 2026-09-14T07:58:04.238Z [rpc] catching up from Console DB...
[relay:stress-control-02] 2026-09-14T07:58:04.241Z [rpc] catch-up comm: DISABLED (KANET_CATCHUP_COMM!=on) — historical backfill skipped by design, not fixed
[relay:stress-control-02] 2026-09-14T07:58:04.241Z [rpc] catch-up done: 0 handshakes accepted, 0 messages replied, DISABLED historical comms
[relay:stress-user-08] 2026-09-14T07:58:04.241Z [rpc] catch-up comm: DISABLED (KANET_CATCHUP_COMM!=on) — historical backfill skipped by design, not fixed
[relay:stress-user-08] 2026-09-14T07:58:04.241Z [rpc] catch-up done: 0 handshakes accepted, 0 messages replied, DISABLED historical comms
[relay:stress-control-01] 2026-09-14T07:58:04.241Z [rpc] catch-up comm: DISABLED (KANET_CATCHUP_COMM!=on) — historical backfill skipped by design, not fixed
[relay:stress-control-01] 2026-09-14T07:58:04.241Z [rpc] catch-up done: 0 handshakes accepted, 0 messages replied, DISABLED historical comms
[diag:tick-duration] relayHealthMonitorTick ms=0 eligible=16 deadCount=0
[relay:J2] 2026-09-14T07:58:04.284Z [rpc] catching up from Console DB...
[relay:Qclaude] 2026-09-14T07:58:04.284Z [rpc] catching up from Console DB...
[relay:Trader-A] 2026-09-14T07:58:04.284Z [rpc] catching up from Console DB...
[relay:J2] 2026-09-14T07:58:04.287Z [rpc] catch-up comm: DISABLED (KANET_CATCHUP_COMM!=on) — historical backfill skipped by design, not fixed
[relay:J2] 2026-09-14T07:58:04.287Z [rpc] catch-up done: 0 handshakes accepted, 0 messages replied, DISABLED historical comms
[relay:Trader-A] 2026-09-14T07:58:04.288Z [rpc] catch-up comm: DISABLED (KANET_CATCHUP_COMM!=on) — historical backfill skipped by design, not fixed
[relay:Trader-A] 2026-09-14T07:58:04.288Z [rpc] catch-up done: 0 handshakes accepted, 0 messages replied, DISABLED historical comms
[relay:Qclaude] 2026-09-14T07:58:04.289Z [rpc] catch-up comm: DISABLED (KANET_CATCHUP_COMM!=on) — historical backfill skipped by design, not fixed
[relay:Qclaude] 2026-09-14T07:58:04.289Z [rpc] catch-up done: 0 handshakes accepted, 0 messages replied, DISABLED historical comms
[diag:tick-duration] relayHotwalletMonitorTick ms=8 checked=16 killed=0
[relay:KANet-UI] 2026-09-14T07:58:04.300Z [rpc] catching up from Console DB...
[relay:Trader-M] 2026-09-14T07:58:04.300Z [rpc] catching up from Console DB...
[relay:Bettor] 2026-09-14T07:58:04.300Z [rpc] catching up from Console DB...
[relay:KANet-UI] 2026-09-14T07:58:04.303Z [rpc] catch-up comm: DISABLED (KANET_CATCHUP_COMM!=on) — historical backfill skipped by design, not fixed
[relay:KANet-UI] 2026-09-14T07:58:04.303Z [rpc] catch-up done: 0 handshakes accepted, 0 messages replied, DISABLED historical comms
[relay:Trader-M] 2026-09-14T07:58:04.303Z [rpc] catch-up comm: DISABLED (KANET_CATCHUP_COMM!=on) — historical backfill skipped by design, not fixed
[relay:Trader-M] 2026-09-14T07:58:04.303Z [rpc] catch-up done: 0 handshakes accepted, 0 messages replied, DISABLED historical comms
[relay:Bettor] 2026-09-14T07:58:04.303Z [rpc] catch-up comm: DISABLED (KANET_CATCHUP_COMM!=on) — historical backfill skipped by design, not fixed
[relay:Bettor] 2026-09-14T07:58:04.303Z [rpc] catch-up done: 0 handshakes accepted, 0 messages replied, DISABLED historical comms
[diag:heap-sample] at=2026-09-14T07:58:13.485Z heapUsed=49MB heapTotal=53MB rss=134MB external=8MB arrayBuffers=1MB wasmBytes=4MB utxoFetchCalls=0
[diag:step] pair.scanAndIngestPairs ms=0 since_rowid=0 max_rowid=0 hits=0 at=2026-09-14T07:58:34.059Z
[diag:tick-duration] relayHealthMonitorTick ms=0 eligible=16 deadCount=0
[diag:tick-duration] relayHotwalletMonitorTick ms=4 checked=16 killed=0
[diag:step] pair.scanAndIngestPairs ms=0 since_rowid=0 max_rowid=0 hits=0 at=2026-09-14T07:59:04.063Z
[diag:step] mind-manager.priceMonitor ms=161 sync=1 ok=1 at=2026-09-14T07:59:04.098Z
[relay:stress-user-02] 2026-09-14T07:59:04.219Z [rpc] catching up from Console DB...
[relay:stress-user-03] 2026-09-14T07:59:04.219Z [rpc] catching up from Console DB...
[relay:stress-user-07] 2026-09-14T07:59:04.219Z [rpc] catching up from Console DB...
[relay:stress-user-04] 2026-09-14T07:59:04.219Z [rpc] catching up from Console DB...
[relay:stress-user-01] 2026-09-14T07:59:04.219Z [rpc] catching up from Console DB...
[relay:stress-user-06] 2026-09-14T07:59:04.219Z [rpc] catching up from Console DB...
[relay:stress-user-02] 2026-09-14T07:59:04.223Z [rpc] catch-up comm: DISABLED (KANET_CATCHUP_COMM!=on) — historical backfill skipped by design, not fixed
[relay:stress-user-02] 2026-09-14T07:59:04.223Z [rpc] catch-up done: 0 handshakes accepted, 0 messages replied, DISABLED historical comms
[relay:stress-user-04] 2026-09-14T07:59:04.223Z [rpc] catch-up comm: DISABLED (KANET_CATCHUP_COMM!=on) — historical backfill skipped by design, not fixed
[relay:stress-user-04] 2026-09-14T07:59:04.223Z [rpc] catch-up done: 0 handshakes accepted, 0 messages replied, DISABLED historical comms
[relay:stress-user-07] 2026-09-14T07:59:04.223Z [rpc] catch-up comm: DISABLED (KANET_CATCHUP_COMM!=on) — historical backfill skipped by design, not fixed
[relay:stress-user-07] 2026-09-14T07:59:04.223Z [rpc] catch-up done: 0 handshakes accepted, 0 messages replied, DISABLED historical comms
[relay:stress-user-03] 2026-09-14T07:59:04.223Z [rpc] catch-up comm: DISABLED (KANET_CATCHUP_COMM!=on) — historical backfill skipped by design, not fixed
[relay:stress-user-03] 2026-09-14T07:59:04.223Z [rpc] catch-up done: 0 handshakes accepted, 0 messages replied, DISABLED historical comms
[relay:stress-user-01] 2026-09-14T07:59:04.223Z [rpc] catch-up comm: DISABLED (KANET_CATCHUP_COMM!=on) — historical backfill skipped by design, not fixed
[relay:stress-user-01] 2026-09-14T07:59:04.223Z [rpc] catch-up done: 0 handshakes accepted, 0 messages replied, DISABLED historical comms
[relay:stress-user-06] 2026-09-14T07:59:04.223Z [rpc] catch-up comm: DISABLED (KANET_CATCHUP_COMM!=on) — historical backfill skipped by design, not fixed
[relay:stress-user-06] 2026-09-14T07:59:04.224Z [rpc] catch-up done: 0 handshakes accepted, 0 messages replied, DISABLED historical comms
[relay:stress-user-05] 2026-09-14T07:59:04.234Z [rpc] catching up from Console DB...
[relay:stress-user-05] 2026-09-14T07:59:04.236Z [rpc] catch-up comm: DISABLED (KANET_CATCHUP_COMM!=on) — historical backfill skipped by design, not fixed
[relay:stress-user-05] 2026-09-14T07:59:04.236Z [rpc] catch-up done: 0 handshakes accepted, 0 messages replied, DISABLED historical comms
[relay:stress-control-01] 2026-09-14T07:59:04.250Z [rpc] catching up from Console DB...
[relay:stress-control-02] 2026-09-14T07:59:04.250Z [rpc] catching up from Console DB...
[relay:stress-user-08] 2026-09-14T07:59:04.250Z [rpc] catching up from Console DB...
[relay:stress-control-01] 2026-09-14T07:59:04.252Z [rpc] catch-up comm: DISABLED (KANET_CATCHUP_COMM!=on) — historical backfill skipped by design, not fixed
[relay:stress-control-01] 2026-09-14T07:59:04.252Z [rpc] catch-up done: 0 handshakes accepted, 0 messages replied, DISABLED historical comms
[relay:stress-control-02] 2026-09-14T07:59:04.252Z [rpc] catch-up comm: DISABLED (KANET_CATCHUP_COMM!=on) — historical backfill skipped by design, not fixed
[relay:stress-control-02] 2026-09-14T07:59:04.253Z [rpc] catch-up done: 0 handshakes accepted, 0 messages replied, DISABLED historical comms
[relay:stress-user-08] 2026-09-14T07:59:04.253Z [rpc] catch-up comm: DISABLED (KANET_CATCHUP_COMM!=on) — historical backfill skipped by design, not fixed
[relay:stress-user-08] 2026-09-14T07:59:04.253Z [rpc] catch-up done: 0 handshakes accepted, 0 messages replied, DISABLED historical comms
[relay-health] J2 dead (reason=lastLogAt stale 60s (>60s)) — auto-restart attempt #1
[diag:relay-health-per-relay] J2 startRelay ms=0
[relay-health] Trader-A dead (reason=lastLogAt stale 60s (>60s)) — auto-restart attempt #1
[diag:relay-health-per-relay] Trader-A startRelay ms=0
[relay-health] Qclaude dead (reason=lastLogAt stale 60s (>60s)) — auto-restart attempt #1
[diag:relay-health-per-relay] Qclaude startRelay ms=0
[diag:tick-duration] relayHealthMonitorTick ms=1 eligible=16 deadCount=3
[relay:J2] 2026-09-14T07:59:04.296Z [rpc] catching up from Console DB...
[relay:Trader-A] 2026-09-14T07:59:04.297Z [rpc] catching up from Console DB...
[relay:Qclaude] 2026-09-14T07:59:04.297Z [rpc] catching up from Console DB...
[relay:KANet-UI] 2026-09-14T07:59:04.297Z [rpc] catching up from Console DB...
[relay:J2] 2026-09-14T07:59:04.301Z [rpc] catch-up comm: DISABLED (KANET_CATCHUP_COMM!=on) — historical backfill skipped by design, not fixed
[relay:J2] 2026-09-14T07:59:04.301Z [rpc] catch-up done: 0 handshakes accepted, 0 messages replied, DISABLED historical comms
[relay:Qclaude] 2026-09-14T07:59:04.302Z [rpc] catch-up comm: DISABLED (KANET_CATCHUP_COMM!=on) — historical backfill skipped by design, not fixed
[relay:Qclaude] 2026-09-14T07:59:04.302Z [rpc] catch-up done: 0 handshakes accepted, 0 messages replied, DISABLED historical comms
[relay:Trader-A] 2026-09-14T07:59:04.302Z [rpc] catch-up comm: DISABLED (KANET_CATCHUP_COMM!=on) — historical backfill skipped by design, not fixed
[relay:Trader-A] 2026-09-14T07:59:04.302Z [rpc] catch-up done: 0 handshakes accepted, 0 messages replied, DISABLED historical comms
[relay:KANet-UI] 2026-09-14T07:59:04.301Z [rpc] catch-up comm: DISABLED (KANET_CATCHUP_COMM!=on) — historical backfill skipped by design, not fixed
[relay:KANet-UI] 2026-09-14T07:59:04.301Z [rpc] catch-up done: 0 handshakes accepted, 0 messages replied, DISABLED historical comms
[diag:tick-duration] relayHotwalletMonitorTick ms=9 checked=16 killed=0
[relay:Trader-M] 2026-09-14T07:59:04.313Z [rpc] catching up from Console DB...
[relay:Bettor] 2026-09-14T07:59:04.313Z [rpc] catching up from Console DB...
[relay:Trader-M] 2026-09-14T07:59:04.315Z [rpc] catch-up comm: DISABLED (KANET_CATCHUP_COMM!=on) — historical backfill skipped by design, not fixed
[relay:Bettor] 2026-09-14T07:59:04.315Z [rpc] catch-up comm: DISABLED (KANET_CATCHUP_COMM!=on) — historical backfill skipped by design, not fixed
[relay:Bettor] 2026-09-14T07:59:04.315Z [rpc] catch-up done: 0 handshakes accepted, 0 messages replied, DISABLED historical comms
[relay:Trader-M] 2026-09-14T07:59:04.315Z [rpc] catch-up done: 0 handshakes accepted, 0 messages replied, DISABLED historical comms
[diag:heap-sample] at=2026-09-14T07:59:14.061Z heapUsed=49MB heapTotal=53MB rss=134MB external=8MB arrayBuffers=1MB wasmBytes=4MB utxoFetchCalls=0
[relay:J2] 2026-09-14T07:59:16.761Z [rpc] block #12000 (attempted: 0)
[relay:stress-user-06] 2026-09-14T07:59:16.761Z [rpc] block #12000 (attempted: 0)
[relay:Bettor] 2026-09-14T07:59:16.761Z [rpc] block #12000 (attempted: 0)
[relay:Qclaude] 2026-09-14T07:59:16.761Z [rpc] block #12000 (attempted: 0)
[relay:stress-user-08] 2026-09-14T07:59:16.761Z [rpc] block #12000 (attempted: 0)
[relay:stress-control-02] 2026-09-14T07:59:16.761Z [rpc] block #12000 (attempted: 0)
[relay:stress-user-02] 2026-09-14T07:59:16.761Z [rpc] block #12000 (attempted: 0)
[relay:Trader-M] 2026-09-14T07:59:16.761Z [rpc] block #12000 (attempted: 0)
[relay:Trader-A] 2026-09-14T07:59:16.761Z [rpc] block #12000 (attempted: 0)
[relay:stress-user-03] 2026-09-14T07:59:16.761Z [rpc] block #12000 (attempted: 0)
[relay:stress-user-07] 2026-09-14T07:59:16.761Z [rpc] block #12000 (attempted: 0)
[relay:KANet-UI] 2026-09-14T07:59:16.758Z [rpc] block #12000 (attempted: 0)
[relay:stress-user-05] 2026-09-14T07:59:16.761Z [rpc] block #12000 (attempted: 0)
[relay:stress-user-04] 2026-09-14T07:59:16.761Z [rpc] block #12000 (attempted: 0)
[relay:stress-control-01] 2026-09-14T07:59:16.761Z [rpc] block #12000 (attempted: 0)
[relay:stress-user-01] 2026-09-14T07:59:16.761Z [rpc] block #12000 (attempted: 0)
[diag:step] pair.scanAndIngestPairs ms=0 since_rowid=0 max_rowid=0 hits=0 at=2026-09-14T07:59:34.069Z
[diag:tick-duration] relayHealthMonitorTick ms=0 eligible=16 deadCount=0
[diag:tick-duration] relayHotwalletMonitorTick ms=5 checked=16 killed=0
[diag:step] pool.selectMarkets.all ms=0 rows=0 at=2026-09-14T08:00:04.032Z
[diag:tick-duration] poolSettlerTick ms=1
[diag:step] pool.tick.phases ms=1 pre=1 dw=0 select=0 post=0 rows=0 t0=2026-09-14T08:00:04.031Z at=2026-09-14T08:00:04.032Z
[diag:step] pair.scanAndIngestPairs ms=0 since_rowid=0 max_rowid=0 hits=0 at=2026-09-14T08:00:04.074Z
[diag:step] mind-manager.priceMonitor ms=244 sync=1 ok=1 at=2026-09-14T08:00:04.191Z
[relay:stress-user-02] 2026-09-14T08:00:04.232Z [rpc] catching up from Console DB...
[relay:stress-user-06] 2026-09-14T08:00:04.232Z [rpc] catching up from Console DB...
[relay:stress-user-01] 2026-09-14T08:00:04.232Z [rpc] catching up from Console DB...
[relay:stress-user-04] 2026-09-14T08:00:04.232Z [rpc] catching up from Console DB...
[relay:stress-user-03] 2026-09-14T08:00:04.232Z [rpc] catching up from Console DB...
[relay:stress-user-07] 2026-09-14T08:00:04.232Z [rpc] catching up from Console DB...
[relay:stress-user-06] 2026-09-14T08:00:04.235Z [rpc] catch-up comm: DISABLED (KANET_CATCHUP_COMM!=on) — historical backfill skipped by design, not fixed
[relay:stress-user-06] 2026-09-14T08:00:04.235Z [rpc] catch-up done: 0 handshakes accepted, 0 messages replied, DISABLED historical comms
[relay:stress-user-02] 2026-09-14T08:00:04.236Z [rpc] catch-up comm: DISABLED (KANET_CATCHUP_COMM!=on) — historical backfill skipped by design, not fixed
[relay:stress-user-02] 2026-09-14T08:00:04.236Z [rpc] catch-up done: 0 handshakes accepted, 0 messages replied, DISABLED historical comms
[relay:stress-user-01] 2026-09-14T08:00:04.235Z [rpc] catch-up comm: DISABLED (KANET_CATCHUP_COMM!=on) — historical backfill skipped by design, not fixed
[relay:stress-user-01] 2026-09-14T08:00:04.235Z [rpc] catch-up done: 0 handshakes accepted, 0 messages replied, DISABLED historical comms
[relay:stress-user-04] 2026-09-14T08:00:04.236Z [rpc] catch-up comm: DISABLED (KANET_CATCHUP_COMM!=on) — historical backfill skipped by design, not fixed
[relay:stress-user-04] 2026-09-14T08:00:04.236Z [rpc] catch-up done: 0 handshakes accepted, 0 messages replied, DISABLED historical comms
[relay:stress-user-03] 2026-09-14T08:00:04.236Z [rpc] catch-up comm: DISABLED (KANET_CATCHUP_COMM!=on) — historical backfill skipped by design, not fixed
[relay:stress-user-03] 2026-09-14T08:00:04.236Z [rpc] catch-up done: 0 handshakes accepted, 0 messages replied, DISABLED historical comms
[relay:stress-user-07] 2026-09-14T08:00:04.236Z [rpc] catch-up comm: DISABLED (KANET_CATCHUP_COMM!=on) — historical backfill skipped by design, not fixed
[relay:stress-user-07] 2026-09-14T08:00:04.236Z [rpc] catch-up done: 0 handshakes accepted, 0 messages replied, DISABLED historical comms
[relay:stress-user-05] 2026-09-14T08:00:04.248Z [rpc] catching up from Console DB...
[relay:stress-user-05] 2026-09-14T08:00:04.250Z [rpc] catch-up comm: DISABLED (KANET_CATCHUP_COMM!=on) — historical backfill skipped by design, not fixed
[relay:stress-user-05] 2026-09-14T08:00:04.250Z [rpc] catch-up done: 0 handshakes accepted, 0 messages replied, DISABLED historical comms
[relay:stress-control-01] 2026-09-14T08:00:04.263Z [rpc] catching up from Console DB...
[relay:stress-control-02] 2026-09-14T08:00:04.263Z [rpc] catching up from Console DB...
[relay:stress-user-08] 2026-09-14T08:00:04.263Z [rpc] catching up from Console DB...
[relay:stress-control-02] 2026-09-14T08:00:04.266Z [rpc] catch-up comm: DISABLED (KANET_CATCHUP_COMM!=on) — historical backfill skipped by design, not fixed
[relay:stress-control-02] 2026-09-14T08:00:04.266Z [rpc] catch-up done: 0 handshakes accepted, 0 messages replied, DISABLED historical comms
[relay:stress-control-01] 2026-09-14T08:00:04.266Z [rpc] catch-up comm: DISABLED (KANET_CATCHUP_COMM!=on) — historical backfill skipped by design, not fixed
[relay:stress-control-01] 2026-09-14T08:00:04.266Z [rpc] catch-up done: 0 handshakes accepted, 0 messages replied, DISABLED historical comms
[relay:stress-user-08] 2026-09-14T08:00:04.266Z [rpc] catch-up comm: DISABLED (KANET_CATCHUP_COMM!=on) — historical backfill skipped by design, not fixed
[relay:stress-user-08] 2026-09-14T08:00:04.266Z [rpc] catch-up done: 0 handshakes accepted, 0 messages replied, DISABLED historical comms
[diag:tick-duration] relayHealthMonitorTick ms=0 eligible=16 deadCount=0
[relay:J2] 2026-09-14T08:00:04.310Z [rpc] catching up from Console DB...
[relay:Qclaude] 2026-09-14T08:00:04.311Z [rpc] catching up from Console DB...
[relay:Trader-A] 2026-09-14T08:00:04.311Z [rpc] catching up from Console DB...
[relay:KANet-UI] 2026-09-14T08:00:04.311Z [rpc] catching up from Console DB...
[relay:J2] 2026-09-14T08:00:04.313Z [rpc] catch-up comm: DISABLED (KANET_CATCHUP_COMM!=on) — historical backfill skipped by design, not fixed
[relay:J2] 2026-09-14T08:00:04.313Z [rpc] catch-up done: 0 handshakes accepted, 0 messages replied, DISABLED historical comms
[relay:Qclaude] 2026-09-14T08:00:04.314Z [rpc] catch-up comm: DISABLED (KANET_CATCHUP_COMM!=on) — historical backfill skipped by design, not fixed
[relay:Qclaude] 2026-09-14T08:00:04.314Z [rpc] catch-up done: 0 handshakes accepted, 0 messages replied, DISABLED historical comms
[relay:Trader-A] 2026-09-14T08:00:04.315Z [rpc] catch-up comm: DISABLED (KANET_CATCHUP_COMM!=on) — historical backfill skipped by design, not fixed
[relay:Trader-A] 2026-09-14T08:00:04.315Z [rpc] catch-up done: 0 handshakes accepted, 0 messages replied, DISABLED historical comms
[relay:KANet-UI] 2026-09-14T08:00:04.315Z [rpc] catch-up comm: DISABLED (KANET_CATCHUP_COMM!=on) — historical backfill skipped by design, not fixed
[relay:KANet-UI] 2026-09-14T08:00:04.315Z [rpc] catch-up done: 0 handshakes accepted, 0 messages replied, DISABLED historical comms
[diag:tick-duration] relayHotwalletMonitorTick ms=8 checked=16 killed=0
[relay:Trader-M] 2026-09-14T08:00:04.327Z [rpc] catching up from Console DB...
[relay:Bettor] 2026-09-14T08:00:04.327Z [rpc] catching up from Console DB...
[relay:Bettor] 2026-09-14T08:00:04.329Z [rpc] catch-up comm: DISABLED (KANET_CATCHUP_COMM!=on) — historical backfill skipped by design, not fixed
[relay:Bettor] 2026-09-14T08:00:04.329Z [rpc] catch-up done: 0 handshakes accepted, 0 messages replied, DISABLED historical comms
[relay:Trader-M] 2026-09-14T08:00:04.329Z [rpc] catch-up comm: DISABLED (KANET_CATCHUP_COMM!=on) — historical backfill skipped by design, not fixed
[relay:Trader-M] 2026-09-14T08:00:04.329Z [rpc] catch-up done: 0 handshakes accepted, 0 messages replied, DISABLED historical comms
[diag:heap-sample] at=2026-09-14T08:00:14.476Z heapUsed=49MB heapTotal=53MB rss=134MB external=9MB arrayBuffers=1MB wasmBytes=4MB utxoFetchCalls=0
[diag:step] pair.scanAndIngestPairs ms=0 since_rowid=0 max_rowid=0 hits=0 at=2026-09-14T08:00:34.089Z
[diag:tick-duration] relayHealthMonitorTick ms=0 eligible=16 deadCount=0
[rpc-health] using local node: ws://127.0.0.1:17110
[diag:tick-duration] relayHotwalletMonitorTick ms=5 checked=16 killed=0
[relay:stress-user-04] 2026-09-14T08:00:51.909Z [rpc] block #13000 (attempted: 0)
[relay:stress-user-06] 2026-09-14T08:00:51.909Z [rpc] block #13000 (attempted: 0)
[relay:stress-control-02] 2026-09-14T08:00:51.909Z [rpc] block #13000 (attempted: 0)
[relay:stress-user-02] 2026-09-14T08:00:51.909Z [rpc] block #13000 (attempted: 0)
[relay:Trader-A] 2026-09-14T08:00:51.909Z [rpc] block #13000 (attempted: 0)
[relay:stress-user-05] 2026-09-14T08:00:51.909Z [rpc] block #13000 (attempted: 0)
[relay:Bettor] 2026-09-14T08:00:51.909Z [rpc] block #13000 (attempted: 0)
[relay:Qclaude] 2026-09-14T08:00:51.909Z [rpc] block #13000 (attempted: 0)
[relay:stress-user-08] 2026-09-14T08:00:51.909Z [rpc] block #13000 (attempted: 0)
[relay:KANet-UI] 2026-09-14T08:00:51.909Z [rpc] block #13000 (attempted: 0)
[relay:stress-user-07] 2026-09-14T08:00:51.909Z [rpc] block #13000 (attempted: 0)
[relay:stress-control-01] 2026-09-14T08:00:51.909Z [rpc] block #13000 (attempted: 0)
[relay:J2] 2026-09-14T08:00:51.909Z [rpc] block #13000 (attempted: 0)
[relay:stress-user-03] 2026-09-14T08:00:51.909Z [rpc] block #13000 (attempted: 0)
[relay:stress-user-01] 2026-09-14T08:00:51.909Z [rpc] block #13000 (attempted: 0)
[relay:Trader-M] 2026-09-14T08:00:51.910Z [rpc] block #13000 (attempted: 0)
[diag:step] mind-manager.priceMonitor ms=92 sync=1 ok=1 at=2026-09-14T08:01:04.046Z
[diag:step] pair.scanAndIngestPairs ms=0 since_rowid=0 max_rowid=0 hits=0 at=2026-09-14T08:01:04.095Z
[relay:stress-user-02] 2026-09-14T08:01:04.237Z [rpc] catching up from Console DB...
[relay:stress-user-01] 2026-09-14T08:01:04.237Z [rpc] catching up from Console DB...
[relay:stress-user-06] 2026-09-14T08:01:04.237Z [rpc] catching up from Console DB...
[relay:stress-user-04] 2026-09-14T08:01:04.237Z [rpc] catching up from Console DB...
[relay:stress-user-03] 2026-09-14T08:01:04.237Z [rpc] catching up from Console DB...
[relay:stress-user-07] 2026-09-14T08:01:04.237Z [rpc] catching up from Console DB...
[relay:stress-user-02] 2026-09-14T08:01:04.242Z [rpc] catch-up comm: DISABLED (KANET_CATCHUP_COMM!=on) — historical backfill skipped by design, not fixed
[relay:stress-user-02] 2026-09-14T08:01:04.242Z [rpc] catch-up done: 0 handshakes accepted, 0 messages replied, DISABLED historical comms
[relay:stress-user-01] 2026-09-14T08:01:04.242Z [rpc] catch-up comm: DISABLED (KANET_CATCHUP_COMM!=on) — historical backfill skipped by design, not fixed
[relay:stress-user-01] 2026-09-14T08:01:04.242Z [rpc] catch-up done: 0 handshakes accepted, 0 messages replied, DISABLED historical comms
[relay:stress-user-06] 2026-09-14T08:01:04.242Z [rpc] catch-up comm: DISABLED (KANET_CATCHUP_COMM!=on) — historical backfill skipped by design, not fixed
[relay:stress-user-06] 2026-09-14T08:01:04.242Z [rpc] catch-up done: 0 handshakes accepted, 0 messages replied, DISABLED historical comms
[relay:stress-user-03] 2026-09-14T08:01:04.242Z [rpc] catch-up comm: DISABLED (KANET_CATCHUP_COMM!=on) — historical backfill skipped by design, not fixed
[relay:stress-user-03] 2026-09-14T08:01:04.242Z [rpc] catch-up done: 0 handshakes accepted, 0 messages replied, DISABLED historical comms
[relay:stress-user-07] 2026-09-14T08:01:04.242Z [rpc] catch-up comm: DISABLED (KANET_CATCHUP_COMM!=on) — historical backfill skipped by design, not fixed
[relay:stress-user-07] 2026-09-14T08:01:04.242Z [rpc] catch-up done: 0 handshakes accepted, 0 messages replied, DISABLED historical comms
[relay:stress-user-04] 2026-09-14T08:01:04.242Z [rpc] catch-up comm: DISABLED (KANET_CATCHUP_COMM!=on) — historical backfill skipped by design, not fixed
[relay:stress-user-04] 2026-09-14T08:01:04.243Z [rpc] catch-up done: 0 handshakes accepted, 0 messages replied, DISABLED historical comms
[relay:stress-user-05] 2026-09-14T08:01:04.252Z [rpc] catching up from Console DB...
[relay:stress-user-05] 2026-09-14T08:01:04.253Z [rpc] catch-up comm: DISABLED (KANET_CATCHUP_COMM!=on) — historical backfill skipped by design, not fixed
[relay:stress-user-05] 2026-09-14T08:01:04.253Z [rpc] catch-up done: 0 handshakes accepted, 0 messages replied, DISABLED historical comms
[relay:stress-control-02] 2026-09-14T08:01:04.267Z [rpc] catching up from Console DB...
[relay:stress-control-01] 2026-09-14T08:01:04.268Z [rpc] catching up from Console DB...
[relay:stress-user-08] 2026-09-14T08:01:04.268Z [rpc] catching up from Console DB...
[relay:stress-control-02] 2026-09-14T08:01:04.271Z [rpc] catch-up comm: DISABLED (KANET_CATCHUP_COMM!=on) — historical backfill skipped by design, not fixed
[relay:stress-control-02] 2026-09-14T08:01:04.271Z [rpc] catch-up done: 0 handshakes accepted, 0 messages replied, DISABLED historical comms
[relay:stress-control-01] 2026-09-14T08:01:04.271Z [rpc] catch-up comm: DISABLED (KANET_CATCHUP_COMM!=on) — historical backfill skipped by design, not fixed
[relay:stress-control-01] 2026-09-14T08:01:04.271Z [rpc] catch-up done: 0 handshakes accepted, 0 messages replied, DISABLED historical comms
[relay:stress-user-08] 2026-09-14T08:01:04.271Z [rpc] catch-up comm: DISABLED (KANET_CATCHUP_COMM!=on) — historical backfill skipped by design, not fixed
[relay:stress-user-08] 2026-09-14T08:01:04.271Z [rpc] catch-up done: 0 handshakes accepted, 0 messages replied, DISABLED historical comms
[relay:J2] 2026-09-14T08:01:04.314Z [rpc] catching up from Console DB...
[relay:KANet-UI] 2026-09-14T08:01:04.315Z [rpc] catching up from Console DB...
[relay:Qclaude] 2026-09-14T08:01:04.315Z [rpc] catching up from Console DB...
[relay:Trader-A] 2026-09-14T08:01:04.315Z [rpc] catching up from Console DB...
[relay:KANet-UI] 2026-09-14T08:01:04.317Z [rpc] catch-up comm: DISABLED (KANET_CATCHUP_COMM!=on) — historical backfill skipped by design, not fixed
[relay:KANet-UI] 2026-09-14T08:01:04.317Z [rpc] catch-up done: 0 handshakes accepted, 0 messages replied, DISABLED historical comms
[relay:J2] 2026-09-14T08:01:04.317Z [rpc] catch-up comm: DISABLED (KANET_CATCHUP_COMM!=on) — historical backfill skipped by design, not fixed
[relay:J2] 2026-09-14T08:01:04.317Z [rpc] catch-up done: 0 handshakes accepted, 0 messages replied, DISABLED historical comms
[relay:Trader-A] 2026-09-14T08:01:04.317Z [rpc] catch-up comm: DISABLED (KANET_CATCHUP_COMM!=on) — historical backfill skipped by design, not fixed
[relay:Trader-A] 2026-09-14T08:01:04.317Z [rpc] catch-up done: 0 handshakes accepted, 0 messages replied, DISABLED historical comms
[relay:Qclaude] 2026-09-14T08:01:04.317Z [rpc] catch-up comm: DISABLED (KANET_CATCHUP_COMM!=on) — historical backfill skipped by design, not fixed
[relay:Qclaude] 2026-09-14T08:01:04.317Z [rpc] catch-up done: 0 handshakes accepted, 0 messages replied, DISABLED historical comms
[diag:tick-duration] relayHealthMonitorTick ms=1 eligible=16 deadCount=0
[relay:Trader-M] 2026-09-14T08:01:04.331Z [rpc] catching up from Console DB...
[relay:Bettor] 2026-09-14T08:01:04.331Z [rpc] catching up from Console DB...
[relay:Trader-M] 2026-09-14T08:01:04.333Z [rpc] catch-up comm: DISABLED (KANET_CATCHUP_COMM!=on) — historical backfill skipped by design, not fixed
[relay:Trader-M] 2026-09-14T08:01:04.333Z [rpc] catch-up done: 0 handshakes accepted, 0 messages replied, DISABLED historical comms
[relay:Bettor] 2026-09-14T08:01:04.333Z [rpc] catch-up comm: DISABLED (KANET_CATCHUP_COMM!=on) — historical backfill skipped by design, not fixed
[relay:Bettor] 2026-09-14T08:01:04.333Z [rpc] catch-up done: 0 handshakes accepted, 0 messages replied, DISABLED historical comms
[diag:tick-duration] relayHotwalletMonitorTick ms=6 checked=16 killed=0
[diag:heap-sample] at=2026-09-14T08:01:14.863Z heapUsed=49MB heapTotal=53MB rss=134MB external=9MB arrayBuffers=1MB wasmBytes=4MB utxoFetchCalls=0
[diag:step] pair.scanAndIngestPairs ms=0 since_rowid=0 max_rowid=0 hits=0 at=2026-09-14T08:01:34.107Z
[diag:tick-duration] relayHealthMonitorTick ms=0 eligible=16 deadCount=0
[diag:tick-duration] relayHotwalletMonitorTick ms=4 checked=16 killed=0
[diag:step] mind-manager.priceMonitor ms=145 sync=1 ok=1 at=2026-09-14T08:02:04.104Z
[diag:step] pair.scanAndIngestPairs ms=0 since_rowid=0 max_rowid=0 hits=0 at=2026-09-14T08:02:04.118Z
[relay:stress-user-02] 2026-09-14T08:02:04.244Z [rpc] catching up from Console DB...
[relay:stress-user-06] 2026-09-14T08:02:04.244Z [rpc] catching up from Console DB...
[relay:stress-user-04] 2026-09-14T08:02:04.244Z [rpc] catching up from Console DB...
[relay:stress-user-03] 2026-09-14T08:02:04.244Z [rpc] catching up from Console DB...
[relay:stress-user-07] 2026-09-14T08:02:04.244Z [rpc] catching up from Console DB...
[relay:stress-user-01] 2026-09-14T08:02:04.244Z [rpc] catching up from Console DB...
[relay:stress-user-02] 2026-09-14T08:02:04.248Z [rpc] catch-up comm: DISABLED (KANET_CATCHUP_COMM!=on) — historical backfill skipped by design, not fixed
[relay:stress-user-02] 2026-09-14T08:02:04.248Z [rpc] catch-up done: 0 handshakes accepted, 0 messages replied, DISABLED historical comms
[relay:stress-user-06] 2026-09-14T08:02:04.248Z [rpc] catch-up comm: DISABLED (KANET_CATCHUP_COMM!=on) — historical backfill skipped by design, not fixed
[relay:stress-user-06] 2026-09-14T08:02:04.248Z [rpc] catch-up done: 0 handshakes accepted, 0 messages replied, DISABLED historical comms
[relay:stress-user-03] 2026-09-14T08:02:04.248Z [rpc] catch-up comm: DISABLED (KANET_CATCHUP_COMM!=on) — historical backfill skipped by design, not fixed
[relay:stress-user-03] 2026-09-14T08:02:04.248Z [rpc] catch-up done: 0 handshakes accepted, 0 messages replied, DISABLED historical comms
[relay:stress-user-04] 2026-09-14T08:02:04.248Z [rpc] catch-up comm: DISABLED (KANET_CATCHUP_COMM!=on) — historical backfill skipped by design, not fixed
[relay:stress-user-04] 2026-09-14T08:02:04.248Z [rpc] catch-up done: 0 handshakes accepted, 0 messages replied, DISABLED historical comms
[relay:stress-user-07] 2026-09-14T08:02:04.248Z [rpc] catch-up comm: DISABLED (KANET_CATCHUP_COMM!=on) — historical backfill skipped by design, not fixed
[relay:stress-user-07] 2026-09-14T08:02:04.248Z [rpc] catch-up done: 0 handshakes accepted, 0 messages replied, DISABLED historical comms
[relay:stress-user-01] 2026-09-14T08:02:04.248Z [rpc] catch-up comm: DISABLED (KANET_CATCHUP_COMM!=on) — historical backfill skipped by design, not fixed
[relay:stress-user-01] 2026-09-14T08:02:04.248Z [rpc] catch-up done: 0 handshakes accepted, 0 messages replied, DISABLED historical comms
[relay:stress-user-05] 2026-09-14T08:02:04.260Z [rpc] catching up from Console DB...
[relay:stress-user-05] 2026-09-14T08:02:04.261Z [rpc] catch-up comm: DISABLED (KANET_CATCHUP_COMM!=on) — historical backfill skipped by design, not fixed
[relay:stress-user-05] 2026-09-14T08:02:04.261Z [rpc] catch-up done: 0 handshakes accepted, 0 messages replied, DISABLED historical comms
[relay:stress-user-08] 2026-09-14T08:02:04.275Z [rpc] catching up from Console DB...
[relay:stress-control-02] 2026-09-14T08:02:04.275Z [rpc] catching up from Console DB...
[relay:stress-control-01] 2026-09-14T08:02:04.275Z [rpc] catching up from Console DB...
[relay:stress-user-08] 2026-09-14T08:02:04.277Z [rpc] catch-up comm: DISABLED (KANET_CATCHUP_COMM!=on) — historical backfill skipped by design, not fixed
[relay:stress-user-08] 2026-09-14T08:02:04.277Z [rpc] catch-up done: 0 handshakes accepted, 0 messages replied, DISABLED historical comms
[relay:stress-control-02] 2026-09-14T08:02:04.278Z [rpc] catch-up comm: DISABLED (KANET_CATCHUP_COMM!=on) — historical backfill skipped by design, not fixed
[relay:stress-control-02] 2026-09-14T08:02:04.278Z [rpc] catch-up done: 0 handshakes accepted, 0 messages replied, DISABLED historical comms
[relay:stress-control-01] 2026-09-14T08:02:04.278Z [rpc] catch-up comm: DISABLED (KANET_CATCHUP_COMM!=on) — historical backfill skipped by design, not fixed
[relay:stress-control-01] 2026-09-14T08:02:04.278Z [rpc] catch-up done: 0 handshakes accepted, 0 messages replied, DISABLED historical comms
[relay:J2] 2026-09-14T08:02:04.319Z [rpc] catching up from Console DB...
[relay:Qclaude] 2026-09-14T08:02:04.321Z [rpc] catching up from Console DB...
[relay:Trader-A] 2026-09-14T08:02:04.322Z [rpc] catching up from Console DB...
[relay:KANet-UI] 2026-09-14T08:02:04.322Z [rpc] catching up from Console DB...
[relay:J2] 2026-09-14T08:02:04.323Z [rpc] catch-up comm: DISABLED (KANET_CATCHUP_COMM!=on) — historical backfill skipped by design, not fixed
[relay:J2] 2026-09-14T08:02:04.323Z [rpc] catch-up done: 0 handshakes accepted, 0 messages replied, DISABLED historical comms
[relay:Qclaude] 2026-09-14T08:02:04.324Z [rpc] catch-up comm: DISABLED (KANET_CATCHUP_COMM!=on) — historical backfill skipped by design, not fixed
[relay:Qclaude] 2026-09-14T08:02:04.324Z [rpc] catch-up done: 0 handshakes accepted, 0 messages replied, DISABLED historical comms
[relay:Trader-A] 2026-09-14T08:02:04.325Z [rpc] catch-up comm: DISABLED (KANET_CATCHUP_COMM!=on) — historical backfill skipped by design, not fixed
[relay:Trader-A] 2026-09-14T08:02:04.325Z [rpc] catch-up done: 0 handshakes accepted, 0 messages replied, DISABLED historical comms
[relay:KANet-UI] 2026-09-14T08:02:04.325Z [rpc] catch-up comm: DISABLED (KANET_CATCHUP_COMM!=on) — historical backfill skipped by design, not fixed
[relay:KANet-UI] 2026-09-14T08:02:04.325Z [rpc] catch-up done: 0 handshakes accepted, 0 messages replied, DISABLED historical comms
[relay:Bettor] 2026-09-14T08:02:04.337Z [rpc] catching up from Console DB...
[relay:Trader-M] 2026-09-14T08:02:04.338Z [rpc] catching up from Console DB...
[relay:Bettor] 2026-09-14T08:02:04.339Z [rpc] catch-up comm: DISABLED (KANET_CATCHUP_COMM!=on) — historical backfill skipped by design, not fixed
[relay:Bettor] 2026-09-14T08:02:04.339Z [rpc] catch-up done: 0 handshakes accepted, 0 messages replied, DISABLED historical comms
[relay:Trader-M] 2026-09-14T08:02:04.340Z [rpc] catch-up comm: DISABLED (KANET_CATCHUP_COMM!=on) — historical backfill skipped by design, not fixed
[relay:Trader-M] 2026-09-14T08:02:04.340Z [rpc] catch-up done: 0 handshakes accepted, 0 messages replied, DISABLED historical comms
[diag:tick-duration] relayHealthMonitorTick ms=0 eligible=16 deadCount=0
[diag:tick-duration] relayHotwalletMonitorTick ms=5 checked=16 killed=0
[diag:heap-sample] at=2026-09-14T08:02:15.217Z heapUsed=49MB heapTotal=53MB rss=134MB external=9MB arrayBuffers=1MB wasmBytes=4MB utxoFetchCalls=0
[relay:stress-user-04] 2026-09-14T08:02:32.847Z [rpc] block #14000 (attempted: 0)
[relay:Qclaude] 2026-09-14T08:02:32.847Z [rpc] block #14000 (attempted: 0)
[relay:stress-control-02] 2026-09-14T08:02:32.847Z [rpc] block #14000 (attempted: 0)
[relay:stress-control-01] 2026-09-14T08:02:32.847Z [rpc] block #14000 (attempted: 0)
[relay:stress-user-01] 2026-09-14T08:02:32.847Z [rpc] block #14000 (attempted: 0)
[relay:Bettor] 2026-09-14T08:02:32.847Z [rpc] block #14000 (attempted: 0)
[relay:KANet-UI] 2026-09-14T08:02:32.847Z [rpc] block #14000 (attempted: 0)
[relay:stress-user-05] 2026-09-14T08:02:32.848Z [rpc] block #14000 (attempted: 0)
[relay:Trader-M] 2026-09-14T08:02:32.847Z [rpc] block #14000 (attempted: 0)
[relay:stress-user-06] 2026-09-14T08:02:32.847Z [rpc] block #14000 (attempted: 0)
[relay:stress-user-08] 2026-09-14T08:02:32.847Z [rpc] block #14000 (attempted: 0)
[relay:J2] 2026-09-14T08:02:32.846Z [rpc] block #14000 (attempted: 0)
[relay:stress-user-02] 2026-09-14T08:02:32.848Z [rpc] block #14000 (attempted: 0)
[relay:Trader-A] 2026-09-14T08:02:32.848Z [rpc] block #14000 (attempted: 0)
[relay:stress-user-03] 2026-09-14T08:02:32.847Z [rpc] block #14000 (attempted: 0)
[relay:stress-user-07] 2026-09-14T08:02:32.848Z [rpc] block #14000 (attempted: 0)
[diag:step] pair.scanAndIngestPairs ms=0 since_rowid=0 max_rowid=0 hits=0 at=2026-09-14T08:02:34.120Z
[diag:tick-duration] relayHealthMonitorTick ms=1 eligible=16 deadCount=0
[diag:tick-duration] relayHotwalletMonitorTick ms=5 checked=16 killed=0
[diag:step] pair.scanAndIngestPairs ms=0 since_rowid=0 max_rowid=0 hits=0 at=2026-09-14T08:03:04.132Z
[diag:step] mind-manager.priceMonitor ms=168 sync=1 ok=1 at=2026-09-14T08:03:04.136Z
[relay:stress-user-01] 2026-09-14T08:03:04.257Z [rpc] catching up from Console DB...
[relay:stress-user-06] 2026-09-14T08:03:04.258Z [rpc] catching up from Console DB...
[relay:stress-user-02] 2026-09-14T08:03:04.258Z [rpc] catching up from Console DB...
[relay:stress-user-03] 2026-09-14T08:03:04.258Z [rpc] catching up from Console DB...
[relay:stress-user-04] 2026-09-14T08:03:04.258Z [rpc] catching up from Console DB...
[relay:stress-user-07] 2026-09-14T08:03:04.258Z [rpc] catching up from Console DB...
[relay:stress-user-01] 2026-09-14T08:03:04.261Z [rpc] catch-up comm: DISABLED (KANET_CATCHUP_COMM!=on) — historical backfill skipped by design, not fixed
[relay:stress-user-01] 2026-09-14T08:03:04.261Z [rpc] catch-up done: 0 handshakes accepted, 0 messages replied, DISABLED historical comms
[relay:stress-user-02] 2026-09-14T08:03:04.262Z [rpc] catch-up comm: DISABLED (KANET_CATCHUP_COMM!=on) — historical backfill skipped by design, not fixed
[relay:stress-user-02] 2026-09-14T08:03:04.262Z [rpc] catch-up done: 0 handshakes accepted, 0 messages replied, DISABLED historical comms
[relay:stress-user-04] 2026-09-14T08:03:04.262Z [rpc] catch-up comm: DISABLED (KANET_CATCHUP_COMM!=on) — historical backfill skipped by design, not fixed
[relay:stress-user-04] 2026-09-14T08:03:04.262Z [rpc] catch-up done: 0 handshakes accepted, 0 messages replied, DISABLED historical comms
[relay:stress-user-06] 2026-09-14T08:03:04.262Z [rpc] catch-up comm: DISABLED (KANET_CATCHUP_COMM!=on) — historical backfill skipped by design, not fixed
[relay:stress-user-06] 2026-09-14T08:03:04.262Z [rpc] catch-up done: 0 handshakes accepted, 0 messages replied, DISABLED historical comms
[relay:stress-user-07] 2026-09-14T08:03:04.262Z [rpc] catch-up comm: DISABLED (KANET_CATCHUP_COMM!=on) — historical backfill skipped by design, not fixed
[relay:stress-user-07] 2026-09-14T08:03:04.262Z [rpc] catch-up done: 0 handshakes accepted, 0 messages replied, DISABLED historical comms
[relay:stress-user-03] 2026-09-14T08:03:04.262Z [rpc] catch-up comm: DISABLED (KANET_CATCHUP_COMM!=on) — historical backfill skipped by design, not fixed
[relay:stress-user-03] 2026-09-14T08:03:04.262Z [rpc] catch-up done: 0 handshakes accepted, 0 messages replied, DISABLED historical comms
[relay:stress-user-05] 2026-09-14T08:03:04.273Z [rpc] catching up from Console DB...
[relay:stress-user-05] 2026-09-14T08:03:04.275Z [rpc] catch-up comm: DISABLED (KANET_CATCHUP_COMM!=on) — historical backfill skipped by design, not fixed
[relay:stress-user-05] 2026-09-14T08:03:04.275Z [rpc] catch-up done: 0 handshakes accepted, 0 messages replied, DISABLED historical comms
[relay:stress-control-01] 2026-09-14T08:03:04.289Z [rpc] catching up from Console DB...
[relay:stress-control-02] 2026-09-14T08:03:04.289Z [rpc] catching up from Console DB...
[relay:stress-user-08] 2026-09-14T08:03:04.289Z [rpc] catching up from Console DB...
[relay:stress-user-08] 2026-09-14T08:03:04.292Z [rpc] catch-up comm: DISABLED (KANET_CATCHUP_COMM!=on) — historical backfill skipped by design, not fixed
[relay:stress-user-08] 2026-09-14T08:03:04.292Z [rpc] catch-up done: 0 handshakes accepted, 0 messages replied, DISABLED historical comms
[relay:stress-control-01] 2026-09-14T08:03:04.292Z [rpc] catch-up comm: DISABLED (KANET_CATCHUP_COMM!=on) — historical backfill skipped by design, not fixed
[relay:stress-control-01] 2026-09-14T08:03:04.292Z [rpc] catch-up done: 0 handshakes accepted, 0 messages replied, DISABLED historical comms
[relay:stress-control-02] 2026-09-14T08:03:04.292Z [rpc] catch-up comm: DISABLED (KANET_CATCHUP_COMM!=on) — historical backfill skipped by design, not fixed
[relay:stress-control-02] 2026-09-14T08:03:04.292Z [rpc] catch-up done: 0 handshakes accepted, 0 messages replied, DISABLED historical comms
[relay:J2] 2026-09-14T08:03:04.336Z [rpc] catching up from Console DB...
[relay:KANet-UI] 2026-09-14T08:03:04.336Z [rpc] catching up from Console DB...
[relay:Trader-A] 2026-09-14T08:03:04.336Z [rpc] catching up from Console DB...
[relay:Qclaude] 2026-09-14T08:03:04.336Z [rpc] catching up from Console DB...
[relay:KANet-UI] 2026-09-14T08:03:04.339Z [rpc] catch-up comm: DISABLED (KANET_CATCHUP_COMM!=on) — historical backfill skipped by design, not fixed
[relay:KANet-UI] 2026-09-14T08:03:04.339Z [rpc] catch-up done: 0 handshakes accepted, 0 messages replied, DISABLED historical comms
[relay:J2] 2026-09-14T08:03:04.339Z [rpc] catch-up comm: DISABLED (KANET_CATCHUP_COMM!=on) — historical backfill skipped by design, not fixed
[relay:J2] 2026-09-14T08:03:04.339Z [rpc] catch-up done: 0 handshakes accepted, 0 messages replied, DISABLED historical comms
[relay:Trader-A] 2026-09-14T08:03:04.339Z [rpc] catch-up comm: DISABLED (KANET_CATCHUP_COMM!=on) — historical backfill skipped by design, not fixed
[relay:Trader-A] 2026-09-14T08:03:04.339Z [rpc] catch-up done: 0 handshakes accepted, 0 messages replied, DISABLED historical comms
[relay:Qclaude] 2026-09-14T08:03:04.339Z [rpc] catch-up comm: DISABLED (KANET_CATCHUP_COMM!=on) — historical backfill skipped by design, not fixed
[relay:Qclaude] 2026-09-14T08:03:04.339Z [rpc] catch-up done: 0 handshakes accepted, 0 messages replied, DISABLED historical comms
[relay:Bettor] 2026-09-14T08:03:04.352Z [rpc] catching up from Console DB...
[relay:Trader-M] 2026-09-14T08:03:04.352Z [rpc] catching up from Console DB...
[relay:Bettor] 2026-09-14T08:03:04.354Z [rpc] catch-up comm: DISABLED (KANET_CATCHUP_COMM!=on) — historical backfill skipped by design, not fixed
[relay:Trader-M] 2026-09-14T08:03:04.354Z [rpc] catch-up comm: DISABLED (KANET_CATCHUP_COMM!=on) — historical backfill skipped by design, not fixed
[relay:Trader-M] 2026-09-14T08:03:04.354Z [rpc] catch-up done: 0 handshakes accepted, 0 messages replied, DISABLED historical comms
[relay:Bettor] 2026-09-14T08:03:04.354Z [rpc] catch-up done: 0 handshakes accepted, 0 messages replied, DISABLED historical comms
[diag:tick-duration] relayHealthMonitorTick ms=0 eligible=16 deadCount=0
[diag:tick-duration] relayHotwalletMonitorTick ms=4 checked=16 killed=0
[diag:heap-sample] at=2026-09-14T08:03:15.600Z heapUsed=49MB heapTotal=53MB rss=134MB external=9MB arrayBuffers=1MB wasmBytes=4MB utxoFetchCalls=0
[diag:step] pair.scanAndIngestPairs ms=0 since_rowid=0 max_rowid=0 hits=0 at=2026-09-14T08:03:34.132Z
[diag:tick-duration] relayHealthMonitorTick ms=0 eligible=16 deadCount=0
[diag:tick-duration] relayHotwalletMonitorTick ms=4 checked=16 killed=0
[diag:step] pair.scanAndIngestPairs ms=0 since_rowid=0 max_rowid=0 hits=0 at=2026-09-14T08:04:04.137Z
[diag:step] mind-manager.priceMonitor ms=210 sync=1 ok=1 at=2026-09-14T08:04:04.189Z
[relay:stress-user-02] 2026-09-14T08:04:04.264Z [rpc] catching up from Console DB...
[relay:stress-user-01] 2026-09-14T08:04:04.263Z [rpc] catching up from Console DB...
[relay:stress-user-03] 2026-09-14T08:04:04.263Z [rpc] catching up from Console DB...
[relay:stress-user-07] 2026-09-14T08:04:04.263Z [rpc] catching up from Console DB...
[relay:stress-user-06] 2026-09-14T08:04:04.263Z [rpc] catching up from Console DB...
[relay:stress-user-04] 2026-09-14T08:04:04.263Z [rpc] catching up from Console DB...
[relay:stress-user-03] 2026-09-14T08:04:04.267Z [rpc] catch-up comm: DISABLED (KANET_CATCHUP_COMM!=on) — historical backfill skipped by design, not fixed
[relay:stress-user-03] 2026-09-14T08:04:04.267Z [rpc] catch-up done: 0 handshakes accepted, 0 messages replied, DISABLED historical comms
[relay:stress-user-01] 2026-09-14T08:04:04.267Z [rpc] catch-up comm: DISABLED (KANET_CATCHUP_COMM!=on) — historical backfill skipped by design, not fixed
[relay:stress-user-01] 2026-09-14T08:04:04.267Z [rpc] catch-up done: 0 handshakes accepted, 0 messages replied, DISABLED historical comms
[relay:stress-user-07] 2026-09-14T08:04:04.268Z [rpc] catch-up comm: DISABLED (KANET_CATCHUP_COMM!=on) — historical backfill skipped by design, not fixed
[relay:stress-user-07] 2026-09-14T08:04:04.268Z [rpc] catch-up done: 0 handshakes accepted, 0 messages replied, DISABLED historical comms
[relay:stress-user-02] 2026-09-14T08:04:04.268Z [rpc] catch-up comm: DISABLED (KANET_CATCHUP_COMM!=on) — historical backfill skipped by design, not fixed
[relay:stress-user-02] 2026-09-14T08:04:04.268Z [rpc] catch-up done: 0 handshakes accepted, 0 messages replied, DISABLED historical comms
[relay:stress-user-04] 2026-09-14T08:04:04.268Z [rpc] catch-up comm: DISABLED (KANET_CATCHUP_COMM!=on) — historical backfill skipped by design, not fixed
[relay:stress-user-04] 2026-09-14T08:04:04.268Z [rpc] catch-up done: 0 handshakes accepted, 0 messages replied, DISABLED historical comms
[relay:stress-user-06] 2026-09-14T08:04:04.268Z [rpc] catch-up comm: DISABLED (KANET_CATCHUP_COMM!=on) — historical backfill skipped by design, not fixed
[relay:stress-user-06] 2026-09-14T08:04:04.268Z [rpc] catch-up done: 0 handshakes accepted, 0 messages replied, DISABLED historical comms
[relay:stress-user-05] 2026-09-14T08:04:04.279Z [rpc] catching up from Console DB...
[relay:stress-user-05] 2026-09-14T08:04:04.280Z [rpc] catch-up comm: DISABLED (KANET_CATCHUP_COMM!=on) — historical backfill skipped by design, not fixed
[relay:stress-user-05] 2026-09-14T08:04:04.280Z [rpc] catch-up done: 0 handshakes accepted, 0 messages replied, DISABLED historical comms
[relay:stress-user-08] 2026-09-14T08:04:04.284Z [rpc] catching up from Console DB...
[relay:stress-control-02] 2026-09-14T08:04:04.284Z [rpc] catching up from Console DB...
[relay:stress-control-01] 2026-09-14T08:04:04.284Z [rpc] catching up from Console DB...
[relay:stress-control-02] 2026-09-14T08:04:04.286Z [rpc] catch-up comm: DISABLED (KANET_CATCHUP_COMM!=on) — historical backfill skipped by design, not fixed
[relay:stress-control-02] 2026-09-14T08:04:04.286Z [rpc] catch-up done: 0 handshakes accepted, 0 messages replied, DISABLED historical comms
[relay:stress-user-08] 2026-09-14T08:04:04.286Z [rpc] catch-up comm: DISABLED (KANET_CATCHUP_COMM!=on) — historical backfill skipped by design, not fixed
[relay:stress-user-08] 2026-09-14T08:04:04.287Z [rpc] catch-up done: 0 handshakes accepted, 0 messages replied, DISABLED historical comms
[relay:stress-control-01] 2026-09-14T08:04:04.286Z [rpc] catch-up comm: DISABLED (KANET_CATCHUP_COMM!=on) — historical backfill skipped by design, not fixed
[relay:stress-control-01] 2026-09-14T08:04:04.286Z [rpc] catch-up done: 0 handshakes accepted, 0 messages replied, DISABLED historical comms
[relay:J2] 2026-09-14T08:04:04.341Z [rpc] catching up from Console DB...
[relay:Qclaude] 2026-09-14T08:04:04.342Z [rpc] catching up from Console DB...
[relay:Trader-A] 2026-09-14T08:04:04.342Z [rpc] catching up from Console DB...
[relay:KANet-UI] 2026-09-14T08:04:04.342Z [rpc] catching up from Console DB...
[relay:J2] 2026-09-14T08:04:04.344Z [rpc] catch-up comm: DISABLED (KANET_CATCHUP_COMM!=on) — historical backfill skipped by design, not fixed
[relay:J2] 2026-09-14T08:04:04.344Z [rpc] catch-up done: 0 handshakes accepted, 0 messages replied, DISABLED historical comms
[relay:Qclaude] 2026-09-14T08:04:04.344Z [rpc] catch-up comm: DISABLED (KANET_CATCHUP_COMM!=on) — historical backfill skipped by design, not fixed
[relay:Qclaude] 2026-09-14T08:04:04.344Z [rpc] catch-up done: 0 handshakes accepted, 0 messages replied, DISABLED historical comms
[relay:Trader-A] 2026-09-14T08:04:04.344Z [rpc] catch-up comm: DISABLED (KANET_CATCHUP_COMM!=on) — historical backfill skipped by design, not fixed
[relay:Trader-A] 2026-09-14T08:04:04.344Z [rpc] catch-up done: 0 handshakes accepted, 0 messages replied, DISABLED historical comms
[relay:KANet-UI] 2026-09-14T08:04:04.344Z [rpc] catch-up comm: DISABLED (KANET_CATCHUP_COMM!=on) — historical backfill skipped by design, not fixed
[relay:KANet-UI] 2026-09-14T08:04:04.344Z [rpc] catch-up done: 0 handshakes accepted, 0 messages replied, DISABLED historical comms
[relay:Trader-M] 2026-09-14T08:04:04.358Z [rpc] catching up from Console DB...
[relay:Bettor] 2026-09-14T08:04:04.358Z [rpc] catching up from Console DB...
[relay:Trader-M] 2026-09-14T08:04:04.360Z [rpc] catch-up comm: DISABLED (KANET_CATCHUP_COMM!=on) — historical backfill skipped by design, not fixed
[relay:Trader-M] 2026-09-14T08:04:04.360Z [rpc] catch-up done: 0 handshakes accepted, 0 messages replied, DISABLED historical comms
[relay:Bettor] 2026-09-14T08:04:04.360Z [rpc] catch-up comm: DISABLED (KANET_CATCHUP_COMM!=on) — historical backfill skipped by design, not fixed
[relay:Bettor] 2026-09-14T08:04:04.360Z [rpc] catch-up done: 0 handshakes accepted, 0 messages replied, DISABLED historical comms
[diag:tick-duration] relayHealthMonitorTick ms=0 eligible=16 deadCount=0
[diag:tick-duration] relayHotwalletMonitorTick ms=4 checked=16 killed=0
[relay:KANet-UI] 2026-09-14T08:04:15.123Z [rpc] block #15000 (attempted: 0)
[relay:stress-user-06] 2026-09-14T08:04:15.123Z [rpc] block #15000 (attempted: 0)
[relay:stress-user-04] 2026-09-14T08:04:15.123Z [rpc] block #15000 (attempted: 0)
[relay:stress-control-01] 2026-09-14T08:04:15.118Z [rpc] block #15000 (attempted: 0)
[relay:stress-user-03] 2026-09-14T08:04:15.123Z [rpc] block #15000 (attempted: 0)
[relay:J2] 2026-09-14T08:04:15.123Z [rpc] block #15000 (attempted: 0)
[relay:stress-user-01] 2026-09-14T08:04:15.123Z [rpc] block #15000 (attempted: 0)
[relay:Trader-A] 2026-09-14T08:04:15.123Z [rpc] block #15000 (attempted: 0)
[relay:stress-user-02] 2026-09-14T08:04:15.123Z [rpc] block #15000 (attempted: 0)
[relay:stress-user-08] 2026-09-14T08:04:15.118Z [rpc] block #15000 (attempted: 0)
[relay:Trader-M] 2026-09-14T08:04:15.123Z [rpc] block #15000 (attempted: 0)
[relay:Bettor] 2026-09-14T08:04:15.123Z [rpc] block #15000 (attempted: 0)
[relay:stress-control-02] 2026-09-14T08:04:15.118Z [rpc] block #15000 (attempted: 0)
[relay:Qclaude] 2026-09-14T08:04:15.123Z [rpc] block #15000 (attempted: 0)
[relay:stress-user-05] 2026-09-14T08:04:15.123Z [rpc] block #15000 (attempted: 0)
[relay:stress-user-07] 2026-09-14T08:04:15.123Z [rpc] block #15000 (attempted: 0)
[diag:heap-sample] at=2026-09-14T08:04:15.995Z heapUsed=49MB heapTotal=53MB rss=134MB external=9MB arrayBuffers=1MB wasmBytes=4MB utxoFetchCalls=0
[diag:step] pair.scanAndIngestPairs ms=0 since_rowid=0 max_rowid=0 hits=0 at=2026-09-14T08:04:34.141Z
[diag:tick-duration] relayHealthMonitorTick ms=1 eligible=16 deadCount=0
[diag:tick-duration] relayHotwalletMonitorTick ms=6 checked=16 killed=0
[diag:step] pool.selectMarkets.all ms=0 rows=0 at=2026-09-14T08:05:04.035Z
[diag:tick-duration] poolSettlerTick ms=1
[diag:step] pool.tick.phases ms=1 pre=0 dw=0 select=1 post=0 rows=0 t0=2026-09-14T08:05:04.035Z at=2026-09-14T08:05:04.036Z
[diag:step] pair.scanAndIngestPairs ms=0 since_rowid=0 max_rowid=0 hits=0 at=2026-09-14T08:05:04.141Z
[diag:step] mind-manager.priceMonitor ms=214 sync=1 ok=1 at=2026-09-14T08:05:04.196Z
[relay:stress-user-02] 2026-09-14T08:05:04.268Z [rpc] catching up from Console DB...
[relay:stress-user-01] 2026-09-14T08:05:04.268Z [rpc] catching up from Console DB...
[relay:stress-user-06] 2026-09-14T08:05:04.268Z [rpc] catching up from Console DB...
[relay:stress-user-04] 2026-09-14T08:05:04.268Z [rpc] catching up from Console DB...
[relay:stress-user-03] 2026-09-14T08:05:04.269Z [rpc] catching up from Console DB...
[relay:stress-user-07] 2026-09-14T08:05:04.269Z [rpc] catching up from Console DB...
[relay:stress-user-01] 2026-09-14T08:05:04.272Z [rpc] catch-up comm: DISABLED (KANET_CATCHUP_COMM!=on) — historical backfill skipped by design, not fixed
[relay:stress-user-01] 2026-09-14T08:05:04.272Z [rpc] catch-up done: 0 handshakes accepted, 0 messages replied, DISABLED historical comms
[relay:stress-user-02] 2026-09-14T08:05:04.272Z [rpc] catch-up comm: DISABLED (KANET_CATCHUP_COMM!=on) — historical backfill skipped by design, not fixed
[relay:stress-user-02] 2026-09-14T08:05:04.272Z [rpc] catch-up done: 0 handshakes accepted, 0 messages replied, DISABLED historical comms
[relay:stress-user-03] 2026-09-14T08:05:04.272Z [rpc] catch-up comm: DISABLED (KANET_CATCHUP_COMM!=on) — historical backfill skipped by design, not fixed
[relay:stress-user-03] 2026-09-14T08:05:04.272Z [rpc] catch-up done: 0 handshakes accepted, 0 messages replied, DISABLED historical comms
[relay:stress-user-04] 2026-09-14T08:05:04.272Z [rpc] catch-up comm: DISABLED (KANET_CATCHUP_COMM!=on) — historical backfill skipped by design, not fixed
[relay:stress-user-04] 2026-09-14T08:05:04.272Z [rpc] catch-up done: 0 handshakes accepted, 0 messages replied, DISABLED historical comms
[relay:stress-user-06] 2026-09-14T08:05:04.272Z [rpc] catch-up comm: DISABLED (KANET_CATCHUP_COMM!=on) — historical backfill skipped by design, not fixed
[relay:stress-user-06] 2026-09-14T08:05:04.272Z [rpc] catch-up done: 0 handshakes accepted, 0 messages replied, DISABLED historical comms
[relay:stress-user-07] 2026-09-14T08:05:04.273Z [rpc] catch-up comm: DISABLED (KANET_CATCHUP_COMM!=on) — historical backfill skipped by design, not fixed
[relay:stress-user-07] 2026-09-14T08:05:04.273Z [rpc] catch-up done: 0 handshakes accepted, 0 messages replied, DISABLED historical comms
[relay:stress-user-05] 2026-09-14T08:05:04.284Z [rpc] catching up from Console DB...
[relay:stress-user-05] 2026-09-14T08:05:04.285Z [rpc] catch-up comm: DISABLED (KANET_CATCHUP_COMM!=on) — historical backfill skipped by design, not fixed
[relay:stress-user-05] 2026-09-14T08:05:04.286Z [rpc] catch-up done: 0 handshakes accepted, 0 messages replied, DISABLED historical comms
[relay:stress-control-01] 2026-09-14T08:05:04.300Z [rpc] catching up from Console DB...
[relay:stress-control-02] 2026-09-14T08:05:04.300Z [rpc] catching up from Console DB...
[relay:stress-user-08] 2026-09-14T08:05:04.300Z [rpc] catching up from Console DB...
[relay:stress-control-01] 2026-09-14T08:05:04.303Z [rpc] catch-up comm: DISABLED (KANET_CATCHUP_COMM!=on) — historical backfill skipped by design, not fixed
[relay:stress-control-01] 2026-09-14T08:05:04.303Z [rpc] catch-up done: 0 handshakes accepted, 0 messages replied, DISABLED historical comms
[relay:stress-control-02] 2026-09-14T08:05:04.303Z [rpc] catch-up comm: DISABLED (KANET_CATCHUP_COMM!=on) — historical backfill skipped by design, not fixed
[relay:stress-control-02] 2026-09-14T08:05:04.303Z [rpc] catch-up done: 0 handshakes accepted, 0 messages replied, DISABLED historical comms
[relay:stress-user-08] 2026-09-14T08:05:04.303Z [rpc] catch-up comm: DISABLED (KANET_CATCHUP_COMM!=on) — historical backfill skipped by design, not fixed
[relay:stress-user-08] 2026-09-14T08:05:04.303Z [rpc] catch-up done: 0 handshakes accepted, 0 messages replied, DISABLED historical comms
[relay:J2] 2026-09-14T08:05:04.347Z [rpc] catching up from Console DB...
[relay:Trader-A] 2026-09-14T08:05:04.348Z [rpc] catching up from Console DB...
[relay:Qclaude] 2026-09-14T08:05:04.348Z [rpc] catching up from Console DB...
[relay:KANet-UI] 2026-09-14T08:05:04.348Z [rpc] catching up from Console DB...
[relay:J2] 2026-09-14T08:05:04.351Z [rpc] catch-up comm: DISABLED (KANET_CATCHUP_COMM!=on) — historical backfill skipped by design, not fixed
[relay:J2] 2026-09-14T08:05:04.351Z [rpc] catch-up done: 0 handshakes accepted, 0 messages replied, DISABLED historical comms
[relay:Trader-A] 2026-09-14T08:05:04.351Z [rpc] catch-up comm: DISABLED (KANET_CATCHUP_COMM!=on) — historical backfill skipped by design, not fixed
[relay:Trader-A] 2026-09-14T08:05:04.351Z [rpc] catch-up done: 0 handshakes accepted, 0 messages replied, DISABLED historical comms
[relay:Qclaude] 2026-09-14T08:05:04.351Z [rpc] catch-up comm: DISABLED (KANET_CATCHUP_COMM!=on) — historical backfill skipped by design, not fixed
[relay:Qclaude] 2026-09-14T08:05:04.351Z [rpc] catch-up done: 0 handshakes accepted, 0 messages replied, DISABLED historical comms
[relay:KANet-UI] 2026-09-14T08:05:04.352Z [rpc] catch-up comm: DISABLED (KANET_CATCHUP_COMM!=on) — historical backfill skipped by design, not fixed
[relay:KANet-UI] 2026-09-14T08:05:04.352Z [rpc] catch-up done: 0 handshakes accepted, 0 messages replied, DISABLED historical comms
[relay:Trader-M] 2026-09-14T08:05:04.364Z [rpc] catching up from Console DB...
[relay:Bettor] 2026-09-14T08:05:04.365Z [rpc] catching up from Console DB...
[relay:Trader-M] 2026-09-14T08:05:04.366Z [rpc] catch-up comm: DISABLED (KANET_CATCHUP_COMM!=on) — historical backfill skipped by design, not fixed
[relay:Trader-M] 2026-09-14T08:05:04.366Z [rpc] catch-up done: 0 handshakes accepted, 0 messages replied, DISABLED historical comms
[relay:Bettor] 2026-09-14T08:05:04.366Z [rpc] catch-up comm: DISABLED (KANET_CATCHUP_COMM!=on) — historical backfill skipped by design, not fixed
[relay:Bettor] 2026-09-14T08:05:04.366Z [rpc] catch-up done: 0 handshakes accepted, 0 messages replied, DISABLED historical comms
[diag:tick-duration] relayHealthMonitorTick ms=0 eligible=16 deadCount=0
[diag:tick-duration] relayHotwalletMonitorTick ms=4 checked=16 killed=0
[diag:heap-sample] at=2026-09-14T08:05:16.490Z heapUsed=49MB heapTotal=52MB rss=134MB external=9MB arrayBuffers=1MB wasmBytes=4MB utxoFetchCalls=0
[diag:step] pair.scanAndIngestPairs ms=0 since_rowid=0 max_rowid=0 hits=0 at=2026-09-14T08:05:34.145Z
[diag:tick-duration] relayHealthMonitorTick ms=0 eligible=16 deadCount=0
[rpc-health] using local node: ws://127.0.0.1:17110
[diag:tick-duration] relayHotwalletMonitorTick ms=5 checked=16 killed=0
[relay:stress-user-07] 2026-09-14T08:05:45.311Z [rpc] block #16000 (attempted: 0)
[relay:stress-user-01] 2026-09-14T08:05:45.310Z [rpc] block #16000 (attempted: 0)
[relay:stress-user-08] 2026-09-14T08:05:45.310Z [rpc] block #16000 (attempted: 0)
[relay:J2] 2026-09-14T08:05:45.310Z [rpc] block #16000 (attempted: 0)
[relay:Trader-M] 2026-09-14T08:05:45.310Z [rpc] block #16000 (attempted: 0)
[relay:stress-user-05] 2026-09-14T08:05:45.310Z [rpc] block #16000 (attempted: 0)
[relay:stress-control-02] 2026-09-14T08:05:45.310Z [rpc] block #16000 (attempted: 0)
[relay:stress-user-02] 2026-09-14T08:05:45.311Z [rpc] block #16000 (attempted: 0)
[relay:Trader-A] 2026-09-14T08:05:45.310Z [rpc] block #16000 (attempted: 0)
[relay:KANet-UI] 2026-09-14T08:05:45.310Z [rpc] block #16000 (attempted: 0)
[relay:stress-control-01] 2026-09-14T08:05:45.310Z [rpc] block #16000 (attempted: 0)
[relay:stress-user-03] 2026-09-14T08:05:45.311Z [rpc] block #16000 (attempted: 0)
[relay:stress-user-06] 2026-09-14T08:05:45.310Z [rpc] block #16000 (attempted: 0)
[relay:Bettor] 2026-09-14T08:05:45.310Z [rpc] block #16000 (attempted: 0)
[relay:stress-user-04] 2026-09-14T08:05:45.310Z [rpc] block #16000 (attempted: 0)
[relay:Qclaude] 2026-09-14T08:05:45.310Z [rpc] block #16000 (attempted: 0)
[diag:step] pair.scanAndIngestPairs ms=0 since_rowid=0 max_rowid=0 hits=0 at=2026-09-14T08:06:04.155Z
[diag:step] mind-manager.priceMonitor ms=180 sync=1 ok=1 at=2026-09-14T08:06:04.177Z
[relay:stress-user-02] 2026-09-14T08:06:04.280Z [rpc] catching up from Console DB...
[relay:stress-user-03] 2026-09-14T08:06:04.280Z [rpc] catching up from Console DB...
[relay:stress-user-06] 2026-09-14T08:06:04.280Z [rpc] catching up from Console DB...
[relay:stress-user-07] 2026-09-14T08:06:04.280Z [rpc] catching up from Console DB...
[relay:stress-user-01] 2026-09-14T08:06:04.280Z [rpc] catching up from Console DB...
[relay:stress-user-04] 2026-09-14T08:06:04.280Z [rpc] catching up from Console DB...
[relay:stress-user-02] 2026-09-14T08:06:04.283Z [rpc] catch-up comm: DISABLED (KANET_CATCHUP_COMM!=on) — historical backfill skipped by design, not fixed
[relay:stress-user-02] 2026-09-14T08:06:04.283Z [rpc] catch-up done: 0 handshakes accepted, 0 messages replied, DISABLED historical comms
[relay:stress-user-06] 2026-09-14T08:06:04.283Z [rpc] catch-up comm: DISABLED (KANET_CATCHUP_COMM!=on) — historical backfill skipped by design, not fixed
[relay:stress-user-06] 2026-09-14T08:06:04.283Z [rpc] catch-up done: 0 handshakes accepted, 0 messages replied, DISABLED historical comms
[relay:stress-user-03] 2026-09-14T08:06:04.283Z [rpc] catch-up comm: DISABLED (KANET_CATCHUP_COMM!=on) — historical backfill skipped by design, not fixed
[relay:stress-user-03] 2026-09-14T08:06:04.283Z [rpc] catch-up done: 0 handshakes accepted, 0 messages replied, DISABLED historical comms
[relay:stress-user-07] 2026-09-14T08:06:04.283Z [rpc] catch-up comm: DISABLED (KANET_CATCHUP_COMM!=on) — historical backfill skipped by design, not fixed
[relay:stress-user-07] 2026-09-14T08:06:04.283Z [rpc] catch-up done: 0 handshakes accepted, 0 messages replied, DISABLED historical comms
[relay:stress-user-04] 2026-09-14T08:06:04.284Z [rpc] catch-up comm: DISABLED (KANET_CATCHUP_COMM!=on) — historical backfill skipped by design, not fixed
[relay:stress-user-04] 2026-09-14T08:06:04.284Z [rpc] catch-up done: 0 handshakes accepted, 0 messages replied, DISABLED historical comms
[relay:stress-user-01] 2026-09-14T08:06:04.284Z [rpc] catch-up comm: DISABLED (KANET_CATCHUP_COMM!=on) — historical backfill skipped by design, not fixed
[relay:stress-user-01] 2026-09-14T08:06:04.284Z [rpc] catch-up done: 0 handshakes accepted, 0 messages replied, DISABLED historical comms
[relay:stress-user-05] 2026-09-14T08:06:04.295Z [rpc] catching up from Console DB...
[relay:stress-user-05] 2026-09-14T08:06:04.297Z [rpc] catch-up comm: DISABLED (KANET_CATCHUP_COMM!=on) — historical backfill skipped by design, not fixed
[relay:stress-user-05] 2026-09-14T08:06:04.297Z [rpc] catch-up done: 0 handshakes accepted, 0 messages replied, DISABLED historical comms
[relay:stress-control-01] 2026-09-14T08:06:04.310Z [rpc] catching up from Console DB...
[relay:stress-user-08] 2026-09-14T08:06:04.310Z [rpc] catching up from Console DB...
[relay:stress-control-02] 2026-09-14T08:06:04.310Z [rpc] catching up from Console DB...
[relay:stress-control-01] 2026-09-14T08:06:04.313Z [rpc] catch-up comm: DISABLED (KANET_CATCHUP_COMM!=on) — historical backfill skipped by design, not fixed
[relay:stress-control-01] 2026-09-14T08:06:04.313Z [rpc] catch-up done: 0 handshakes accepted, 0 messages replied, DISABLED historical comms
[relay:stress-control-02] 2026-09-14T08:06:04.313Z [rpc] catch-up comm: DISABLED (KANET_CATCHUP_COMM!=on) — historical backfill skipped by design, not fixed
[relay:stress-control-02] 2026-09-14T08:06:04.313Z [rpc] catch-up done: 0 handshakes accepted, 0 messages replied, DISABLED historical comms
[relay:stress-user-08] 2026-09-14T08:06:04.313Z [rpc] catch-up comm: DISABLED (KANET_CATCHUP_COMM!=on) — historical backfill skipped by design, not fixed
[relay:stress-user-08] 2026-09-14T08:06:04.313Z [rpc] catch-up done: 0 handshakes accepted, 0 messages replied, DISABLED historical comms
[relay:J2] 2026-09-14T08:06:04.357Z [rpc] catching up from Console DB...
[relay:Qclaude] 2026-09-14T08:06:04.358Z [rpc] catching up from Console DB...
[relay:Trader-A] 2026-09-14T08:06:04.358Z [rpc] catching up from Console DB...
[relay:KANet-UI] 2026-09-14T08:06:04.358Z [rpc] catching up from Console DB...
[relay:J2] 2026-09-14T08:06:04.360Z [rpc] catch-up comm: DISABLED (KANET_CATCHUP_COMM!=on) — historical backfill skipped by design, not fixed
[relay:J2] 2026-09-14T08:06:04.360Z [rpc] catch-up done: 0 handshakes accepted, 0 messages replied, DISABLED historical comms
[relay:Qclaude] 2026-09-14T08:06:04.360Z [rpc] catch-up comm: DISABLED (KANET_CATCHUP_COMM!=on) — historical backfill skipped by design, not fixed
[relay:Qclaude] 2026-09-14T08:06:04.360Z [rpc] catch-up done: 0 handshakes accepted, 0 messages replied, DISABLED historical comms
[relay:Trader-A] 2026-09-14T08:06:04.360Z [rpc] catch-up comm: DISABLED (KANET_CATCHUP_COMM!=on) — historical backfill skipped by design, not fixed
[relay:Trader-A] 2026-09-14T08:06:04.360Z [rpc] catch-up done: 0 handshakes accepted, 0 messages replied, DISABLED historical comms
[relay:KANet-UI] 2026-09-14T08:06:04.361Z [rpc] catch-up comm: DISABLED (KANET_CATCHUP_COMM!=on) — historical backfill skipped by design, not fixed
[relay:KANet-UI] 2026-09-14T08:06:04.361Z [rpc] catch-up done: 0 handshakes accepted, 0 messages replied, DISABLED historical comms
[relay:Bettor] 2026-09-14T08:06:04.374Z [rpc] catching up from Console DB...
[relay:Trader-M] 2026-09-14T08:06:04.374Z [rpc] catching up from Console DB...
[relay:Bettor] 2026-09-14T08:06:04.375Z [rpc] catch-up comm: DISABLED (KANET_CATCHUP_COMM!=on) — historical backfill skipped by design, not fixed
[relay:Bettor] 2026-09-14T08:06:04.375Z [rpc] catch-up done: 0 handshakes accepted, 0 messages replied, DISABLED historical comms
[relay:Trader-M] 2026-09-14T08:06:04.376Z [rpc] catch-up comm: DISABLED (KANET_CATCHUP_COMM!=on) — historical backfill skipped by design, not fixed
[relay:Trader-M] 2026-09-14T08:06:04.376Z [rpc] catch-up done: 0 handshakes accepted, 0 messages replied, DISABLED historical comms
[diag:tick-duration] relayHealthMonitorTick ms=0 eligible=16 deadCount=0
[diag:tick-duration] relayHotwalletMonitorTick ms=5 checked=16 killed=0
[diag:heap-sample] at=2026-09-14T08:06:16.927Z heapUsed=50MB heapTotal=53MB rss=134MB external=9MB arrayBuffers=1MB wasmBytes=4MB utxoFetchCalls=0
[diag:step] pair.scanAndIngestPairs ms=0 since_rowid=0 max_rowid=0 hits=0 at=2026-09-14T08:06:34.166Z
[diag:tick-duration] relayHealthMonitorTick ms=0 eligible=16 deadCount=0
[diag:tick-duration] relayHotwalletMonitorTick ms=5 checked=16 killed=0
[diag:step] pair.scanAndIngestPairs ms=0 since_rowid=0 max_rowid=0 hits=0 at=2026-09-14T08:07:04.166Z
[diag:step] mind-manager.priceMonitor ms=176 sync=1 ok=1 at=2026-09-14T08:07:04.185Z
[relay:stress-user-01] 2026-09-14T08:07:04.293Z [rpc] catching up from Console DB...
[relay:stress-user-02] 2026-09-14T08:07:04.293Z [rpc] catching up from Console DB...
[relay:stress-user-04] 2026-09-14T08:07:04.293Z [rpc] catching up from Console DB...
[relay:stress-user-06] 2026-09-14T08:07:04.293Z [rpc] catching up from Console DB...
[relay:stress-user-03] 2026-09-14T08:07:04.293Z [rpc] catching up from Console DB...
[relay:stress-user-07] 2026-09-14T08:07:04.293Z [rpc] catching up from Console DB...
[relay:stress-user-01] 2026-09-14T08:07:04.297Z [rpc] catch-up comm: DISABLED (KANET_CATCHUP_COMM!=on) — historical backfill skipped by design, not fixed
[relay:stress-user-01] 2026-09-14T08:07:04.297Z [rpc] catch-up done: 0 handshakes accepted, 0 messages replied, DISABLED historical comms
[relay:stress-user-02] 2026-09-14T08:07:04.298Z [rpc] catch-up comm: DISABLED (KANET_CATCHUP_COMM!=on) — historical backfill skipped by design, not fixed
[relay:stress-user-02] 2026-09-14T08:07:04.298Z [rpc] catch-up done: 0 handshakes accepted, 0 messages replied, DISABLED historical comms
[relay:stress-user-04] 2026-09-14T08:07:04.298Z [rpc] catch-up comm: DISABLED (KANET_CATCHUP_COMM!=on) — historical backfill skipped by design, not fixed
[relay:stress-user-04] 2026-09-14T08:07:04.298Z [rpc] catch-up done: 0 handshakes accepted, 0 messages replied, DISABLED historical comms
[relay:stress-user-03] 2026-09-14T08:07:04.298Z [rpc] catch-up comm: DISABLED (KANET_CATCHUP_COMM!=on) — historical backfill skipped by design, not fixed
[relay:stress-user-03] 2026-09-14T08:07:04.298Z [rpc] catch-up done: 0 handshakes accepted, 0 messages replied, DISABLED historical comms
[relay:stress-user-06] 2026-09-14T08:07:04.298Z [rpc] catch-up comm: DISABLED (KANET_CATCHUP_COMM!=on) — historical backfill skipped by design, not fixed
[relay:stress-user-06] 2026-09-14T08:07:04.298Z [rpc] catch-up done: 0 handshakes accepted, 0 messages replied, DISABLED historical comms
[relay:stress-user-07] 2026-09-14T08:07:04.299Z [rpc] catch-up comm: DISABLED (KANET_CATCHUP_COMM!=on) — historical backfill skipped by design, not fixed
[relay:stress-user-07] 2026-09-14T08:07:04.299Z [rpc] catch-up done: 0 handshakes accepted, 0 messages replied, DISABLED historical comms
[relay:stress-user-05] 2026-09-14T08:07:04.309Z [rpc] catching up from Console DB...
[relay:stress-user-05] 2026-09-14T08:07:04.310Z [rpc] catch-up comm: DISABLED (KANET_CATCHUP_COMM!=on) — historical backfill skipped by design, not fixed
[relay:stress-user-05] 2026-09-14T08:07:04.310Z [rpc] catch-up done: 0 handshakes accepted, 0 messages replied, DISABLED historical comms
[relay:stress-user-08] 2026-09-14T08:07:04.324Z [rpc] catching up from Console DB...
[relay:stress-control-01] 2026-09-14T08:07:04.324Z [rpc] catching up from Console DB...
[relay:stress-control-02] 2026-09-14T08:07:04.324Z [rpc] catching up from Console DB...
[relay:stress-user-08] 2026-09-14T08:07:04.326Z [rpc] catch-up comm: DISABLED (KANET_CATCHUP_COMM!=on) — historical backfill skipped by design, not fixed
[relay:stress-user-08] 2026-09-14T08:07:04.326Z [rpc] catch-up done: 0 handshakes accepted, 0 messages replied, DISABLED historical comms
[relay:stress-control-01] 2026-09-14T08:07:04.326Z [rpc] catch-up comm: DISABLED (KANET_CATCHUP_COMM!=on) — historical backfill skipped by design, not fixed
[relay:stress-control-01] 2026-09-14T08:07:04.326Z [rpc] catch-up done: 0 handshakes accepted, 0 messages replied, DISABLED historical comms
[relay:stress-control-02] 2026-09-14T08:07:04.326Z [rpc] catch-up comm: DISABLED (KANET_CATCHUP_COMM!=on) — historical backfill skipped by design, not fixed
[relay:stress-control-02] 2026-09-14T08:07:04.326Z [rpc] catch-up done: 0 handshakes accepted, 0 messages replied, DISABLED historical comms
[relay:J2] 2026-09-14T08:07:04.369Z [rpc] catching up from Console DB...
[relay:KANet-UI] 2026-09-14T08:07:04.370Z [rpc] catching up from Console DB...
[relay:Qclaude] 2026-09-14T08:07:04.370Z [rpc] catching up from Console DB...
[relay:Trader-A] 2026-09-14T08:07:04.370Z [rpc] catching up from Console DB...
[relay:J2] 2026-09-14T08:07:04.371Z [rpc] catch-up comm: DISABLED (KANET_CATCHUP_COMM!=on) — historical backfill skipped by design, not fixed
[relay:J2] 2026-09-14T08:07:04.371Z [rpc] catch-up done: 0 handshakes accepted, 0 messages replied, DISABLED historical comms
[relay:KANet-UI] 2026-09-14T08:07:04.372Z [rpc] catch-up comm: DISABLED (KANET_CATCHUP_COMM!=on) — historical backfill skipped by design, not fixed
[relay:KANet-UI] 2026-09-14T08:07:04.372Z [rpc] catch-up done: 0 handshakes accepted, 0 messages replied, DISABLED historical comms
[relay:Qclaude] 2026-09-14T08:07:04.373Z [rpc] catch-up comm: DISABLED (KANET_CATCHUP_COMM!=on) — historical backfill skipped by design, not fixed
[relay:Trader-A] 2026-09-14T08:07:04.373Z [rpc] catch-up comm: DISABLED (KANET_CATCHUP_COMM!=on) — historical backfill skipped by design, not fixed
[relay:Trader-A] 2026-09-14T08:07:04.373Z [rpc] catch-up done: 0 handshakes accepted, 0 messages replied, DISABLED historical comms
[relay:Qclaude] 2026-09-14T08:07:04.373Z [rpc] catch-up done: 0 handshakes accepted, 0 messages replied, DISABLED historical comms
[relay:Trader-M] 2026-09-14T08:07:04.386Z [rpc] catching up from Console DB...
[relay:Bettor] 2026-09-14T08:07:04.386Z [rpc] catching up from Console DB...
[relay:Trader-M] 2026-09-14T08:07:04.388Z [rpc] catch-up comm: DISABLED (KANET_CATCHUP_COMM!=on) — historical backfill skipped by design, not fixed
[relay:Trader-M] 2026-09-14T08:07:04.388Z [rpc] catch-up done: 0 handshakes accepted, 0 messages replied, DISABLED historical comms
[relay:Bettor] 2026-09-14T08:07:04.388Z [rpc] catch-up comm: DISABLED (KANET_CATCHUP_COMM!=on) — historical backfill skipped by design, not fixed
[relay:Bettor] 2026-09-14T08:07:04.388Z [rpc] catch-up done: 0 handshakes accepted, 0 messages replied, DISABLED historical comms
[diag:tick-duration] relayHealthMonitorTick ms=1 eligible=16 deadCount=0
[diag:tick-duration] relayHotwalletMonitorTick ms=5 checked=16 killed=0
[diag:heap-sample] at=2026-09-14T08:07:17.387Z heapUsed=50MB heapTotal=55MB rss=134MB external=9MB arrayBuffers=1MB wasmBytes=4MB utxoFetchCalls=0
[relay:stress-user-08] 2026-09-14T08:07:24.331Z [rpc] block #17000 (attempted: 0)
[relay:Trader-M] 2026-09-14T08:07:24.331Z [rpc] block #17000 (attempted: 0)
[relay:stress-user-04] 2026-09-14T08:07:24.331Z [rpc] block #17000 (attempted: 0)
[relay:stress-user-06] 2026-09-14T08:07:24.331Z [rpc] block #17000 (attempted: 0)
[relay:Bettor] 2026-09-14T08:07:24.331Z [rpc] block #17000 (attempted: 0)
[relay:KANet-UI] 2026-09-14T08:07:24.331Z [rpc] block #17000 (attempted: 0)
[relay:stress-user-01] 2026-09-14T08:07:24.331Z [rpc] block #17000 (attempted: 0)
[relay:Trader-A] 2026-09-14T08:07:24.331Z [rpc] block #17000 (attempted: 0)
[relay:stress-control-01] 2026-09-14T08:07:24.331Z [rpc] block #17000 (attempted: 0)
[relay:stress-user-07] 2026-09-14T08:07:24.331Z [rpc] block #17000 (attempted: 0)
[relay:stress-control-02] 2026-09-14T08:07:24.331Z [rpc] block #17000 (attempted: 0)
[relay:Qclaude] 2026-09-14T08:07:24.331Z [rpc] block #17000 (attempted: 0)
[relay:stress-user-03] 2026-09-14T08:07:24.331Z [rpc] block #17000 (attempted: 0)
[relay:stress-user-02] 2026-09-14T08:07:24.331Z [rpc] block #17000 (attempted: 0)
[relay:J2] 2026-09-14T08:07:24.331Z [rpc] block #17000 (attempted: 0)
[relay:stress-user-05] 2026-09-14T08:07:24.331Z [rpc] block #17000 (attempted: 0)
[diag:step] pair.scanAndIngestPairs ms=0 since_rowid=0 max_rowid=0 hits=0 at=2026-09-14T08:07:34.169Z
[diag:tick-duration] relayHealthMonitorTick ms=0 eligible=16 deadCount=0
[diag:tick-duration] relayHotwalletMonitorTick ms=4 checked=16 killed=0
[diag:step] pair.scanAndIngestPairs ms=0 since_rowid=0 max_rowid=0 hits=0 at=2026-09-14T08:08:04.173Z
[diag:step] mind-manager.priceMonitor ms=161 sync=0 ok=1 at=2026-09-14T08:08:04.176Z
[relay:stress-user-02] 2026-09-14T08:08:04.300Z [rpc] catching up from Console DB...
[relay:stress-user-07] 2026-09-14T08:08:04.300Z [rpc] catching up from Console DB...
[relay:stress-user-01] 2026-09-14T08:08:04.301Z [rpc] catching up from Console DB...
[relay:stress-user-06] 2026-09-14T08:08:04.301Z [rpc] catching up from Console DB...
[relay:stress-user-03] 2026-09-14T08:08:04.301Z [rpc] catching up from Console DB...
[relay:stress-user-04] 2026-09-14T08:08:04.301Z [rpc] catching up from Console DB...
[relay:stress-user-02] 2026-09-14T08:08:04.304Z [rpc] catch-up comm: DISABLED (KANET_CATCHUP_COMM!=on) — historical backfill skipped by design, not fixed
[relay:stress-user-02] 2026-09-14T08:08:04.304Z [rpc] catch-up done: 0 handshakes accepted, 0 messages replied, DISABLED historical comms
[relay:stress-user-07] 2026-09-14T08:08:04.304Z [rpc] catch-up comm: DISABLED (KANET_CATCHUP_COMM!=on) — historical backfill skipped by design, not fixed
[relay:stress-user-07] 2026-09-14T08:08:04.304Z [rpc] catch-up done: 0 handshakes accepted, 0 messages replied, DISABLED historical comms
[relay:stress-user-06] 2026-09-14T08:08:04.305Z [rpc] catch-up comm: DISABLED (KANET_CATCHUP_COMM!=on) — historical backfill skipped by design, not fixed
[relay:stress-user-06] 2026-09-14T08:08:04.305Z [rpc] catch-up done: 0 handshakes accepted, 0 messages replied, DISABLED historical comms
[relay:stress-user-03] 2026-09-14T08:08:04.305Z [rpc] catch-up comm: DISABLED (KANET_CATCHUP_COMM!=on) — historical backfill skipped by design, not fixed
[relay:stress-user-03] 2026-09-14T08:08:04.305Z [rpc] catch-up done: 0 handshakes accepted, 0 messages replied, DISABLED historical comms
[relay:stress-user-04] 2026-09-14T08:08:04.305Z [rpc] catch-up comm: DISABLED (KANET_CATCHUP_COMM!=on) — historical backfill skipped by design, not fixed
[relay:stress-user-04] 2026-09-14T08:08:04.305Z [rpc] catch-up done: 0 handshakes accepted, 0 messages replied, DISABLED historical comms
[relay:stress-user-01] 2026-09-14T08:08:04.305Z [rpc] catch-up comm: DISABLED (KANET_CATCHUP_COMM!=on) — historical backfill skipped by design, not fixed
[relay:stress-user-01] 2026-09-14T08:08:04.305Z [rpc] catch-up done: 0 handshakes accepted, 0 messages replied, DISABLED historical comms
[relay:stress-user-05] 2026-09-14T08:08:04.316Z [rpc] catching up from Console DB...
[relay:stress-user-05] 2026-09-14T08:08:04.318Z [rpc] catch-up comm: DISABLED (KANET_CATCHUP_COMM!=on) — historical backfill skipped by design, not fixed
[relay:stress-user-05] 2026-09-14T08:08:04.318Z [rpc] catch-up done: 0 handshakes accepted, 0 messages replied, DISABLED historical comms
[relay:stress-control-01] 2026-09-14T08:08:04.332Z [rpc] catching up from Console DB...
[relay:stress-control-02] 2026-09-14T08:08:04.332Z [rpc] catching up from Console DB...
[relay:stress-user-08] 2026-09-14T08:08:04.332Z [rpc] catching up from Console DB...
[relay:stress-control-01] 2026-09-14T08:08:04.335Z [rpc] catch-up comm: DISABLED (KANET_CATCHUP_COMM!=on) — historical backfill skipped by design, not fixed
[relay:stress-control-01] 2026-09-14T08:08:04.335Z [rpc] catch-up done: 0 handshakes accepted, 0 messages replied, DISABLED historical comms
[relay:stress-control-02] 2026-09-14T08:08:04.335Z [rpc] catch-up comm: DISABLED (KANET_CATCHUP_COMM!=on) — historical backfill skipped by design, not fixed
[relay:stress-control-02] 2026-09-14T08:08:04.335Z [rpc] catch-up done: 0 handshakes accepted, 0 messages replied, DISABLED historical comms
[relay:stress-user-08] 2026-09-14T08:08:04.335Z [rpc] catch-up comm: DISABLED (KANET_CATCHUP_COMM!=on) — historical backfill skipped by design, not fixed
[relay:stress-user-08] 2026-09-14T08:08:04.335Z [rpc] catch-up done: 0 handshakes accepted, 0 messages replied, DISABLED historical comms
[relay:J2] 2026-09-14T08:08:04.378Z [rpc] catching up from Console DB...
[relay:Qclaude] 2026-09-14T08:08:04.379Z [rpc] catching up from Console DB...
[relay:Trader-A] 2026-09-14T08:08:04.379Z [rpc] catching up from Console DB...
[relay:KANet-UI] 2026-09-14T08:08:04.379Z [rpc] catching up from Console DB...
[relay:J2] 2026-09-14T08:08:04.381Z [rpc] catch-up comm: DISABLED (KANET_CATCHUP_COMM!=on) — historical backfill skipped by design, not fixed
[relay:J2] 2026-09-14T08:08:04.381Z [rpc] catch-up done: 0 handshakes accepted, 0 messages replied, DISABLED historical comms
[relay:Qclaude] 2026-09-14T08:08:04.381Z [rpc] catch-up comm: DISABLED (KANET_CATCHUP_COMM!=on) — historical backfill skipped by design, not fixed
[relay:Qclaude] 2026-09-14T08:08:04.381Z [rpc] catch-up done: 0 handshakes accepted, 0 messages replied, DISABLED historical comms
[relay:KANet-UI] 2026-09-14T08:08:04.382Z [rpc] catch-up comm: DISABLED (KANET_CATCHUP_COMM!=on) — historical backfill skipped by design, not fixed
[relay:KANet-UI] 2026-09-14T08:08:04.382Z [rpc] catch-up done: 0 handshakes accepted, 0 messages replied, DISABLED historical comms
[relay:Trader-A] 2026-09-14T08:08:04.381Z [rpc] catch-up comm: DISABLED (KANET_CATCHUP_COMM!=on) — historical backfill skipped by design, not fixed
[relay:Trader-A] 2026-09-14T08:08:04.381Z [rpc] catch-up done: 0 handshakes accepted, 0 messages replied, DISABLED historical comms
[relay:Trader-M] 2026-09-14T08:08:04.395Z [rpc] catching up from Console DB...
[relay:Bettor] 2026-09-14T08:08:04.395Z [rpc] catching up from Console DB...
[relay:Trader-M] 2026-09-14T08:08:04.397Z [rpc] catch-up comm: DISABLED (KANET_CATCHUP_COMM!=on) — historical backfill skipped by design, not fixed
[relay:Trader-M] 2026-09-14T08:08:04.397Z [rpc] catch-up done: 0 handshakes accepted, 0 messages replied, DISABLED historical comms
[relay:Bettor] 2026-09-14T08:08:04.397Z [rpc] catch-up comm: DISABLED (KANET_CATCHUP_COMM!=on) — historical backfill skipped by design, not fixed
[relay:Bettor] 2026-09-14T08:08:04.397Z [rpc] catch-up done: 0 handshakes accepted, 0 messages replied, DISABLED historical comms
[diag:tick-duration] relayHealthMonitorTick ms=0 eligible=16 deadCount=0
[diag:tick-duration] relayHotwalletMonitorTick ms=4 checked=16 killed=0
[diag:heap-sample] at=2026-09-14T08:08:17.977Z heapUsed=50MB heapTotal=53MB rss=135MB external=9MB arrayBuffers=1MB wasmBytes=4MB utxoFetchCalls=0
[diag:step] pair.scanAndIngestPairs ms=0 since_rowid=0 max_rowid=0 hits=0 at=2026-09-14T08:08:34.175Z
[diag:tick-duration] relayHealthMonitorTick ms=0 eligible=16 deadCount=0
[diag:tick-duration] relayHotwalletMonitorTick ms=5 checked=16 killed=0
[diag:step] mind-manager.priceMonitor ms=107 sync=1 ok=1 at=2026-09-14T08:09:04.127Z
[diag:step] pair.scanAndIngestPairs ms=0 since_rowid=0 max_rowid=0 hits=0 at=2026-09-14T08:09:04.177Z
[relay:stress-user-04] 2026-09-14T08:09:04.303Z [rpc] catching up from Console DB...
[relay:stress-user-02] 2026-09-14T08:09:04.303Z [rpc] catching up from Console DB...
[relay:stress-user-06] 2026-09-14T08:09:04.303Z [rpc] catching up from Console DB...
[relay:stress-user-01] 2026-09-14T08:09:04.303Z [rpc] catching up from Console DB...
[relay:stress-user-07] 2026-09-14T08:09:04.303Z [rpc] catching up from Console DB...
[relay:stress-user-03] 2026-09-14T08:09:04.303Z [rpc] catching up from Console DB...
[relay:stress-user-04] 2026-09-14T08:09:04.307Z [rpc] catch-up comm: DISABLED (KANET_CATCHUP_COMM!=on) — historical backfill skipped by design, not fixed
[relay:stress-user-04] 2026-09-14T08:09:04.307Z [rpc] catch-up done: 0 handshakes accepted, 0 messages replied, DISABLED historical comms
[relay:stress-user-02] 2026-09-14T08:09:04.308Z [rpc] catch-up comm: DISABLED (KANET_CATCHUP_COMM!=on) — historical backfill skipped by design, not fixed
[relay:stress-user-02] 2026-09-14T08:09:04.308Z [rpc] catch-up done: 0 handshakes accepted, 0 messages replied, DISABLED historical comms
[relay:stress-user-06] 2026-09-14T08:09:04.307Z [rpc] catch-up comm: DISABLED (KANET_CATCHUP_COMM!=on) — historical backfill skipped by design, not fixed
[relay:stress-user-06] 2026-09-14T08:09:04.307Z [rpc] catch-up done: 0 handshakes accepted, 0 messages replied, DISABLED historical comms
[relay:stress-user-07] 2026-09-14T08:09:04.308Z [rpc] catch-up comm: DISABLED (KANET_CATCHUP_COMM!=on) — historical backfill skipped by design, not fixed
[relay:stress-user-07] 2026-09-14T08:09:04.308Z [rpc] catch-up done: 0 handshakes accepted, 0 messages replied, DISABLED historical comms
[relay:stress-user-01] 2026-09-14T08:09:04.308Z [rpc] catch-up comm: DISABLED (KANET_CATCHUP_COMM!=on) — historical backfill skipped by design, not fixed
[relay:stress-user-01] 2026-09-14T08:09:04.308Z [rpc] catch-up done: 0 handshakes accepted, 0 messages replied, DISABLED historical comms
[relay:stress-user-03] 2026-09-14T08:09:04.308Z [rpc] catch-up comm: DISABLED (KANET_CATCHUP_COMM!=on) — historical backfill skipped by design, not fixed
[relay:stress-user-03] 2026-09-14T08:09:04.308Z [rpc] catch-up done: 0 handshakes accepted, 0 messages replied, DISABLED historical comms
[relay:stress-user-05] 2026-09-14T08:09:04.319Z [rpc] catching up from Console DB...
[relay:stress-user-05] 2026-09-14T08:09:04.319Z [rpc] catch-up comm: DISABLED (KANET_CATCHUP_COMM!=on) — historical backfill skipped by design, not fixed
[relay:stress-user-05] 2026-09-14T08:09:04.320Z [rpc] catch-up done: 0 handshakes accepted, 0 messages replied, DISABLED historical comms
[relay:stress-user-08] 2026-09-14T08:09:04.334Z [rpc] catching up from Console DB...
[relay:stress-control-02] 2026-09-14T08:09:04.334Z [rpc] catching up from Console DB...
[relay:stress-control-01] 2026-09-14T08:09:04.334Z [rpc] catching up from Console DB...
[relay:stress-control-02] 2026-09-14T08:09:04.336Z [rpc] catch-up comm: DISABLED (KANET_CATCHUP_COMM!=on) — historical backfill skipped by design, not fixed
[relay:stress-control-02] 2026-09-14T08:09:04.336Z [rpc] catch-up done: 0 handshakes accepted, 0 messages replied, DISABLED historical comms
[relay:stress-user-08] 2026-09-14T08:09:04.336Z [rpc] catch-up comm: DISABLED (KANET_CATCHUP_COMM!=on) — historical backfill skipped by design, not fixed
[relay:stress-user-08] 2026-09-14T08:09:04.336Z [rpc] catch-up done: 0 handshakes accepted, 0 messages replied, DISABLED historical comms
[relay:stress-control-01] 2026-09-14T08:09:04.336Z [rpc] catch-up comm: DISABLED (KANET_CATCHUP_COMM!=on) — historical backfill skipped by design, not fixed
[relay:stress-control-01] 2026-09-14T08:09:04.336Z [rpc] catch-up done: 0 handshakes accepted, 0 messages replied, DISABLED historical comms
[relay:J2] 2026-09-14T08:09:04.373Z [rpc] catching up from Console DB...
[relay:Qclaude] 2026-09-14T08:09:04.382Z [rpc] catching up from Console DB...
[relay:Trader-A] 2026-09-14T08:09:04.382Z [rpc] catching up from Console DB...
[relay:KANet-UI] 2026-09-14T08:09:04.382Z [rpc] catching up from Console DB...
[relay:J2] 2026-09-14T08:09:04.376Z [rpc] catch-up comm: DISABLED (KANET_CATCHUP_COMM!=on) — historical backfill skipped by design, not fixed
[relay:J2] 2026-09-14T08:09:04.376Z [rpc] catch-up done: 0 handshakes accepted, 0 messages replied, DISABLED historical comms
[relay:Qclaude] 2026-09-14T08:09:04.385Z [rpc] catch-up comm: DISABLED (KANET_CATCHUP_COMM!=on) — historical backfill skipped by design, not fixed
[relay:Qclaude] 2026-09-14T08:09:04.385Z [rpc] catch-up done: 0 handshakes accepted, 0 messages replied, DISABLED historical comms
[relay:Trader-A] 2026-09-14T08:09:04.385Z [rpc] catch-up comm: DISABLED (KANET_CATCHUP_COMM!=on) — historical backfill skipped by design, not fixed
[relay:Trader-A] 2026-09-14T08:09:04.385Z [rpc] catch-up done: 0 handshakes accepted, 0 messages replied, DISABLED historical comms
[relay:KANet-UI] 2026-09-14T08:09:04.385Z [rpc] catch-up comm: DISABLED (KANET_CATCHUP_COMM!=on) — historical backfill skipped by design, not fixed
[relay:KANet-UI] 2026-09-14T08:09:04.385Z [rpc] catch-up done: 0 handshakes accepted, 0 messages replied, DISABLED historical comms
[relay:Bettor] 2026-09-14T08:09:04.398Z [rpc] catching up from Console DB...
[relay:Trader-M] 2026-09-14T08:09:04.398Z [rpc] catching up from Console DB...
[relay:Bettor] 2026-09-14T08:09:04.400Z [rpc] catch-up comm: DISABLED (KANET_CATCHUP_COMM!=on) — historical backfill skipped by design, not fixed
[relay:Bettor] 2026-09-14T08:09:04.400Z [rpc] catch-up done: 0 handshakes accepted, 0 messages replied, DISABLED historical comms
[relay:Trader-M] 2026-09-14T08:09:04.400Z [rpc] catch-up comm: DISABLED (KANET_CATCHUP_COMM!=on) — historical backfill skipped by design, not fixed
[relay:Trader-M] 2026-09-14T08:09:04.400Z [rpc] catch-up done: 0 handshakes accepted, 0 messages replied, DISABLED historical comms
[diag:tick-duration] relayHealthMonitorTick ms=0 eligible=16 deadCount=0
[diag:tick-duration] relayHotwalletMonitorTick ms=4 checked=16 killed=0
[relay:stress-user-02] 2026-09-14T08:09:06.128Z [rpc] block #18000 (attempted: 0)
[relay:Qclaude] 2026-09-14T08:09:06.128Z [rpc] block #18000 (attempted: 0)
[relay:stress-user-03] 2026-09-14T08:09:06.128Z [rpc] block #18000 (attempted: 0)
[relay:stress-user-01] 2026-09-14T08:09:06.128Z [rpc] block #18000 (attempted: 0)
[relay:stress-control-02] 2026-09-14T08:09:06.128Z [rpc] block #18000 (attempted: 0)
[relay:stress-user-06] 2026-09-14T08:09:06.128Z [rpc] block #18000 (attempted: 0)
[relay:KANet-UI] 2026-09-14T08:09:06.128Z [rpc] block #18000 (attempted: 0)
[relay:Trader-A] 2026-09-14T08:09:06.128Z [rpc] block #18000 (attempted: 0)
[relay:stress-user-07] 2026-09-14T08:09:06.128Z [rpc] block #18000 (attempted: 0)
[relay:J2] 2026-09-14T08:09:06.120Z [rpc] block #18000 (attempted: 0)
[relay:stress-user-04] 2026-09-14T08:09:06.128Z [rpc] block #18000 (attempted: 0)
[relay:stress-control-01] 2026-09-14T08:09:06.128Z [rpc] block #18000 (attempted: 0)
[relay:Trader-M] 2026-09-14T08:09:06.128Z [rpc] block #18000 (attempted: 0)
[relay:Bettor] 2026-09-14T08:09:06.128Z [rpc] block #18000 (attempted: 0)
[relay:stress-user-08] 2026-09-14T08:09:06.128Z [rpc] block #18000 (attempted: 0)
[relay:stress-user-05] 2026-09-14T08:09:06.128Z [rpc] block #18000 (attempted: 0)
[diag:heap-sample] at=2026-09-14T08:09:18.478Z heapUsed=50MB heapTotal=53MB rss=135MB external=9MB arrayBuffers=1MB wasmBytes=4MB utxoFetchCalls=0
[diag:step] pair.scanAndIngestPairs ms=0 since_rowid=0 max_rowid=0 hits=0 at=2026-09-14T08:09:34.188Z
[diag:tick-duration] relayHealthMonitorTick ms=0 eligible=16 deadCount=0
[diag:tick-duration] relayHotwalletMonitorTick ms=3 checked=16 killed=0
[diag:step] pool.selectMarkets.all ms=0 rows=0 at=2026-09-14T08:10:04.039Z
[diag:tick-duration] poolSettlerTick ms=1
[diag:step] pool.tick.phases ms=1 pre=0 dw=0 select=1 post=0 rows=0 t0=2026-09-14T08:10:04.039Z at=2026-09-14T08:10:04.040Z
[diag:step] pair.scanAndIngestPairs ms=0 since_rowid=0 max_rowid=0 hits=0 at=2026-09-14T08:10:04.191Z
[diag:step] mind-manager.priceMonitor ms=205 sync=1 ok=1 at=2026-09-14T08:10:04.239Z
[relay:stress-user-02] 2026-09-14T08:10:04.317Z [rpc] catching up from Console DB...
[relay:stress-user-06] 2026-09-14T08:10:04.317Z [rpc] catching up from Console DB...
[relay:stress-user-03] 2026-09-14T08:10:04.317Z [rpc] catching up from Console DB...
[relay:stress-user-04] 2026-09-14T08:10:04.317Z [rpc] catching up from Console DB...
[relay:stress-user-01] 2026-09-14T08:10:04.317Z [rpc] catching up from Console DB...
[relay:stress-user-07] 2026-09-14T08:10:04.317Z [rpc] catching up from Console DB...
[relay:stress-user-02] 2026-09-14T08:10:04.321Z [rpc] catch-up comm: DISABLED (KANET_CATCHUP_COMM!=on) — historical backfill skipped by design, not fixed
[relay:stress-user-02] 2026-09-14T08:10:04.321Z [rpc] catch-up done: 0 handshakes accepted, 0 messages replied, DISABLED historical comms
[relay:stress-user-06] 2026-09-14T08:10:04.321Z [rpc] catch-up comm: DISABLED (KANET_CATCHUP_COMM!=on) — historical backfill skipped by design, not fixed
[relay:stress-user-06] 2026-09-14T08:10:04.321Z [rpc] catch-up done: 0 handshakes accepted, 0 messages replied, DISABLED historical comms
[relay:stress-user-01] 2026-09-14T08:10:04.321Z [rpc] catch-up comm: DISABLED (KANET_CATCHUP_COMM!=on) — historical backfill skipped by design, not fixed
[relay:stress-user-01] 2026-09-14T08:10:04.321Z [rpc] catch-up done: 0 handshakes accepted, 0 messages replied, DISABLED historical comms
[relay:stress-user-03] 2026-09-14T08:10:04.321Z [rpc] catch-up comm: DISABLED (KANET_CATCHUP_COMM!=on) — historical backfill skipped by design, not fixed
[relay:stress-user-03] 2026-09-14T08:10:04.321Z [rpc] catch-up done: 0 handshakes accepted, 0 messages replied, DISABLED historical comms
[relay:stress-user-04] 2026-09-14T08:10:04.321Z [rpc] catch-up comm: DISABLED (KANET_CATCHUP_COMM!=on) — historical backfill skipped by design, not fixed
[relay:stress-user-04] 2026-09-14T08:10:04.321Z [rpc] catch-up done: 0 handshakes accepted, 0 messages replied, DISABLED historical comms
[relay:stress-user-07] 2026-09-14T08:10:04.321Z [rpc] catch-up comm: DISABLED (KANET_CATCHUP_COMM!=on) — historical backfill skipped by design, not fixed
[relay:stress-user-07] 2026-09-14T08:10:04.321Z [rpc] catch-up done: 0 handshakes accepted, 0 messages replied, DISABLED historical comms
[relay:stress-user-05] 2026-09-14T08:10:04.332Z [rpc] catching up from Console DB...
[relay:stress-user-05] 2026-09-14T08:10:04.334Z [rpc] catch-up comm: DISABLED (KANET_CATCHUP_COMM!=on) — historical backfill skipped by design, not fixed
[relay:stress-user-05] 2026-09-14T08:10:04.334Z [rpc] catch-up done: 0 handshakes accepted, 0 messages replied, DISABLED historical comms
[relay:stress-control-02] 2026-09-14T08:10:04.348Z [rpc] catching up from Console DB...
[relay:stress-user-08] 2026-09-14T08:10:04.348Z [rpc] catching up from Console DB...
[relay:stress-control-01] 2026-09-14T08:10:04.348Z [rpc] catching up from Console DB...
[relay:stress-control-02] 2026-09-14T08:10:04.350Z [rpc] catch-up comm: DISABLED (KANET_CATCHUP_COMM!=on) — historical backfill skipped by design, not fixed
[relay:stress-control-02] 2026-09-14T08:10:04.350Z [rpc] catch-up done: 0 handshakes accepted, 0 messages replied, DISABLED historical comms
[relay:stress-user-08] 2026-09-14T08:10:04.351Z [rpc] catch-up comm: DISABLED (KANET_CATCHUP_COMM!=on) — historical backfill skipped by design, not fixed
[relay:stress-user-08] 2026-09-14T08:10:04.351Z [rpc] catch-up done: 0 handshakes accepted, 0 messages replied, DISABLED historical comms
[relay:stress-control-01] 2026-09-14T08:10:04.351Z [rpc] catch-up comm: DISABLED (KANET_CATCHUP_COMM!=on) — historical backfill skipped by design, not fixed
[relay:stress-control-01] 2026-09-14T08:10:04.351Z [rpc] catch-up done: 0 handshakes accepted, 0 messages replied, DISABLED historical comms
[relay:J2] 2026-09-14T08:10:04.394Z [rpc] catching up from Console DB...
[relay:Qclaude] 2026-09-14T08:10:04.395Z [rpc] catching up from Console DB...
[relay:KANet-UI] 2026-09-14T08:10:04.396Z [rpc] catching up from Console DB...
[relay:Trader-A] 2026-09-14T08:10:04.396Z [rpc] catching up from Console DB...
[relay:J2] 2026-09-14T08:10:04.396Z [rpc] catch-up comm: DISABLED (KANET_CATCHUP_COMM!=on) — historical backfill skipped by design, not fixed
[relay:J2] 2026-09-14T08:10:04.396Z [rpc] catch-up done: 0 handshakes accepted, 0 messages replied, DISABLED historical comms
[relay:Qclaude] 2026-09-14T08:10:04.398Z [rpc] catch-up comm: DISABLED (KANET_CATCHUP_COMM!=on) — historical backfill skipped by design, not fixed
[relay:Qclaude] 2026-09-14T08:10:04.398Z [rpc] catch-up done: 0 handshakes accepted, 0 messages replied, DISABLED historical comms
[relay:KANet-UI] 2026-09-14T08:10:04.398Z [rpc] catch-up comm: DISABLED (KANET_CATCHUP_COMM!=on) — historical backfill skipped by design, not fixed
[relay:KANet-UI] 2026-09-14T08:10:04.398Z [rpc] catch-up done: 0 handshakes accepted, 0 messages replied, DISABLED historical comms
[relay:Trader-A] 2026-09-14T08:10:04.399Z [rpc] catch-up comm: DISABLED (KANET_CATCHUP_COMM!=on) — historical backfill skipped by design, not fixed
[relay:Trader-A] 2026-09-14T08:10:04.399Z [rpc] catch-up done: 0 handshakes accepted, 0 messages replied, DISABLED historical comms
[relay:Trader-M] 2026-09-14T08:10:04.411Z [rpc] catching up from Console DB...
[relay:Bettor] 2026-09-14T08:10:04.411Z [rpc] catching up from Console DB...
[relay:Trader-M] 2026-09-14T08:10:04.413Z [rpc] catch-up comm: DISABLED (KANET_CATCHUP_COMM!=on) — historical backfill skipped by design, not fixed
[relay:Trader-M] 2026-09-14T08:10:04.413Z [rpc] catch-up done: 0 handshakes accepted, 0 messages replied, DISABLED historical comms
[relay:Bettor] 2026-09-14T08:10:04.413Z [rpc] catch-up comm: DISABLED (KANET_CATCHUP_COMM!=on) — historical backfill skipped by design, not fixed
[relay:Bettor] 2026-09-14T08:10:04.413Z [rpc] catch-up done: 0 handshakes accepted, 0 messages replied, DISABLED historical comms
[diag:tick-duration] relayHealthMonitorTick ms=1 eligible=16 deadCount=0
[diag:tick-duration] relayHotwalletMonitorTick ms=4 checked=16 killed=0
[diag:heap-sample] at=2026-09-14T08:10:18.946Z heapUsed=50MB heapTotal=53MB rss=135MB external=9MB arrayBuffers=1MB wasmBytes=4MB utxoFetchCalls=0
[diag:step] pair.scanAndIngestPairs ms=0 since_rowid=0 max_rowid=0 hits=0 at=2026-09-14T08:10:34.201Z
[diag:tick-duration] relayHealthMonitorTick ms=1 eligible=16 deadCount=0
[rpc-health] using local node: ws://127.0.0.1:17110
[diag:tick-duration] relayHotwalletMonitorTick ms=6 checked=16 killed=0
[relay:stress-user-03] 2026-09-14T08:10:48.714Z [rpc] block #19000 (attempted: 0)
[relay:stress-user-08] 2026-09-14T08:10:48.714Z [rpc] block #19000 (attempted: 0)
[relay:KANet-UI] 2026-09-14T08:10:48.714Z [rpc] block #19000 (attempted: 0)
[relay:stress-control-01] 2026-09-14T08:10:48.714Z [rpc] block #19000 (attempted: 0)
[relay:Bettor] 2026-09-14T08:10:48.714Z [rpc] block #19000 (attempted: 0)
[relay:stress-user-01] 2026-09-14T08:10:48.714Z [rpc] block #19000 (attempted: 0)
[relay:Trader-M] 2026-09-14T08:10:48.714Z [rpc] block #19000 (attempted: 0)
[relay:stress-user-02] 2026-09-14T08:10:48.714Z [rpc] block #19000 (attempted: 0)
[relay:Qclaude] 2026-09-14T08:10:48.714Z [rpc] block #19000 (attempted: 0)
[relay:stress-user-07] 2026-09-14T08:10:48.714Z [rpc] block #19000 (attempted: 0)
[relay:stress-control-02] 2026-09-14T08:10:48.714Z [rpc] block #19000 (attempted: 0)
[relay:stress-user-04] 2026-09-14T08:10:48.714Z [rpc] block #19000 (attempted: 0)
[relay:Trader-A] 2026-09-14T08:10:48.714Z [rpc] block #19000 (attempted: 0)
[relay:stress-user-06] 2026-09-14T08:10:48.714Z [rpc] block #19000 (attempted: 0)
[relay:J2] 2026-09-14T08:10:48.713Z [rpc] block #19000 (attempted: 0)
[relay:stress-user-05] 2026-09-14T08:10:48.714Z [rpc] block #19000 (attempted: 0)
[diag:step] mind-manager.priceMonitor ms=105 sync=1 ok=1 at=2026-09-14T08:11:04.151Z
[diag:step] pair.scanAndIngestPairs ms=0 since_rowid=0 max_rowid=0 hits=0 at=2026-09-14T08:11:04.204Z
[relay:stress-user-06] 2026-09-14T08:11:04.329Z [rpc] catching up from Console DB...
[relay:stress-user-02] 2026-09-14T08:11:04.330Z [rpc] catching up from Console DB...
[relay:stress-user-07] 2026-09-14T08:11:04.329Z [rpc] catching up from Console DB...
[relay:stress-user-03] 2026-09-14T08:11:04.329Z [rpc] catching up from Console DB...
[relay:stress-user-01] 2026-09-14T08:11:04.329Z [rpc] catching up from Console DB...
[relay:stress-user-04] 2026-09-14T08:11:04.329Z [rpc] catching up from Console DB...
[relay:stress-user-06] 2026-09-14T08:11:04.334Z [rpc] catch-up comm: DISABLED (KANET_CATCHUP_COMM!=on) — historical backfill skipped by design, not fixed
[relay:stress-user-06] 2026-09-14T08:11:04.334Z [rpc] catch-up done: 0 handshakes accepted, 0 messages replied, DISABLED historical comms
[relay:stress-user-03] 2026-09-14T08:11:04.334Z [rpc] catch-up comm: DISABLED (KANET_CATCHUP_COMM!=on) — historical backfill skipped by design, not fixed
[relay:stress-user-03] 2026-09-14T08:11:04.334Z [rpc] catch-up done: 0 handshakes accepted, 0 messages replied, DISABLED historical comms
[relay:stress-user-07] 2026-09-14T08:11:04.334Z [rpc] catch-up comm: DISABLED (KANET_CATCHUP_COMM!=on) — historical backfill skipped by design, not fixed
[relay:stress-user-07] 2026-09-14T08:11:04.334Z [rpc] catch-up done: 0 handshakes accepted, 0 messages replied, DISABLED historical comms
[relay:stress-user-01] 2026-09-14T08:11:04.334Z [rpc] catch-up comm: DISABLED (KANET_CATCHUP_COMM!=on) — historical backfill skipped by design, not fixed
[relay:stress-user-01] 2026-09-14T08:11:04.334Z [rpc] catch-up done: 0 handshakes accepted, 0 messages replied, DISABLED historical comms
[relay:stress-user-02] 2026-09-14T08:11:04.335Z [rpc] catch-up comm: DISABLED (KANET_CATCHUP_COMM!=on) — historical backfill skipped by design, not fixed
[relay:stress-user-02] 2026-09-14T08:11:04.335Z [rpc] catch-up done: 0 handshakes accepted, 0 messages replied, DISABLED historical comms
[relay:stress-user-04] 2026-09-14T08:11:04.335Z [rpc] catch-up comm: DISABLED (KANET_CATCHUP_COMM!=on) — historical backfill skipped by design, not fixed
[relay:stress-user-04] 2026-09-14T08:11:04.335Z [rpc] catch-up done: 0 handshakes accepted, 0 messages replied, DISABLED historical comms
[relay:stress-user-05] 2026-09-14T08:11:04.345Z [rpc] catching up from Console DB...
[relay:stress-user-05] 2026-09-14T08:11:04.347Z [rpc] catch-up comm: DISABLED (KANET_CATCHUP_COMM!=on) — historical backfill skipped by design, not fixed
[relay:stress-user-05] 2026-09-14T08:11:04.347Z [rpc] catch-up done: 0 handshakes accepted, 0 messages replied, DISABLED historical comms
[relay:stress-control-02] 2026-09-14T08:11:04.361Z [rpc] catching up from Console DB...
[relay:stress-user-08] 2026-09-14T08:11:04.361Z [rpc] catching up from Console DB...
[relay:stress-control-01] 2026-09-14T08:11:04.361Z [rpc] catching up from Console DB...
[relay:stress-control-02] 2026-09-14T08:11:04.364Z [rpc] catch-up comm: DISABLED (KANET_CATCHUP_COMM!=on) — historical backfill skipped by design, not fixed
[relay:stress-control-02] 2026-09-14T08:11:04.364Z [rpc] catch-up done: 0 handshakes accepted, 0 messages replied, DISABLED historical comms
[relay:stress-user-08] 2026-09-14T08:11:04.364Z [rpc] catch-up comm: DISABLED (KANET_CATCHUP_COMM!=on) — historical backfill skipped by design, not fixed
[relay:stress-user-08] 2026-09-14T08:11:04.364Z [rpc] catch-up done: 0 handshakes accepted, 0 messages replied, DISABLED historical comms
[relay:stress-control-01] 2026-09-14T08:11:04.365Z [rpc] catch-up comm: DISABLED (KANET_CATCHUP_COMM!=on) — historical backfill skipped by design, not fixed
[relay:stress-control-01] 2026-09-14T08:11:04.365Z [rpc] catch-up done: 0 handshakes accepted, 0 messages replied, DISABLED historical comms
[relay:J2] 2026-09-14T08:11:04.407Z [rpc] catching up from Console DB...
[relay:Qclaude] 2026-09-14T08:11:04.408Z [rpc] catching up from Console DB...
[relay:Trader-A] 2026-09-14T08:11:04.409Z [rpc] catching up from Console DB...
[relay:KANet-UI] 2026-09-14T08:11:04.408Z [rpc] catching up from Console DB...
[relay:J2] 2026-09-14T08:11:04.410Z [rpc] catch-up comm: DISABLED (KANET_CATCHUP_COMM!=on) — historical backfill skipped by design, not fixed
[relay:J2] 2026-09-14T08:11:04.410Z [rpc] catch-up done: 0 handshakes accepted, 0 messages replied, DISABLED historical comms
[relay:Qclaude] 2026-09-14T08:11:04.411Z [rpc] catch-up comm: DISABLED (KANET_CATCHUP_COMM!=on) — historical backfill skipped by design, not fixed
[relay:Qclaude] 2026-09-14T08:11:04.411Z [rpc] catch-up done: 0 handshakes accepted, 0 messages replied, DISABLED historical comms
[relay:Trader-A] 2026-09-14T08:11:04.411Z [rpc] catch-up comm: DISABLED (KANET_CATCHUP_COMM!=on) — historical backfill skipped by design, not fixed
[relay:Trader-A] 2026-09-14T08:11:04.411Z [rpc] catch-up done: 0 handshakes accepted, 0 messages replied, DISABLED historical comms
[relay:KANet-UI] 2026-09-14T08:11:04.412Z [rpc] catch-up comm: DISABLED (KANET_CATCHUP_COMM!=on) — historical backfill skipped by design, not fixed
[relay:KANet-UI] 2026-09-14T08:11:04.412Z [rpc] catch-up done: 0 handshakes accepted, 0 messages replied, DISABLED historical comms
[relay:Bettor] 2026-09-14T08:11:04.424Z [rpc] catching up from Console DB...
[relay:Trader-M] 2026-09-14T08:11:04.424Z [rpc] catching up from Console DB...
[relay:Bettor] 2026-09-14T08:11:04.426Z [rpc] catch-up comm: DISABLED (KANET_CATCHUP_COMM!=on) — historical backfill skipped by design, not fixed
[relay:Bettor] 2026-09-14T08:11:04.426Z [rpc] catch-up done: 0 handshakes accepted, 0 messages replied, DISABLED historical comms
[relay:Trader-M] 2026-09-14T08:11:04.426Z [rpc] catch-up comm: DISABLED (KANET_CATCHUP_COMM!=on) — historical backfill skipped by design, not fixed
[relay:Trader-M] 2026-09-14T08:11:04.427Z [rpc] catch-up done: 0 handshakes accepted, 0 messages replied, DISABLED historical comms
[diag:tick-duration] relayHealthMonitorTick ms=0 eligible=16 deadCount=0
[diag:tick-duration] relayHotwalletMonitorTick ms=5 checked=16 killed=0
[diag:heap-sample] at=2026-09-14T08:11:19.514Z heapUsed=50MB heapTotal=54MB rss=136MB external=9MB arrayBuffers=1MB wasmBytes=4MB utxoFetchCalls=0
[diag:step] pair.scanAndIngestPairs ms=0 since_rowid=0 max_rowid=0 hits=0 at=2026-09-14T08:11:34.215Z
[diag:tick-duration] relayHealthMonitorTick ms=0 eligible=16 deadCount=0
[diag:tick-duration] relayHotwalletMonitorTick ms=5 checked=16 killed=0
[diag:step] pair.scanAndIngestPairs ms=0 since_rowid=0 max_rowid=0 hits=0 at=2026-09-14T08:12:04.229Z
[diag:step] mind-manager.priceMonitor ms=176 sync=1 ok=1 at=2026-09-14T08:12:04.231Z
[relay:stress-user-02] 2026-09-14T08:12:04.340Z [rpc] catching up from Console DB...
[relay:stress-user-04] 2026-09-14T08:12:04.340Z [rpc] catching up from Console DB...
[relay:stress-user-06] 2026-09-14T08:12:04.340Z [rpc] catching up from Console DB...
[relay:stress-user-07] 2026-09-14T08:12:04.340Z [rpc] catching up from Console DB...
[relay:stress-user-01] 2026-09-14T08:12:04.340Z [rpc] catching up from Console DB...
[relay:stress-user-03] 2026-09-14T08:12:04.340Z [rpc] catching up from Console DB...
[relay:stress-user-02] 2026-09-14T08:12:04.345Z [rpc] catch-up comm: DISABLED (KANET_CATCHUP_COMM!=on) — historical backfill skipped by design, not fixed
[relay:stress-user-02] 2026-09-14T08:12:04.345Z [rpc] catch-up done: 0 handshakes accepted, 0 messages replied, DISABLED historical comms
[relay:stress-user-04] 2026-09-14T08:12:04.345Z [rpc] catch-up comm: DISABLED (KANET_CATCHUP_COMM!=on) — historical backfill skipped by design, not fixed
[relay:stress-user-04] 2026-09-14T08:12:04.345Z [rpc] catch-up done: 0 handshakes accepted, 0 messages replied, DISABLED historical comms
[relay:stress-user-06] 2026-09-14T08:12:04.345Z [rpc] catch-up comm: DISABLED (KANET_CATCHUP_COMM!=on) — historical backfill skipped by design, not fixed
[relay:stress-user-06] 2026-09-14T08:12:04.345Z [rpc] catch-up done: 0 handshakes accepted, 0 messages replied, DISABLED historical comms
[relay:stress-user-07] 2026-09-14T08:12:04.345Z [rpc] catch-up comm: DISABLED (KANET_CATCHUP_COMM!=on) — historical backfill skipped by design, not fixed
[relay:stress-user-07] 2026-09-14T08:12:04.345Z [rpc] catch-up done: 0 handshakes accepted, 0 messages replied, DISABLED historical comms
[relay:stress-user-03] 2026-09-14T08:12:04.345Z [rpc] catch-up comm: DISABLED (KANET_CATCHUP_COMM!=on) — historical backfill skipped by design, not fixed
[relay:stress-user-03] 2026-09-14T08:12:04.345Z [rpc] catch-up done: 0 handshakes accepted, 0 messages replied, DISABLED historical comms
[relay:stress-user-01] 2026-09-14T08:12:04.346Z [rpc] catch-up comm: DISABLED (KANET_CATCHUP_COMM!=on) — historical backfill skipped by design, not fixed
[relay:stress-user-01] 2026-09-14T08:12:04.346Z [rpc] catch-up done: 0 handshakes accepted, 0 messages replied, DISABLED historical comms
[relay:stress-user-05] 2026-09-14T08:12:04.356Z [rpc] catching up from Console DB...
[relay:stress-user-05] 2026-09-14T08:12:04.357Z [rpc] catch-up comm: DISABLED (KANET_CATCHUP_COMM!=on) — historical backfill skipped by design, not fixed
[relay:stress-user-05] 2026-09-14T08:12:04.357Z [rpc] catch-up done: 0 handshakes accepted, 0 messages replied, DISABLED historical comms
[relay:stress-control-01] 2026-09-14T08:12:04.371Z [rpc] catching up from Console DB...
[relay:stress-user-08] 2026-09-14T08:12:04.371Z [rpc] catching up from Console DB...
[relay:stress-control-02] 2026-09-14T08:12:04.371Z [rpc] catching up from Console DB...
[relay:stress-control-01] 2026-09-14T08:12:04.374Z [rpc] catch-up comm: DISABLED (KANET_CATCHUP_COMM!=on) — historical backfill skipped by design, not fixed
[relay:stress-control-01] 2026-09-14T08:12:04.374Z [rpc] catch-up done: 0 handshakes accepted, 0 messages replied, DISABLED historical comms
[relay:stress-control-02] 2026-09-14T08:12:04.374Z [rpc] catch-up comm: DISABLED (KANET_CATCHUP_COMM!=on) — historical backfill skipped by design, not fixed
[relay:stress-control-02] 2026-09-14T08:12:04.374Z [rpc] catch-up done: 0 handshakes accepted, 0 messages replied, DISABLED historical comms
[relay:stress-user-08] 2026-09-14T08:12:04.375Z [rpc] catch-up comm: DISABLED (KANET_CATCHUP_COMM!=on) — historical backfill skipped by design, not fixed
[relay:stress-user-08] 2026-09-14T08:12:04.375Z [rpc] catch-up done: 0 handshakes accepted, 0 messages replied, DISABLED historical comms
[relay:J2] 2026-09-14T08:12:04.418Z [rpc] catching up from Console DB...
[relay:Qclaude] 2026-09-14T08:12:04.419Z [rpc] catching up from Console DB...
[relay:KANet-UI] 2026-09-14T08:12:04.419Z [rpc] catching up from Console DB...
[relay:Trader-A] 2026-09-14T08:12:04.419Z [rpc] catching up from Console DB...
[relay:J2] 2026-09-14T08:12:04.422Z [rpc] catch-up comm: DISABLED (KANET_CATCHUP_COMM!=on) — historical backfill skipped by design, not fixed
[relay:J2] 2026-09-14T08:12:04.422Z [rpc] catch-up done: 0 handshakes accepted, 0 messages replied, DISABLED historical comms
[relay:KANet-UI] 2026-09-14T08:12:04.422Z [rpc] catch-up comm: DISABLED (KANET_CATCHUP_COMM!=on) — historical backfill skipped by design, not fixed
[relay:KANet-UI] 2026-09-14T08:12:04.422Z [rpc] catch-up done: 0 handshakes accepted, 0 messages replied, DISABLED historical comms
[relay:Qclaude] 2026-09-14T08:12:04.423Z [rpc] catch-up comm: DISABLED (KANET_CATCHUP_COMM!=on) — historical backfill skipped by design, not fixed
[relay:Qclaude] 2026-09-14T08:12:04.423Z [rpc] catch-up done: 0 handshakes accepted, 0 messages replied, DISABLED historical comms
[relay:Trader-A] 2026-09-14T08:12:04.423Z [rpc] catch-up comm: DISABLED (KANET_CATCHUP_COMM!=on) — historical backfill skipped by design, not fixed
[relay:Trader-A] 2026-09-14T08:12:04.423Z [rpc] catch-up done: 0 handshakes accepted, 0 messages replied, DISABLED historical comms
[relay:Trader-M] 2026-09-14T08:12:04.435Z [rpc] catching up from Console DB...
[relay:Bettor] 2026-09-14T08:12:04.435Z [rpc] catching up from Console DB...
[relay:Trader-M] 2026-09-14T08:12:04.437Z [rpc] catch-up comm: DISABLED (KANET_CATCHUP_COMM!=on) — historical backfill skipped by design, not fixed
[relay:Trader-M] 2026-09-14T08:12:04.437Z [rpc] catch-up done: 0 handshakes accepted, 0 messages replied, DISABLED historical comms
[relay:Bettor] 2026-09-14T08:12:04.437Z [rpc] catch-up comm: DISABLED (KANET_CATCHUP_COMM!=on) — historical backfill skipped by design, not fixed
[relay:Bettor] 2026-09-14T08:12:04.437Z [rpc] catch-up done: 0 handshakes accepted, 0 messages replied, DISABLED historical comms
[diag:tick-duration] relayHealthMonitorTick ms=0 eligible=16 deadCount=0
[diag:tick-duration] relayHotwalletMonitorTick ms=3 checked=16 killed=0
[diag:heap-sample] at=2026-09-14T08:12:20.148Z heapUsed=50MB heapTotal=54MB rss=136MB external=9MB arrayBuffers=1MB wasmBytes=4MB utxoFetchCalls=0
[relay:stress-user-05] 2026-09-14T08:12:26.221Z [rpc] block #20000 (attempted: 0)
[relay:stress-control-02] 2026-09-14T08:12:26.220Z [rpc] block #20000 (attempted: 0)
[relay:stress-control-01] 2026-09-14T08:12:26.220Z [rpc] block #20000 (attempted: 0)
[relay:J2] 2026-09-14T08:12:26.221Z [rpc] block #20000 (attempted: 0)
[relay:stress-user-03] 2026-09-14T08:12:26.220Z [rpc] block #20000 (attempted: 0)
[relay:Trader-M] 2026-09-14T08:12:26.221Z [rpc] block #20000 (attempted: 0)
[relay:Trader-A] 2026-09-14T08:12:26.221Z [rpc] block #20000 (attempted: 0)
[relay:Bettor] 2026-09-14T08:12:26.221Z [rpc] block #20000 (attempted: 0)
[relay:KANet-UI] 2026-09-14T08:12:26.221Z [rpc] block #20000 (attempted: 0)
[relay:stress-user-06] 2026-09-14T08:12:26.220Z [rpc] block #20000 (attempted: 0)
[relay:stress-user-07] 2026-09-14T08:12:26.220Z [rpc] block #20000 (attempted: 0)
[relay:stress-user-04] 2026-09-14T08:12:26.221Z [rpc] block #20000 (attempted: 0)
[relay:stress-user-02] 2026-09-14T08:12:26.221Z [rpc] block #20000 (attempted: 0)
[relay:Qclaude] 2026-09-14T08:12:26.221Z [rpc] block #20000 (attempted: 0)
[relay:stress-user-08] 2026-09-14T08:12:26.221Z [rpc] block #20000 (attempted: 0)
[relay:stress-user-01] 2026-09-14T08:12:26.221Z [rpc] block #20000 (attempted: 0)
[diag:step] pair.scanAndIngestPairs ms=0 since_rowid=0 max_rowid=0 hits=0 at=2026-09-14T08:12:34.234Z
[diag:tick-duration] relayHealthMonitorTick ms=0 eligible=16 deadCount=0
[diag:tick-duration] relayHotwalletMonitorTick ms=4 checked=16 killed=0
[self-healing] stressuser01 silent repair: trigger_reflection
[self-healing] stressuser01 EMERGENCY repair: trigger_reflection, restart_adapter
[mind-event] stress-user-01 health_red: Emergency repair: adapter
[self-healing] stressuser02 silent repair: trigger_reflection
[self-healing] stressuser02 EMERGENCY repair: trigger_reflection, restart_adapter
[mind-event] stress-user-02 health_red: Emergency repair: adapter
[self-healing] stressuser03 silent repair: trigger_reflection
[self-healing] stressuser03 EMERGENCY repair: trigger_reflection, restart_adapter
[mind-event] stress-user-03 health_red: Emergency repair: adapter
[self-healing] stressuser04 silent repair: trigger_reflection
[self-healing] stressuser04 EMERGENCY repair: trigger_reflection, restart_adapter
[mind-event] stress-user-04 health_red: Emergency repair: adapter
[self-healing] stressuser05 silent repair: trigger_reflection
[self-healing] stressuser05 EMERGENCY repair: trigger_reflection, restart_adapter
[mind-event] stress-user-05 health_red: Emergency repair: adapter
[self-healing] stressuser06 silent repair: trigger_reflection
[self-healing] stressuser06 EMERGENCY repair: trigger_reflection, restart_adapter
[mind-event] stress-user-06 health_red: Emergency repair: adapter
[self-healing] stressuser07 silent repair: trigger_reflection
[self-healing] stressuser07 EMERGENCY repair: trigger_reflection, restart_adapter
[mind-event] stress-user-07 health_red: Emergency repair: adapter
[self-healing] stressuser08 silent repair: trigger_reflection
[self-healing] stressuser08 EMERGENCY repair: trigger_reflection, restart_adapter
[mind-event] stress-user-08 health_red: Emergency repair: adapter
[self-healing] stresscontrol01 silent repair: trigger_reflection
[self-healing] stresscontrol01 EMERGENCY repair: trigger_reflection, restart_adapter
[mind-event] stress-control-01 health_red: Emergency repair: adapter
[self-healing] stresscontrol02 silent repair: trigger_reflection
[self-healing] stresscontrol02 EMERGENCY repair: trigger_reflection, restart_adapter
[mind-event] stress-control-02 health_red: Emergency repair: adapter
[self-healing] j2 silent repair: trigger_reflection
[self-healing] j2 EMERGENCY repair: trigger_reflection, restart_adapter
[mind-event] J2 health_red: Emergency repair: adapter
[self-healing] kanetui silent repair: trigger_reflection
[self-healing] kanetui EMERGENCY repair: trigger_reflection, restart_adapter
[mind-event] KANet-UI health_red: Emergency repair: adapter
[self-healing] tradera silent repair: trigger_reflection
[self-healing] tradera EMERGENCY repair: trigger_reflection, restart_adapter
[mind-event] Trader-A health_red: Emergency repair: adapter
[self-healing] qclaude silent repair: trigger_reflection
[self-healing] qclaude EMERGENCY repair: trigger_reflection, restart_adapter
[mind-event] Qclaude health_red: Emergency repair: adapter
[self-healing] traderm silent repair: trigger_reflection
[self-healing] traderm EMERGENCY repair: trigger_reflection, restart_adapter
[mind-event] Trader-M health_red: Emergency repair: adapter
[self-healing] bettor silent repair: trigger_reflection
[self-healing] bettor EMERGENCY repair: trigger_reflection, restart_adapter
[mind-event] Bettor health_red: Emergency repair: adapter
[diag:step] pair.scanAndIngestPairs ms=0 since_rowid=0 max_rowid=0 hits=0 at=2026-09-14T08:13:04.248Z
[relay:stress-user-02] 2026-09-14T08:13:04.343Z [rpc] catching up from Console DB...
[relay:stress-user-03] 2026-09-14T08:13:04.343Z [rpc] catching up from Console DB...
[relay:stress-user-06] 2026-09-14T08:13:04.343Z [rpc] catching up from Console DB...
[relay:stress-user-01] 2026-09-14T08:13:04.343Z [rpc] catching up from Console DB...
[relay:stress-user-07] 2026-09-14T08:13:04.343Z [rpc] catching up from Console DB...
[relay:stress-user-04] 2026-09-14T08:13:04.343Z [rpc] catching up from Console DB...
[relay:stress-user-02] 2026-09-14T08:13:04.348Z [rpc] catch-up comm: DISABLED (KANET_CATCHUP_COMM!=on) — historical backfill skipped by design, not fixed
[relay:stress-user-02] 2026-09-14T08:13:04.348Z [rpc] catch-up done: 0 handshakes accepted, 0 messages replied, DISABLED historical comms
[relay:stress-user-06] 2026-09-14T08:13:04.348Z [rpc] catch-up comm: DISABLED (KANET_CATCHUP_COMM!=on) — historical backfill skipped by design, not fixed
[relay:stress-user-06] 2026-09-14T08:13:04.348Z [rpc] catch-up done: 0 handshakes accepted, 0 messages replied, DISABLED historical comms
[relay:stress-user-03] 2026-09-14T08:13:04.348Z [rpc] catch-up comm: DISABLED (KANET_CATCHUP_COMM!=on) — historical backfill skipped by design, not fixed
[relay:stress-user-03] 2026-09-14T08:13:04.348Z [rpc] catch-up done: 0 handshakes accepted, 0 messages replied, DISABLED historical comms
[relay:stress-user-07] 2026-09-14T08:13:04.348Z [rpc] catch-up comm: DISABLED (KANET_CATCHUP_COMM!=on) — historical backfill skipped by design, not fixed
[relay:stress-user-07] 2026-09-14T08:13:04.348Z [rpc] catch-up done: 0 handshakes accepted, 0 messages replied, DISABLED historical comms
[relay:stress-user-04] 2026-09-14T08:13:04.348Z [rpc] catch-up comm: DISABLED (KANET_CATCHUP_COMM!=on) — historical backfill skipped by design, not fixed
[relay:stress-user-04] 2026-09-14T08:13:04.348Z [rpc] catch-up done: 0 handshakes accepted, 0 messages replied, DISABLED historical comms
[relay:stress-user-01] 2026-09-14T08:13:04.348Z [rpc] catch-up comm: DISABLED (KANET_CATCHUP_COMM!=on) — historical backfill skipped by design, not fixed
[relay:stress-user-01] 2026-09-14T08:13:04.348Z [rpc] catch-up done: 0 handshakes accepted, 0 messages replied, DISABLED historical comms
[relay:stress-user-05] 2026-09-14T08:13:04.359Z [rpc] catching up from Console DB...
[relay:stress-user-05] 2026-09-14T08:13:04.360Z [rpc] catch-up comm: DISABLED (KANET_CATCHUP_COMM!=on) — historical backfill skipped by design, not fixed
[relay:stress-user-05] 2026-09-14T08:13:04.360Z [rpc] catch-up done: 0 handshakes accepted, 0 messages replied, DISABLED historical comms
[relay:stress-user-08] 2026-09-14T08:13:04.375Z [rpc] catching up from Console DB...
[relay:stress-control-02] 2026-09-14T08:13:04.375Z [rpc] catching up from Console DB...
[relay:stress-control-01] 2026-09-14T08:13:04.375Z [rpc] catching up from Console DB...
[relay:stress-user-08] 2026-09-14T08:13:04.377Z [rpc] catch-up comm: DISABLED (KANET_CATCHUP_COMM!=on) — historical backfill skipped by design, not fixed
[relay:stress-user-08] 2026-09-14T08:13:04.377Z [rpc] catch-up done: 0 handshakes accepted, 0 messages replied, DISABLED historical comms
[relay:stress-control-02] 2026-09-14T08:13:04.377Z [rpc] catch-up comm: DISABLED (KANET_CATCHUP_COMM!=on) — historical backfill skipped by design, not fixed
[relay:stress-control-02] 2026-09-14T08:13:04.377Z [rpc] catch-up done: 0 handshakes accepted, 0 messages replied, DISABLED historical comms
[relay:stress-control-01] 2026-09-14T08:13:04.377Z [rpc] catch-up comm: DISABLED (KANET_CATCHUP_COMM!=on) — historical backfill skipped by design, not fixed
[relay:stress-control-01] 2026-09-14T08:13:04.377Z [rpc] catch-up done: 0 handshakes accepted, 0 messages replied, DISABLED historical comms
[relay:J2] 2026-09-14T08:13:04.421Z [rpc] catching up from Console DB...
[relay:KANet-UI] 2026-09-14T08:13:04.421Z [rpc] catching up from Console DB...
[relay:Qclaude] 2026-09-14T08:13:04.421Z [rpc] catching up from Console DB...
[relay:Trader-A] 2026-09-14T08:13:04.422Z [rpc] catching up from Console DB...
[relay:J2] 2026-09-14T08:13:04.424Z [rpc] catch-up comm: DISABLED (KANET_CATCHUP_COMM!=on) — historical backfill skipped by design, not fixed
[relay:J2] 2026-09-14T08:13:04.424Z [rpc] catch-up done: 0 handshakes accepted, 0 messages replied, DISABLED historical comms
[relay:KANet-UI] 2026-09-14T08:13:04.425Z [rpc] catch-up comm: DISABLED (KANET_CATCHUP_COMM!=on) — historical backfill skipped by design, not fixed
[relay:KANet-UI] 2026-09-14T08:13:04.425Z [rpc] catch-up done: 0 handshakes accepted, 0 messages replied, DISABLED historical comms
[relay:Qclaude] 2026-09-14T08:13:04.425Z [rpc] catch-up comm: DISABLED (KANET_CATCHUP_COMM!=on) — historical backfill skipped by design, not fixed
[relay:Qclaude] 2026-09-14T08:13:04.425Z [rpc] catch-up done: 0 handshakes accepted, 0 messages replied, DISABLED historical comms
[relay:Trader-A] 2026-09-14T08:13:04.425Z [rpc] catch-up comm: DISABLED (KANET_CATCHUP_COMM!=on) — historical backfill skipped by design, not fixed
[relay:Trader-A] 2026-09-14T08:13:04.425Z [rpc] catch-up done: 0 handshakes accepted, 0 messages replied, DISABLED historical comms
[relay:Trader-M] 2026-09-14T08:13:04.437Z [rpc] catching up from Console DB...
[relay:Bettor] 2026-09-14T08:13:04.437Z [rpc] catching up from Console DB...
[relay:Bettor] 2026-09-14T08:13:04.439Z [rpc] catch-up comm: DISABLED (KANET_CATCHUP_COMM!=on) — historical backfill skipped by design, not fixed
[relay:Bettor] 2026-09-14T08:13:04.440Z [rpc] catch-up done: 0 handshakes accepted, 0 messages replied, DISABLED historical comms
[relay:Trader-M] 2026-09-14T08:13:04.440Z [rpc] catch-up comm: DISABLED (KANET_CATCHUP_COMM!=on) — historical backfill skipped by design, not fixed
[relay:Trader-M] 2026-09-14T08:13:04.440Z [rpc] catch-up done: 0 handshakes accepted, 0 messages replied, DISABLED historical comms
[diag:tick-duration] relayHealthMonitorTick ms=0 eligible=16 deadCount=0
[diag:tick-duration] relayHotwalletMonitorTick ms=3 checked=16 killed=0
[diag:step] mind-manager.priceMonitor ms=500 sync=0 ok=1 at=2026-09-14T08:13:04.558Z
[diag:heap-sample] at=2026-09-14T08:13:20.753Z heapUsed=51MB heapTotal=54MB rss=136MB external=9MB arrayBuffers=1MB wasmBytes=4MB utxoFetchCalls=0
[diag:step] pair.scanAndIngestPairs ms=0 since_rowid=0 max_rowid=0 hits=0 at=2026-09-14T08:13:34.250Z
[diag:tick-duration] relayHealthMonitorTick ms=0 eligible=16 deadCount=0
[diag:tick-duration] relayHotwalletMonitorTick ms=4 checked=16 killed=0
[diag:step] mind-manager.priceMonitor ms=96 sync=1 ok=1 at=2026-09-14T08:14:04.167Z
[diag:step] pair.scanAndIngestPairs ms=0 since_rowid=0 max_rowid=0 hits=0 at=2026-09-14T08:14:04.261Z
[relay:stress-user-02] 2026-09-14T08:14:04.356Z [rpc] catching up from Console DB...
[relay:stress-user-03] 2026-09-14T08:14:04.356Z [rpc] catching up from Console DB...
[relay:stress-user-06] 2026-09-14T08:14:04.356Z [rpc] catching up from Console DB...
[relay:stress-user-01] 2026-09-14T08:14:04.356Z [rpc] catching up from Console DB...
[relay:stress-user-07] 2026-09-14T08:14:04.356Z [rpc] catching up from Console DB...
[relay:stress-user-04] 2026-09-14T08:14:04.356Z [rpc] catching up from Console DB...
[relay:stress-user-02] 2026-09-14T08:14:04.361Z [rpc] catch-up comm: DISABLED (KANET_CATCHUP_COMM!=on) — historical backfill skipped by design, not fixed
[relay:stress-user-02] 2026-09-14T08:14:04.361Z [rpc] catch-up done: 0 handshakes accepted, 0 messages replied, DISABLED historical comms
[relay:stress-user-06] 2026-09-14T08:14:04.361Z [rpc] catch-up comm: DISABLED (KANET_CATCHUP_COMM!=on) — historical backfill skipped by design, not fixed
[relay:stress-user-06] 2026-09-14T08:14:04.361Z [rpc] catch-up done: 0 handshakes accepted, 0 messages replied, DISABLED historical comms
[relay:stress-user-03] 2026-09-14T08:14:04.361Z [rpc] catch-up comm: DISABLED (KANET_CATCHUP_COMM!=on) — historical backfill skipped by design, not fixed
[relay:stress-user-03] 2026-09-14T08:14:04.361Z [rpc] catch-up done: 0 handshakes accepted, 0 messages replied, DISABLED historical comms
[relay:stress-user-01] 2026-09-14T08:14:04.361Z [rpc] catch-up comm: DISABLED (KANET_CATCHUP_COMM!=on) — historical backfill skipped by design, not fixed
[relay:stress-user-01] 2026-09-14T08:14:04.361Z [rpc] catch-up done: 0 handshakes accepted, 0 messages replied, DISABLED historical comms
[relay:stress-user-07] 2026-09-14T08:14:04.361Z [rpc] catch-up comm: DISABLED (KANET_CATCHUP_COMM!=on) — historical backfill skipped by design, not fixed
[relay:stress-user-07] 2026-09-14T08:14:04.362Z [rpc] catch-up done: 0 handshakes accepted, 0 messages replied, DISABLED historical comms
[relay:stress-user-04] 2026-09-14T08:14:04.362Z [rpc] catch-up comm: DISABLED (KANET_CATCHUP_COMM!=on) — historical backfill skipped by design, not fixed
[relay:stress-user-04] 2026-09-14T08:14:04.362Z [rpc] catch-up done: 0 handshakes accepted, 0 messages replied, DISABLED historical comms
[relay:stress-user-05] 2026-09-14T08:14:04.371Z [rpc] catching up from Console DB...
[relay:stress-user-05] 2026-09-14T08:14:04.373Z [rpc] catch-up comm: DISABLED (KANET_CATCHUP_COMM!=on) — historical backfill skipped by design, not fixed
[relay:stress-user-05] 2026-09-14T08:14:04.373Z [rpc] catch-up done: 0 handshakes accepted, 0 messages replied, DISABLED historical comms
[relay:stress-control-02] 2026-09-14T08:14:04.387Z [rpc] catching up from Console DB...
[relay:stress-control-01] 2026-09-14T08:14:04.387Z [rpc] catching up from Console DB...
[relay:stress-user-08] 2026-09-14T08:14:04.387Z [rpc] catching up from Console DB...
[relay:stress-control-02] 2026-09-14T08:14:04.390Z [rpc] catch-up comm: DISABLED (KANET_CATCHUP_COMM!=on) — historical backfill skipped by design, not fixed
[relay:stress-control-02] 2026-09-14T08:14:04.390Z [rpc] catch-up done: 0 handshakes accepted, 0 messages replied, DISABLED historical comms
[relay:stress-control-01] 2026-09-14T08:14:04.390Z [rpc] catch-up comm: DISABLED (KANET_CATCHUP_COMM!=on) — historical backfill skipped by design, not fixed
[relay:stress-control-01] 2026-09-14T08:14:04.390Z [rpc] catch-up done: 0 handshakes accepted, 0 messages replied, DISABLED historical comms
[relay:stress-user-08] 2026-09-14T08:14:04.390Z [rpc] catch-up comm: DISABLED (KANET_CATCHUP_COMM!=on) — historical backfill skipped by design, not fixed
[relay:stress-user-08] 2026-09-14T08:14:04.390Z [rpc] catch-up done: 0 handshakes accepted, 0 messages replied, DISABLED historical comms
[relay:J2] 2026-09-14T08:14:04.434Z [rpc] catching up from Console DB...
[relay:Trader-A] 2026-09-14T08:14:04.434Z [rpc] catching up from Console DB...
[relay:KANet-UI] 2026-09-14T08:14:04.434Z [rpc] catching up from Console DB...
[relay:Qclaude] 2026-09-14T08:14:04.434Z [rpc] catching up from Console DB...
[relay:Trader-A] 2026-09-14T08:14:04.437Z [rpc] catch-up comm: DISABLED (KANET_CATCHUP_COMM!=on) — historical backfill skipped by design, not fixed
[relay:Trader-A] 2026-09-14T08:14:04.437Z [rpc] catch-up done: 0 handshakes accepted, 0 messages replied, DISABLED historical comms
[relay:J2] 2026-09-14T08:14:04.437Z [rpc] catch-up comm: DISABLED (KANET_CATCHUP_COMM!=on) — historical backfill skipped by design, not fixed
[relay:J2] 2026-09-14T08:14:04.437Z [rpc] catch-up done: 0 handshakes accepted, 0 messages replied, DISABLED historical comms
[relay:KANet-UI] 2026-09-14T08:14:04.437Z [rpc] catch-up comm: DISABLED (KANET_CATCHUP_COMM!=on) — historical backfill skipped by design, not fixed
[relay:KANet-UI] 2026-09-14T08:14:04.437Z [rpc] catch-up done: 0 handshakes accepted, 0 messages replied, DISABLED historical comms
[relay:Qclaude] 2026-09-14T08:14:04.438Z [rpc] catch-up comm: DISABLED (KANET_CATCHUP_COMM!=on) — historical backfill skipped by design, not fixed
[relay:Qclaude] 2026-09-14T08:14:04.438Z [rpc] catch-up done: 0 handshakes accepted, 0 messages replied, DISABLED historical comms
[relay:Bettor] 2026-09-14T08:14:04.450Z [rpc] catching up from Console DB...
[relay:Trader-M] 2026-09-14T08:14:04.450Z [rpc] catching up from Console DB...
[relay:Bettor] 2026-09-14T08:14:04.452Z [rpc] catch-up comm: DISABLED (KANET_CATCHUP_COMM!=on) — historical backfill skipped by design, not fixed
[relay:Bettor] 2026-09-14T08:14:04.453Z [rpc] catch-up done: 0 handshakes accepted, 0 messages replied, DISABLED historical comms
[relay:Trader-M] 2026-09-14T08:14:04.453Z [rpc] catch-up comm: DISABLED (KANET_CATCHUP_COMM!=on) — historical backfill skipped by design, not fixed
[relay:Trader-M] 2026-09-14T08:14:04.453Z [rpc] catch-up done: 0 handshakes accepted, 0 messages replied, DISABLED historical comms
[diag:tick-duration] relayHealthMonitorTick ms=0 eligible=16 deadCount=0
[diag:tick-duration] relayHotwalletMonitorTick ms=4 checked=16 killed=0
[relay:stress-user-08] 2026-09-14T08:14:08.574Z [rpc] block #21000 (attempted: 0)
[relay:Trader-M] 2026-09-14T08:14:08.574Z [rpc] block #21000 (attempted: 0)
[relay:KANet-UI] 2026-09-14T08:14:08.574Z [rpc] block #21000 (attempted: 0)
[relay:Qclaude] 2026-09-14T08:14:08.574Z [rpc] block #21000 (attempted: 0)
[relay:stress-control-02] 2026-09-14T08:14:08.575Z [rpc] block #21000 (attempted: 0)
[relay:J2] 2026-09-14T08:14:08.574Z [rpc] block #21000 (attempted: 0)
[relay:stress-user-03] 2026-09-14T08:14:08.575Z [rpc] block #21000 (attempted: 0)
[relay:stress-control-01] 2026-09-14T08:14:08.575Z [rpc] block #21000 (attempted: 0)
[relay:Bettor] 2026-09-14T08:14:08.575Z [rpc] block #21000 (attempted: 0)
[relay:stress-user-06] 2026-09-14T08:14:08.575Z [rpc] block #21000 (attempted: 0)
[relay:stress-user-05] 2026-09-14T08:14:08.574Z [rpc] block #21000 (attempted: 0)
[relay:stress-user-04] 2026-09-14T08:14:08.575Z [rpc] block #21000 (attempted: 0)
[relay:stress-user-02] 2026-09-14T08:14:08.575Z [rpc] block #21000 (attempted: 0)
[relay:stress-user-07] 2026-09-14T08:14:08.574Z [rpc] block #21000 (attempted: 0)
[relay:stress-user-01] 2026-09-14T08:14:08.575Z [rpc] block #21000 (attempted: 0)
[relay:Trader-A] 2026-09-14T08:14:08.575Z [rpc] block #21000 (attempted: 0)
[diag:heap-sample] at=2026-09-14T08:14:21.346Z heapUsed=51MB heapTotal=54MB rss=135MB external=9MB arrayBuffers=1MB wasmBytes=4MB utxoFetchCalls=0
[diag:step] pair.scanAndIngestPairs ms=0 since_rowid=0 max_rowid=0 hits=0 at=2026-09-14T08:14:34.273Z
[diag:tick-duration] relayHealthMonitorTick ms=0 eligible=16 deadCount=0
[diag:tick-duration] relayHotwalletMonitorTick ms=5 checked=16 killed=0
[diag:step] pool.selectMarkets.all ms=0 rows=0 at=2026-09-14T08:15:04.051Z
[diag:tick-duration] poolSettlerTick ms=2
[diag:step] pool.tick.phases ms=2 pre=1 dw=0 select=1 post=0 rows=0 t0=2026-09-14T08:15:04.050Z at=2026-09-14T08:15:04.052Z
[diag:step] mind-manager.priceMonitor ms=89 sync=0 ok=1 at=2026-09-14T08:15:04.166Z
[diag:step] pair.scanAndIngestPairs ms=0 since_rowid=0 max_rowid=0 hits=0 at=2026-09-14T08:15:04.283Z
[relay:stress-user-02] 2026-09-14T08:15:04.362Z [rpc] catching up from Console DB...
[relay:stress-user-04] 2026-09-14T08:15:04.362Z [rpc] catching up from Console DB...
[relay:stress-user-01] 2026-09-14T08:15:04.362Z [rpc] catching up from Console DB...
[relay:stress-user-07] 2026-09-14T08:15:04.362Z [rpc] catching up from Console DB...
[relay:stress-user-03] 2026-09-14T08:15:04.362Z [rpc] catching up from Console DB...
[relay:stress-user-06] 2026-09-14T08:15:04.362Z [rpc] catching up from Console DB...
[relay:stress-user-04] 2026-09-14T08:15:04.366Z [rpc] catch-up comm: DISABLED (KANET_CATCHUP_COMM!=on) — historical backfill skipped by design, not fixed
[relay:stress-user-04] 2026-09-14T08:15:04.366Z [rpc] catch-up done: 0 handshakes accepted, 0 messages replied, DISABLED historical comms
[relay:stress-user-02] 2026-09-14T08:15:04.367Z [rpc] catch-up comm: DISABLED (KANET_CATCHUP_COMM!=on) — historical backfill skipped by design, not fixed
[relay:stress-user-02] 2026-09-14T08:15:04.367Z [rpc] catch-up done: 0 handshakes accepted, 0 messages replied, DISABLED historical comms
[relay:stress-user-01] 2026-09-14T08:15:04.367Z [rpc] catch-up comm: DISABLED (KANET_CATCHUP_COMM!=on) — historical backfill skipped by design, not fixed
[relay:stress-user-01] 2026-09-14T08:15:04.367Z [rpc] catch-up done: 0 handshakes accepted, 0 messages replied, DISABLED historical comms
[relay:stress-user-07] 2026-09-14T08:15:04.367Z [rpc] catch-up comm: DISABLED (KANET_CATCHUP_COMM!=on) — historical backfill skipped by design, not fixed
[relay:stress-user-07] 2026-09-14T08:15:04.367Z [rpc] catch-up done: 0 handshakes accepted, 0 messages replied, DISABLED historical comms
[relay:stress-user-03] 2026-09-14T08:15:04.367Z [rpc] catch-up comm: DISABLED (KANET_CATCHUP_COMM!=on) — historical backfill skipped by design, not fixed
[relay:stress-user-03] 2026-09-14T08:15:04.367Z [rpc] catch-up done: 0 handshakes accepted, 0 messages replied, DISABLED historical comms
[relay:stress-user-06] 2026-09-14T08:15:04.367Z [rpc] catch-up comm: DISABLED (KANET_CATCHUP_COMM!=on) — historical backfill skipped by design, not fixed
[relay:stress-user-06] 2026-09-14T08:15:04.367Z [rpc] catch-up done: 0 handshakes accepted, 0 messages replied, DISABLED historical comms
[relay:stress-user-05] 2026-09-14T08:15:04.378Z [rpc] catching up from Console DB...
[relay:stress-user-05] 2026-09-14T08:15:04.379Z [rpc] catch-up comm: DISABLED (KANET_CATCHUP_COMM!=on) — historical backfill skipped by design, not fixed
[relay:stress-user-05] 2026-09-14T08:15:04.379Z [rpc] catch-up done: 0 handshakes accepted, 0 messages replied, DISABLED historical comms
[relay:stress-control-02] 2026-09-14T08:15:04.393Z [rpc] catching up from Console DB...
[relay:stress-user-08] 2026-09-14T08:15:04.393Z [rpc] catching up from Console DB...
[relay:stress-control-01] 2026-09-14T08:15:04.393Z [rpc] catching up from Console DB...
[relay:stress-user-08] 2026-09-14T08:15:04.396Z [rpc] catch-up comm: DISABLED (KANET_CATCHUP_COMM!=on) — historical backfill skipped by design, not fixed
[relay:stress-user-08] 2026-09-14T08:15:04.396Z [rpc] catch-up done: 0 handshakes accepted, 0 messages replied, DISABLED historical comms
[relay:stress-control-02] 2026-09-14T08:15:04.396Z [rpc] catch-up comm: DISABLED (KANET_CATCHUP_COMM!=on) — historical backfill skipped by design, not fixed
[relay:stress-control-02] 2026-09-14T08:15:04.396Z [rpc] catch-up done: 0 handshakes accepted, 0 messages replied, DISABLED historical comms
[relay:stress-control-01] 2026-09-14T08:15:04.397Z [rpc] catch-up comm: DISABLED (KANET_CATCHUP_COMM!=on) — historical backfill skipped by design, not fixed
[relay:stress-control-01] 2026-09-14T08:15:04.397Z [rpc] catch-up done: 0 handshakes accepted, 0 messages replied, DISABLED historical comms
[relay:J2] 2026-09-14T08:15:04.440Z [rpc] catching up from Console DB...
[relay:Qclaude] 2026-09-14T08:15:04.441Z [rpc] catching up from Console DB...
[relay:KANet-UI] 2026-09-14T08:15:04.441Z [rpc] catching up from Console DB...
[relay:Trader-A] 2026-09-14T08:15:04.441Z [rpc] catching up from Console DB...
[relay:J2] 2026-09-14T08:15:04.443Z [rpc] catch-up comm: DISABLED (KANET_CATCHUP_COMM!=on) — historical backfill skipped by design, not fixed
[relay:J2] 2026-09-14T08:15:04.443Z [rpc] catch-up done: 0 handshakes accepted, 0 messages replied, DISABLED historical comms
[relay:Trader-A] 2026-09-14T08:15:04.443Z [rpc] catch-up comm: DISABLED (KANET_CATCHUP_COMM!=on) — historical backfill skipped by design, not fixed
[relay:Trader-A] 2026-09-14T08:15:04.443Z [rpc] catch-up done: 0 handshakes accepted, 0 messages replied, DISABLED historical comms
[relay:Qclaude] 2026-09-14T08:15:04.443Z [rpc] catch-up comm: DISABLED (KANET_CATCHUP_COMM!=on) — historical backfill skipped by design, not fixed
[relay:Qclaude] 2026-09-14T08:15:04.444Z [rpc] catch-up done: 0 handshakes accepted, 0 messages replied, DISABLED historical comms
[relay:KANet-UI] 2026-09-14T08:15:04.444Z [rpc] catch-up comm: DISABLED (KANET_CATCHUP_COMM!=on) — historical backfill skipped by design, not fixed
[relay:KANet-UI] 2026-09-14T08:15:04.444Z [rpc] catch-up done: 0 handshakes accepted, 0 messages replied, DISABLED historical comms
[relay:Bettor] 2026-09-14T08:15:04.457Z [rpc] catching up from Console DB...
[relay:Trader-M] 2026-09-14T08:15:04.457Z [rpc] catching up from Console DB...
[relay:Bettor] 2026-09-14T08:15:04.459Z [rpc] catch-up comm: DISABLED (KANET_CATCHUP_COMM!=on) — historical backfill skipped by design, not fixed
[relay:Bettor] 2026-09-14T08:15:04.459Z [rpc] catch-up done: 0 handshakes accepted, 0 messages replied, DISABLED historical comms
[relay:Trader-M] 2026-09-14T08:15:04.459Z [rpc] catch-up comm: DISABLED (KANET_CATCHUP_COMM!=on) — historical backfill skipped by design, not fixed
[relay:Trader-M] 2026-09-14T08:15:04.459Z [rpc] catch-up done: 0 handshakes accepted, 0 messages replied, DISABLED historical comms
[diag:tick-duration] relayHealthMonitorTick ms=0 eligible=16 deadCount=0
[diag:tick-duration] relayHotwalletMonitorTick ms=4 checked=16 killed=0
[diag:heap-sample] at=2026-09-14T08:15:22.007Z heapUsed=51MB heapTotal=54MB rss=135MB external=9MB arrayBuffers=1MB wasmBytes=4MB utxoFetchCalls=0
[diag:step] pair.scanAndIngestPairs ms=0 since_rowid=0 max_rowid=0 hits=0 at=2026-09-14T08:15:34.292Z
[diag:tick-duration] relayHealthMonitorTick ms=0 eligible=16 deadCount=0
[rpc-health] using local node: ws://127.0.0.1:17110
[diag:tick-duration] relayHotwalletMonitorTick ms=5 checked=16 killed=0
[relay:J2] 2026-09-14T08:15:46.652Z [rpc] block #22000 (attempted: 0)
[relay:stress-user-02] 2026-09-14T08:15:46.653Z [rpc] block #22000 (attempted: 0)
[relay:stress-user-04] 2026-09-14T08:15:46.652Z [rpc] block #22000 (attempted: 0)
[relay:Bettor] 2026-09-14T08:15:46.653Z [rpc] block #22000 (attempted: 0)
[relay:stress-control-01] 2026-09-14T08:15:46.652Z [rpc] block #22000 (attempted: 0)
[relay:stress-control-02] 2026-09-14T08:15:46.653Z [rpc] block #22000 (attempted: 0)
[relay:stress-user-05] 2026-09-14T08:15:46.652Z [rpc] block #22000 (attempted: 0)
[relay:stress-user-01] 2026-09-14T08:15:46.653Z [rpc] block #22000 (attempted: 0)
[relay:stress-user-08] 2026-09-14T08:15:46.653Z [rpc] block #22000 (attempted: 0)
[relay:Trader-A] 2026-09-14T08:15:46.653Z [rpc] block #22000 (attempted: 0)
[relay:Trader-M] 2026-09-14T08:15:46.653Z [rpc] block #22000 (attempted: 0)
[relay:stress-user-07] 2026-09-14T08:15:46.653Z [rpc] block #22000 (attempted: 0)
[relay:stress-user-03] 2026-09-14T08:15:46.653Z [rpc] block #22000 (attempted: 0)
[relay:stress-user-06] 2026-09-14T08:15:46.653Z [rpc] block #22000 (attempted: 0)
[relay:Qclaude] 2026-09-14T08:15:46.653Z [rpc] block #22000 (attempted: 0)
[relay:KANet-UI] 2026-09-14T08:15:46.653Z [rpc] block #22000 (attempted: 0)
[diag:step] pair.scanAndIngestPairs ms=0 since_rowid=0 max_rowid=0 hits=0 at=2026-09-14T08:16:04.292Z
[diag:step] mind-manager.priceMonitor ms=226 sync=1 ok=1 at=2026-09-14T08:16:04.312Z
[relay:stress-user-02] 2026-09-14T08:16:04.373Z [rpc] catching up from Console DB...
[relay:stress-user-01] 2026-09-14T08:16:04.372Z [rpc] catching up from Console DB...
[relay:stress-user-06] 2026-09-14T08:16:04.372Z [rpc] catching up from Console DB...
[relay:stress-user-04] 2026-09-14T08:16:04.372Z [rpc] catching up from Console DB...
[relay:stress-user-07] 2026-09-14T08:16:04.372Z [rpc] catching up from Console DB...
[relay:stress-user-03] 2026-09-14T08:16:04.372Z [rpc] catching up from Console DB...
[relay:stress-user-02] 2026-09-14T08:16:04.376Z [rpc] catch-up comm: DISABLED (KANET_CATCHUP_COMM!=on) — historical backfill skipped by design, not fixed
[relay:stress-user-02] 2026-09-14T08:16:04.376Z [rpc] catch-up done: 0 handshakes accepted, 0 messages replied, DISABLED historical comms
[relay:stress-user-01] 2026-09-14T08:16:04.376Z [rpc] catch-up comm: DISABLED (KANET_CATCHUP_COMM!=on) — historical backfill skipped by design, not fixed
[relay:stress-user-01] 2026-09-14T08:16:04.376Z [rpc] catch-up done: 0 handshakes accepted, 0 messages replied, DISABLED historical comms
[relay:stress-user-06] 2026-09-14T08:16:04.376Z [rpc] catch-up comm: DISABLED (KANET_CATCHUP_COMM!=on) — historical backfill skipped by design, not fixed
[relay:stress-user-06] 2026-09-14T08:16:04.376Z [rpc] catch-up done: 0 handshakes accepted, 0 messages replied, DISABLED historical comms
[relay:stress-user-04] 2026-09-14T08:16:04.377Z [rpc] catch-up comm: DISABLED (KANET_CATCHUP_COMM!=on) — historical backfill skipped by design, not fixed
[relay:stress-user-04] 2026-09-14T08:16:04.377Z [rpc] catch-up done: 0 handshakes accepted, 0 messages replied, DISABLED historical comms
[relay:stress-user-07] 2026-09-14T08:16:04.377Z [rpc] catch-up comm: DISABLED (KANET_CATCHUP_COMM!=on) — historical backfill skipped by design, not fixed
[relay:stress-user-07] 2026-09-14T08:16:04.377Z [rpc] catch-up done: 0 handshakes accepted, 0 messages replied, DISABLED historical comms
[relay:stress-user-03] 2026-09-14T08:16:04.377Z [rpc] catch-up comm: DISABLED (KANET_CATCHUP_COMM!=on) — historical backfill skipped by design, not fixed
[relay:stress-user-03] 2026-09-14T08:16:04.377Z [rpc] catch-up done: 0 handshakes accepted, 0 messages replied, DISABLED historical comms
[relay:stress-user-05] 2026-09-14T08:16:04.388Z [rpc] catching up from Console DB...
[relay:stress-user-05] 2026-09-14T08:16:04.390Z [rpc] catch-up comm: DISABLED (KANET_CATCHUP_COMM!=on) — historical backfill skipped by design, not fixed
[relay:stress-user-05] 2026-09-14T08:16:04.390Z [rpc] catch-up done: 0 handshakes accepted, 0 messages replied, DISABLED historical comms
[relay:stress-control-02] 2026-09-14T08:16:04.405Z [rpc] catching up from Console DB...
[relay:stress-control-01] 2026-09-14T08:16:04.405Z [rpc] catching up from Console DB...
[relay:stress-user-08] 2026-09-14T08:16:04.405Z [rpc] catching up from Console DB...
[relay:stress-control-02] 2026-09-14T08:16:04.408Z [rpc] catch-up comm: DISABLED (KANET_CATCHUP_COMM!=on) — historical backfill skipped by design, not fixed
[relay:stress-control-02] 2026-09-14T08:16:04.408Z [rpc] catch-up done: 0 handshakes accepted, 0 messages replied, DISABLED historical comms
[relay:stress-control-01] 2026-09-14T08:16:04.409Z [rpc] catch-up comm: DISABLED (KANET_CATCHUP_COMM!=on) — historical backfill skipped by design, not fixed
[relay:stress-control-01] 2026-09-14T08:16:04.409Z [rpc] catch-up done: 0 handshakes accepted, 0 messages replied, DISABLED historical comms
[relay:stress-user-08] 2026-09-14T08:16:04.408Z [rpc] catch-up comm: DISABLED (KANET_CATCHUP_COMM!=on) — historical backfill skipped by design, not fixed
[relay:stress-user-08] 2026-09-14T08:16:04.409Z [rpc] catch-up done: 0 handshakes accepted, 0 messages replied, DISABLED historical comms
[relay:J2] 2026-09-14T08:16:04.451Z [rpc] catching up from Console DB...
[relay:KANet-UI] 2026-09-14T08:16:04.452Z [rpc] catching up from Console DB...
[relay:Qclaude] 2026-09-14T08:16:04.452Z [rpc] catching up from Console DB...
[relay:Trader-A] 2026-09-14T08:16:04.452Z [rpc] catching up from Console DB...
[relay:J2] 2026-09-14T08:16:04.455Z [rpc] catch-up comm: DISABLED (KANET_CATCHUP_COMM!=on) — historical backfill skipped by design, not fixed
[relay:J2] 2026-09-14T08:16:04.455Z [rpc] catch-up done: 0 handshakes accepted, 0 messages replied, DISABLED historical comms
[relay:Qclaude] 2026-09-14T08:16:04.455Z [rpc] catch-up comm: DISABLED (KANET_CATCHUP_COMM!=on) — historical backfill skipped by design, not fixed
[relay:Qclaude] 2026-09-14T08:16:04.455Z [rpc] catch-up done: 0 handshakes accepted, 0 messages replied, DISABLED historical comms
[relay:KANet-UI] 2026-09-14T08:16:04.455Z [rpc] catch-up comm: DISABLED (KANET_CATCHUP_COMM!=on) — historical backfill skipped by design, not fixed
[relay:KANet-UI] 2026-09-14T08:16:04.455Z [rpc] catch-up done: 0 handshakes accepted, 0 messages replied, DISABLED historical comms
[relay:Trader-A] 2026-09-14T08:16:04.455Z [rpc] catch-up comm: DISABLED (KANET_CATCHUP_COMM!=on) — historical backfill skipped by design, not fixed
[relay:Trader-A] 2026-09-14T08:16:04.455Z [rpc] catch-up done: 0 handshakes accepted, 0 messages replied, DISABLED historical comms
[relay:Bettor] 2026-09-14T08:16:04.468Z [rpc] catching up from Console DB...
[relay:Trader-M] 2026-09-14T08:16:04.468Z [rpc] catching up from Console DB...
[relay:Trader-M] 2026-09-14T08:16:04.470Z [rpc] catch-up comm: DISABLED (KANET_CATCHUP_COMM!=on) — historical backfill skipped by design, not fixed
[relay:Trader-M] 2026-09-14T08:16:04.470Z [rpc] catch-up done: 0 handshakes accepted, 0 messages replied, DISABLED historical comms
[relay:Bettor] 2026-09-14T08:16:04.471Z [rpc] catch-up comm: DISABLED (KANET_CATCHUP_COMM!=on) — historical backfill skipped by design, not fixed
[relay:Bettor] 2026-09-14T08:16:04.471Z [rpc] catch-up done: 0 handshakes accepted, 0 messages replied, DISABLED historical comms
[diag:tick-duration] relayHealthMonitorTick ms=0 eligible=16 deadCount=0
[diag:tick-duration] relayHotwalletMonitorTick ms=4 checked=16 killed=0
[diag:heap-sample] at=2026-09-14T08:16:22.659Z heapUsed=51MB heapTotal=53MB rss=135MB external=9MB arrayBuffers=1MB wasmBytes=4MB utxoFetchCalls=0
[diag:step] pair.scanAndIngestPairs ms=0 since_rowid=0 max_rowid=0 hits=0 at=2026-09-14T08:16:34.294Z
[diag:tick-duration] relayHealthMonitorTick ms=0 eligible=16 deadCount=0
[diag:tick-duration] relayHotwalletMonitorTick ms=5 checked=16 killed=0
[diag:step] mind-manager.priceMonitor ms=86 sync=1 ok=1 at=2026-09-14T08:17:04.185Z
[diag:step] pair.scanAndIngestPairs ms=0 since_rowid=0 max_rowid=0 hits=0 at=2026-09-14T08:17:04.305Z
[relay:stress-user-02] 2026-09-14T08:17:04.384Z [rpc] catching up from Console DB...
[relay:stress-user-04] 2026-09-14T08:17:04.384Z [rpc] catching up from Console DB...
[relay:stress-user-06] 2026-09-14T08:17:04.384Z [rpc] catching up from Console DB...
[relay:stress-user-01] 2026-09-14T08:17:04.384Z [rpc] catching up from Console DB...
[relay:stress-user-07] 2026-09-14T08:17:04.384Z [rpc] catching up from Console DB...
[relay:stress-user-03] 2026-09-14T08:17:04.384Z [rpc] catching up from Console DB...
[relay:stress-user-02] 2026-09-14T08:17:04.389Z [rpc] catch-up comm: DISABLED (KANET_CATCHUP_COMM!=on) — historical backfill skipped by design, not fixed
[relay:stress-user-02] 2026-09-14T08:17:04.389Z [rpc] catch-up done: 0 handshakes accepted, 0 messages replied, DISABLED historical comms
[relay:stress-user-01] 2026-09-14T08:17:04.389Z [rpc] catch-up comm: DISABLED (KANET_CATCHUP_COMM!=on) — historical backfill skipped by design, not fixed
[relay:stress-user-01] 2026-09-14T08:17:04.389Z [rpc] catch-up done: 0 handshakes accepted, 0 messages replied, DISABLED historical comms
[relay:stress-user-04] 2026-09-14T08:17:04.389Z [rpc] catch-up comm: DISABLED (KANET_CATCHUP_COMM!=on) — historical backfill skipped by design, not fixed
[relay:stress-user-04] 2026-09-14T08:17:04.389Z [rpc] catch-up done: 0 handshakes accepted, 0 messages replied, DISABLED historical comms
[relay:stress-user-06] 2026-09-14T08:17:04.389Z [rpc] catch-up comm: DISABLED (KANET_CATCHUP_COMM!=on) — historical backfill skipped by design, not fixed
[relay:stress-user-06] 2026-09-14T08:17:04.389Z [rpc] catch-up done: 0 handshakes accepted, 0 messages replied, DISABLED historical comms
[relay:stress-user-03] 2026-09-14T08:17:04.389Z [rpc] catch-up comm: DISABLED (KANET_CATCHUP_COMM!=on) — historical backfill skipped by design, not fixed
[relay:stress-user-03] 2026-09-14T08:17:04.389Z [rpc] catch-up done: 0 handshakes accepted, 0 messages replied, DISABLED historical comms
[relay:stress-user-07] 2026-09-14T08:17:04.389Z [rpc] catch-up comm: DISABLED (KANET_CATCHUP_COMM!=on) — historical backfill skipped by design, not fixed
[relay:stress-user-07] 2026-09-14T08:17:04.389Z [rpc] catch-up done: 0 handshakes accepted, 0 messages replied, DISABLED historical comms
[relay:stress-user-05] 2026-09-14T08:17:04.400Z [rpc] catching up from Console DB...
[relay:stress-user-05] 2026-09-14T08:17:04.401Z [rpc] catch-up comm: DISABLED (KANET_CATCHUP_COMM!=on) — historical backfill skipped by design, not fixed
[relay:stress-user-05] 2026-09-14T08:17:04.401Z [rpc] catch-up done: 0 handshakes accepted, 0 messages replied, DISABLED historical comms
[relay:stress-control-01] 2026-09-14T08:17:04.415Z [rpc] catching up from Console DB...
[relay:stress-control-02] 2026-09-14T08:17:04.415Z [rpc] catching up from Console DB...
[relay:stress-user-08] 2026-09-14T08:17:04.415Z [rpc] catching up from Console DB...
[relay:stress-control-01] 2026-09-14T08:17:04.418Z [rpc] catch-up comm: DISABLED (KANET_CATCHUP_COMM!=on) — historical backfill skipped by design, not fixed
[relay:stress-control-01] 2026-09-14T08:17:04.418Z [rpc] catch-up done: 0 handshakes accepted, 0 messages replied, DISABLED historical comms
[relay:stress-control-02] 2026-09-14T08:17:04.418Z [rpc] catch-up comm: DISABLED (KANET_CATCHUP_COMM!=on) — historical backfill skipped by design, not fixed
[relay:stress-control-02] 2026-09-14T08:17:04.418Z [rpc] catch-up done: 0 handshakes accepted, 0 messages replied, DISABLED historical comms
[relay:stress-user-08] 2026-09-14T08:17:04.418Z [rpc] catch-up comm: DISABLED (KANET_CATCHUP_COMM!=on) — historical backfill skipped by design, not fixed
[relay:stress-user-08] 2026-09-14T08:17:04.418Z [rpc] catch-up done: 0 handshakes accepted, 0 messages replied, DISABLED historical comms
[relay:J2] 2026-09-14T08:17:04.462Z [rpc] catching up from Console DB...
[relay:Qclaude] 2026-09-14T08:17:04.463Z [rpc] catching up from Console DB...
[relay:KANet-UI] 2026-09-14T08:17:04.463Z [rpc] catching up from Console DB...
[relay:Trader-A] 2026-09-14T08:17:04.463Z [rpc] catching up from Console DB...
[relay:J2] 2026-09-14T08:17:04.465Z [rpc] catch-up comm: DISABLED (KANET_CATCHUP_COMM!=on) — historical backfill skipped by design, not fixed
[relay:J2] 2026-09-14T08:17:04.465Z [rpc] catch-up done: 0 handshakes accepted, 0 messages replied, DISABLED historical comms
[relay:Qclaude] 2026-09-14T08:17:04.465Z [rpc] catch-up comm: DISABLED (KANET_CATCHUP_COMM!=on) — historical backfill skipped by design, not fixed
[relay:Qclaude] 2026-09-14T08:17:04.465Z [rpc] catch-up done: 0 handshakes accepted, 0 messages replied, DISABLED historical comms
[relay:KANet-UI] 2026-09-14T08:17:04.465Z [rpc] catch-up comm: DISABLED (KANET_CATCHUP_COMM!=on) — historical backfill skipped by design, not fixed
[relay:KANet-UI] 2026-09-14T08:17:04.466Z [rpc] catch-up done: 0 handshakes accepted, 0 messages replied, DISABLED historical comms
[relay:Trader-A] 2026-09-14T08:17:04.466Z [rpc] catch-up comm: DISABLED (KANET_CATCHUP_COMM!=on) — historical backfill skipped by design, not fixed
[relay:Trader-A] 2026-09-14T08:17:04.466Z [rpc] catch-up done: 0 handshakes accepted, 0 messages replied, DISABLED historical comms
[relay:Trader-M] 2026-09-14T08:17:04.478Z [rpc] catching up from Console DB...
[relay:Bettor] 2026-09-14T08:17:04.478Z [rpc] catching up from Console DB...
[relay:Trader-M] 2026-09-14T08:17:04.480Z [rpc] catch-up comm: DISABLED (KANET_CATCHUP_COMM!=on) — historical backfill skipped by design, not fixed
[relay:Trader-M] 2026-09-14T08:17:04.480Z [rpc] catch-up done: 0 handshakes accepted, 0 messages replied, DISABLED historical comms
[relay:Bettor] 2026-09-14T08:17:04.480Z [rpc] catch-up comm: DISABLED (KANET_CATCHUP_COMM!=on) — historical backfill skipped by design, not fixed
[relay:Bettor] 2026-09-14T08:17:04.480Z [rpc] catch-up done: 0 handshakes accepted, 0 messages replied, DISABLED historical comms
[diag:tick-duration] relayHealthMonitorTick ms=1 eligible=16 deadCount=0
[diag:tick-duration] relayHotwalletMonitorTick ms=4 checked=16 killed=0
[relay:stress-control-02] 2026-09-14T08:17:21.516Z [rpc] block #23000 (attempted: 0)
[relay:stress-user-04] 2026-09-14T08:17:21.516Z [rpc] block #23000 (attempted: 0)
[relay:stress-user-06] 2026-09-14T08:17:21.516Z [rpc] block #23000 (attempted: 0)
[relay:stress-user-01] 2026-09-14T08:17:21.516Z [rpc] block #23000 (attempted: 0)
[relay:Trader-M] 2026-09-14T08:17:21.516Z [rpc] block #23000 (attempted: 0)
[relay:stress-control-01] 2026-09-14T08:17:21.516Z [rpc] block #23000 (attempted: 0)
[relay:J2] 2026-09-14T08:17:21.516Z [rpc] block #23000 (attempted: 0)
[relay:Trader-A] 2026-09-14T08:17:21.516Z [rpc] block #23000 (attempted: 0)
[relay:Bettor] 2026-09-14T08:17:21.516Z [rpc] block #23000 (attempted: 0)
[relay:stress-user-08] 2026-09-14T08:17:21.516Z [rpc] block #23000 (attempted: 0)
[relay:stress-user-03] 2026-09-14T08:17:21.516Z [rpc] block #23000 (attempted: 0)
[relay:Qclaude] 2026-09-14T08:17:21.516Z [rpc] block #23000 (attempted: 0)
[relay:KANet-UI] 2026-09-14T08:17:21.516Z [rpc] block #23000 (attempted: 0)
[relay:stress-user-02] 2026-09-14T08:17:21.516Z [rpc] block #23000 (attempted: 0)
[relay:stress-user-05] 2026-09-14T08:17:21.516Z [rpc] block #23000 (attempted: 0)
[relay:stress-user-07] 2026-09-14T08:17:21.516Z [rpc] block #23000 (attempted: 0)
[diag:heap-sample] at=2026-09-14T08:17:23.311Z heapUsed=51MB heapTotal=55MB rss=135MB external=9MB arrayBuffers=1MB wasmBytes=4MB utxoFetchCalls=0
[diag:step] pair.scanAndIngestPairs ms=0 since_rowid=0 max_rowid=0 hits=0 at=2026-09-14T08:17:34.311Z
[diag:tick-duration] relayHealthMonitorTick ms=0 eligible=16 deadCount=0
[diag:tick-duration] relayHotwalletMonitorTick ms=4 checked=16 killed=0
[diag:step] mind-manager.priceMonitor ms=89 sync=0 ok=1 at=2026-09-14T08:18:04.199Z
[diag:step] pair.scanAndIngestPairs ms=0 since_rowid=0 max_rowid=0 hits=0 at=2026-09-14T08:18:04.315Z
[relay:stress-user-02] 2026-09-14T08:18:04.393Z [rpc] catching up from Console DB...
[relay:stress-user-06] 2026-09-14T08:18:04.393Z [rpc] catching up from Console DB...
[relay:stress-user-01] 2026-09-14T08:18:04.393Z [rpc] catching up from Console DB...
[relay:stress-user-03] 2026-09-14T08:18:04.393Z [rpc] catching up from Console DB...
[relay:stress-user-07] 2026-09-14T08:18:04.393Z [rpc] catching up from Console DB...
[relay:stress-user-04] 2026-09-14T08:18:04.393Z [rpc] catching up from Console DB...
[relay:stress-user-06] 2026-09-14T08:18:04.397Z [rpc] catch-up comm: DISABLED (KANET_CATCHUP_COMM!=on) — historical backfill skipped by design, not fixed
[relay:stress-user-06] 2026-09-14T08:18:04.397Z [rpc] catch-up done: 0 handshakes accepted, 0 messages replied, DISABLED historical comms
[relay:stress-user-01] 2026-09-14T08:18:04.397Z [rpc] catch-up comm: DISABLED (KANET_CATCHUP_COMM!=on) — historical backfill skipped by design, not fixed
[relay:stress-user-01] 2026-09-14T08:18:04.397Z [rpc] catch-up done: 0 handshakes accepted, 0 messages replied, DISABLED historical comms
[relay:stress-user-03] 2026-09-14T08:18:04.398Z [rpc] catch-up comm: DISABLED (KANET_CATCHUP_COMM!=on) — historical backfill skipped by design, not fixed
[relay:stress-user-03] 2026-09-14T08:18:04.398Z [rpc] catch-up done: 0 handshakes accepted, 0 messages replied, DISABLED historical comms
[relay:stress-user-02] 2026-09-14T08:18:04.398Z [rpc] catch-up comm: DISABLED (KANET_CATCHUP_COMM!=on) — historical backfill skipped by design, not fixed
[relay:stress-user-02] 2026-09-14T08:18:04.398Z [rpc] catch-up done: 0 handshakes accepted, 0 messages replied, DISABLED historical comms
[relay:stress-user-07] 2026-09-14T08:18:04.398Z [rpc] catch-up comm: DISABLED (KANET_CATCHUP_COMM!=on) — historical backfill skipped by design, not fixed
[relay:stress-user-07] 2026-09-14T08:18:04.398Z [rpc] catch-up done: 0 handshakes accepted, 0 messages replied, DISABLED historical comms
[relay:stress-user-04] 2026-09-14T08:18:04.398Z [rpc] catch-up comm: DISABLED (KANET_CATCHUP_COMM!=on) — historical backfill skipped by design, not fixed
[relay:stress-user-04] 2026-09-14T08:18:04.398Z [rpc] catch-up done: 0 handshakes accepted, 0 messages replied, DISABLED historical comms
[relay:stress-user-05] 2026-09-14T08:18:04.409Z [rpc] catching up from Console DB...
[relay:stress-user-05] 2026-09-14T08:18:04.410Z [rpc] catch-up comm: DISABLED (KANET_CATCHUP_COMM!=on) — historical backfill skipped by design, not fixed
[relay:stress-user-05] 2026-09-14T08:18:04.410Z [rpc] catch-up done: 0 handshakes accepted, 0 messages replied, DISABLED historical comms
[relay:stress-control-02] 2026-09-14T08:18:04.424Z [rpc] catching up from Console DB...
[relay:stress-control-01] 2026-09-14T08:18:04.424Z [rpc] catching up from Console DB...
[relay:stress-user-08] 2026-09-14T08:18:04.425Z [rpc] catching up from Console DB...
[relay:stress-control-01] 2026-09-14T08:18:04.427Z [rpc] catch-up comm: DISABLED (KANET_CATCHUP_COMM!=on) — historical backfill skipped by design, not fixed
[relay:stress-control-01] 2026-09-14T08:18:04.427Z [rpc] catch-up done: 0 handshakes accepted, 0 messages replied, DISABLED historical comms
[relay:stress-control-02] 2026-09-14T08:18:04.427Z [rpc] catch-up comm: DISABLED (KANET_CATCHUP_COMM!=on) — historical backfill skipped by design, not fixed
[relay:stress-control-02] 2026-09-14T08:18:04.427Z [rpc] catch-up done: 0 handshakes accepted, 0 messages replied, DISABLED historical comms
[relay:stress-user-08] 2026-09-14T08:18:04.428Z [rpc] catch-up comm: DISABLED (KANET_CATCHUP_COMM!=on) — historical backfill skipped by design, not fixed
[relay:stress-user-08] 2026-09-14T08:18:04.428Z [rpc] catch-up done: 0 handshakes accepted, 0 messages replied, DISABLED historical comms
[relay:J2] 2026-09-14T08:18:04.470Z [rpc] catching up from Console DB...
[relay:Qclaude] 2026-09-14T08:18:04.471Z [rpc] catching up from Console DB...
[relay:Trader-A] 2026-09-14T08:18:04.471Z [rpc] catching up from Console DB...
[relay:KANet-UI] 2026-09-14T08:18:04.471Z [rpc] catching up from Console DB...
[relay:J2] 2026-09-14T08:18:04.474Z [rpc] catch-up comm: DISABLED (KANET_CATCHUP_COMM!=on) — historical backfill skipped by design, not fixed
[relay:J2] 2026-09-14T08:18:04.474Z [rpc] catch-up done: 0 handshakes accepted, 0 messages replied, DISABLED historical comms
[relay:Trader-A] 2026-09-14T08:18:04.474Z [rpc] catch-up comm: DISABLED (KANET_CATCHUP_COMM!=on) — historical backfill skipped by design, not fixed
[relay:Trader-A] 2026-09-14T08:18:04.474Z [rpc] catch-up done: 0 handshakes accepted, 0 messages replied, DISABLED historical comms
[relay:Qclaude] 2026-09-14T08:18:04.474Z [rpc] catch-up comm: DISABLED (KANET_CATCHUP_COMM!=on) — historical backfill skipped by design, not fixed
[relay:Qclaude] 2026-09-14T08:18:04.474Z [rpc] catch-up done: 0 handshakes accepted, 0 messages replied, DISABLED historical comms
[relay:KANet-UI] 2026-09-14T08:18:04.474Z [rpc] catch-up comm: DISABLED (KANET_CATCHUP_COMM!=on) — historical backfill skipped by design, not fixed
[relay:KANet-UI] 2026-09-14T08:18:04.475Z [rpc] catch-up done: 0 handshakes accepted, 0 messages replied, DISABLED historical comms
[relay:Bettor] 2026-09-14T08:18:04.486Z [rpc] catching up from Console DB...
[relay:Trader-M] 2026-09-14T08:18:04.486Z [rpc] catching up from Console DB...
[relay:Bettor] 2026-09-14T08:18:04.488Z [rpc] catch-up comm: DISABLED (KANET_CATCHUP_COMM!=on) — historical backfill skipped by design, not fixed
[relay:Bettor] 2026-09-14T08:18:04.488Z [rpc] catch-up done: 0 handshakes accepted, 0 messages replied, DISABLED historical comms
[relay:Trader-M] 2026-09-14T08:18:04.489Z [rpc] catch-up comm: DISABLED (KANET_CATCHUP_COMM!=on) — historical backfill skipped by design, not fixed
[relay:Trader-M] 2026-09-14T08:18:04.489Z [rpc] catch-up done: 0 handshakes accepted, 0 messages replied, DISABLED historical comms
[diag:tick-duration] relayHealthMonitorTick ms=0 eligible=16 deadCount=0
[diag:tick-duration] relayHotwalletMonitorTick ms=4 checked=16 killed=0
[diag:heap-sample] at=2026-09-14T08:18:23.869Z heapUsed=51MB heapTotal=55MB rss=135MB external=9MB arrayBuffers=1MB wasmBytes=4MB utxoFetchCalls=0
[diag:step] pair.scanAndIngestPairs ms=0 since_rowid=0 max_rowid=0 hits=0 at=2026-09-14T08:18:34.326Z
[diag:tick-duration] relayHealthMonitorTick ms=0 eligible=16 deadCount=0
[diag:tick-duration] relayHotwalletMonitorTick ms=4 checked=16 killed=0
[relay:stress-user-04] 2026-09-14T08:18:59.798Z [rpc] block #24000 (attempted: 0)
[relay:Trader-M] 2026-09-14T08:18:59.798Z [rpc] block #24000 (attempted: 0)
[relay:Bettor] 2026-09-14T08:18:59.798Z [rpc] block #24000 (attempted: 0)
[relay:stress-control-02] 2026-09-14T08:18:59.798Z [rpc] block #24000 (attempted: 0)
[relay:J2] 2026-09-14T08:18:59.798Z [rpc] block #24000 (attempted: 0)
[relay:stress-user-03] 2026-09-14T08:18:59.798Z [rpc] block #24000 (attempted: 0)
[relay:stress-user-06] 2026-09-14T08:18:59.798Z [rpc] block #24000 (attempted: 0)
[relay:stress-user-07] 2026-09-14T08:18:59.798Z [rpc] block #24000 (attempted: 0)
[relay:KANet-UI] 2026-09-14T08:18:59.798Z [rpc] block #24000 (attempted: 0)
[relay:stress-user-02] 2026-09-14T08:18:59.798Z [rpc] block #24000 (attempted: 0)
[relay:stress-user-08] 2026-09-14T08:18:59.798Z [rpc] block #24000 (attempted: 0)
[relay:Qclaude] 2026-09-14T08:18:59.798Z [rpc] block #24000 (attempted: 0)
[relay:stress-control-01] 2026-09-14T08:18:59.798Z [rpc] block #24000 (attempted: 0)
[relay:Trader-A] 2026-09-14T08:18:59.798Z [rpc] block #24000 (attempted: 0)
[relay:stress-user-01] 2026-09-14T08:18:59.798Z [rpc] block #24000 (attempted: 0)
[relay:stress-user-05] 2026-09-14T08:18:59.798Z [rpc] block #24000 (attempted: 0)
[diag:step] mind-manager.priceMonitor ms=174 sync=1 ok=1 at=2026-09-14T08:19:04.291Z
[diag:step] pair.scanAndIngestPairs ms=0 since_rowid=0 max_rowid=0 hits=0 at=2026-09-14T08:19:04.339Z
[relay:stress-user-02] 2026-09-14T08:19:04.403Z [rpc] catching up from Console DB...
[relay:stress-user-01] 2026-09-14T08:19:04.403Z [rpc] catching up from Console DB...
[relay:stress-user-04] 2026-09-14T08:19:04.403Z [rpc] catching up from Console DB...
[relay:stress-user-03] 2026-09-14T08:19:04.403Z [rpc] catching up from Console DB...
[relay:stress-user-06] 2026-09-14T08:19:04.403Z [rpc] catching up from Console DB...
[relay:stress-user-07] 2026-09-14T08:19:04.403Z [rpc] catching up from Console DB...
[relay:stress-user-02] 2026-09-14T08:19:04.407Z [rpc] catch-up comm: DISABLED (KANET_CATCHUP_COMM!=on) — historical backfill skipped by design, not fixed
[relay:stress-user-02] 2026-09-14T08:19:04.407Z [rpc] catch-up done: 0 handshakes accepted, 0 messages replied, DISABLED historical comms
[relay:stress-user-01] 2026-09-14T08:19:04.407Z [rpc] catch-up comm: DISABLED (KANET_CATCHUP_COMM!=on) — historical backfill skipped by design, not fixed
[relay:stress-user-01] 2026-09-14T08:19:04.407Z [rpc] catch-up done: 0 handshakes accepted, 0 messages replied, DISABLED historical comms
[relay:stress-user-04] 2026-09-14T08:19:04.407Z [rpc] catch-up comm: DISABLED (KANET_CATCHUP_COMM!=on) — historical backfill skipped by design, not fixed
[relay:stress-user-04] 2026-09-14T08:19:04.407Z [rpc] catch-up done: 0 handshakes accepted, 0 messages replied, DISABLED historical comms
[relay:stress-user-06] 2026-09-14T08:19:04.407Z [rpc] catch-up comm: DISABLED (KANET_CATCHUP_COMM!=on) — historical backfill skipped by design, not fixed
[relay:stress-user-06] 2026-09-14T08:19:04.407Z [rpc] catch-up done: 0 handshakes accepted, 0 messages replied, DISABLED historical comms
[relay:stress-user-03] 2026-09-14T08:19:04.408Z [rpc] catch-up comm: DISABLED (KANET_CATCHUP_COMM!=on) — historical backfill skipped by design, not fixed
[relay:stress-user-03] 2026-09-14T08:19:04.408Z [rpc] catch-up done: 0 handshakes accepted, 0 messages replied, DISABLED historical comms
[relay:stress-user-07] 2026-09-14T08:19:04.408Z [rpc] catch-up comm: DISABLED (KANET_CATCHUP_COMM!=on) — historical backfill skipped by design, not fixed
[relay:stress-user-07] 2026-09-14T08:19:04.408Z [rpc] catch-up done: 0 handshakes accepted, 0 messages replied, DISABLED historical comms
[relay:stress-user-05] 2026-09-14T08:19:04.413Z [rpc] catching up from Console DB...
[relay:stress-user-05] 2026-09-14T08:19:04.415Z [rpc] catch-up comm: DISABLED (KANET_CATCHUP_COMM!=on) — historical backfill skipped by design, not fixed
[relay:stress-user-05] 2026-09-14T08:19:04.415Z [rpc] catch-up done: 0 handshakes accepted, 0 messages replied, DISABLED historical comms
[relay:stress-control-02] 2026-09-14T08:19:04.434Z [rpc] catching up from Console DB...
[relay:stress-user-08] 2026-09-14T08:19:04.434Z [rpc] catching up from Console DB...
[relay:stress-control-01] 2026-09-14T08:19:04.434Z [rpc] catching up from Console DB...
[relay:stress-control-02] 2026-09-14T08:19:04.437Z [rpc] catch-up comm: DISABLED (KANET_CATCHUP_COMM!=on) — historical backfill skipped by design, not fixed
[relay:stress-control-02] 2026-09-14T08:19:04.437Z [rpc] catch-up done: 0 handshakes accepted, 0 messages replied, DISABLED historical comms
[relay:stress-user-08] 2026-09-14T08:19:04.437Z [rpc] catch-up comm: DISABLED (KANET_CATCHUP_COMM!=on) — historical backfill skipped by design, not fixed
[relay:stress-user-08] 2026-09-14T08:19:04.437Z [rpc] catch-up done: 0 handshakes accepted, 0 messages replied, DISABLED historical comms
[relay:stress-control-01] 2026-09-14T08:19:04.438Z [rpc] catch-up comm: DISABLED (KANET_CATCHUP_COMM!=on) — historical backfill skipped by design, not fixed
[relay:stress-control-01] 2026-09-14T08:19:04.438Z [rpc] catch-up done: 0 handshakes accepted, 0 messages replied, DISABLED historical comms
[relay:J2] 2026-09-14T08:19:04.480Z [rpc] catching up from Console DB...
[relay:Trader-A] 2026-09-14T08:19:04.481Z [rpc] catching up from Console DB...
[relay:KANet-UI] 2026-09-14T08:19:04.481Z [rpc] catching up from Console DB...
[relay:Qclaude] 2026-09-14T08:19:04.481Z [rpc] catching up from Console DB...
[relay:J2] 2026-09-14T08:19:04.484Z [rpc] catch-up comm: DISABLED (KANET_CATCHUP_COMM!=on) — historical backfill skipped by design, not fixed
[relay:J2] 2026-09-14T08:19:04.484Z [rpc] catch-up done: 0 handshakes accepted, 0 messages replied, DISABLED historical comms
[relay:Trader-A] 2026-09-14T08:19:04.484Z [rpc] catch-up comm: DISABLED (KANET_CATCHUP_COMM!=on) — historical backfill skipped by design, not fixed
[relay:Trader-A] 2026-09-14T08:19:04.484Z [rpc] catch-up done: 0 handshakes accepted, 0 messages replied, DISABLED historical comms
[relay:KANet-UI] 2026-09-14T08:19:04.484Z [rpc] catch-up comm: DISABLED (KANET_CATCHUP_COMM!=on) — historical backfill skipped by design, not fixed
[relay:KANet-UI] 2026-09-14T08:19:04.484Z [rpc] catch-up done: 0 handshakes accepted, 0 messages replied, DISABLED historical comms
[relay:Qclaude] 2026-09-14T08:19:04.485Z [rpc] catch-up comm: DISABLED (KANET_CATCHUP_COMM!=on) — historical backfill skipped by design, not fixed
[relay:Qclaude] 2026-09-14T08:19:04.485Z [rpc] catch-up done: 0 handshakes accepted, 0 messages replied, DISABLED historical comms
[relay:Bettor] 2026-09-14T08:19:04.496Z [rpc] catching up from Console DB...
[relay:Trader-M] 2026-09-14T08:19:04.496Z [rpc] catching up from Console DB...
[relay:Bettor] 2026-09-14T08:19:04.499Z [rpc] catch-up comm: DISABLED (KANET_CATCHUP_COMM!=on) — historical backfill skipped by design, not fixed
[relay:Bettor] 2026-09-14T08:19:04.499Z [rpc] catch-up done: 0 handshakes accepted, 0 messages replied, DISABLED historical comms
[relay:Trader-M] 2026-09-14T08:19:04.499Z [rpc] catch-up comm: DISABLED (KANET_CATCHUP_COMM!=on) — historical backfill skipped by design, not fixed
[relay:Trader-M] 2026-09-14T08:19:04.499Z [rpc] catch-up done: 0 handshakes accepted, 0 messages replied, DISABLED historical comms
[diag:tick-duration] relayHealthMonitorTick ms=0 eligible=16 deadCount=0
[diag:tick-duration] relayHotwalletMonitorTick ms=5 checked=16 killed=0
[diag:heap-sample] at=2026-09-14T08:19:24.468Z heapUsed=52MB heapTotal=55MB rss=135MB external=9MB arrayBuffers=1MB wasmBytes=4MB utxoFetchCalls=0
[diag:step] pair.scanAndIngestPairs ms=0 since_rowid=0 max_rowid=0 hits=0 at=2026-09-14T08:19:34.355Z
[diag:tick-duration] relayHealthMonitorTick ms=0 eligible=16 deadCount=0
[diag:tick-duration] relayHotwalletMonitorTick ms=4 checked=16 killed=0
[diag:step] pool.selectMarkets.all ms=0 rows=0 at=2026-09-14T08:20:04.068Z
[diag:tick-duration] poolSettlerTick ms=1
[diag:step] pool.tick.phases ms=1 pre=0 dw=0 select=1 post=0 rows=0 t0=2026-09-14T08:20:04.068Z at=2026-09-14T08:20:04.069Z
[diag:step] mind-manager.priceMonitor ms=174 sync=1 ok=1 at=2026-09-14T08:20:04.296Z
[diag:step] pair.scanAndIngestPairs ms=0 since_rowid=0 max_rowid=0 hits=0 at=2026-09-14T08:20:04.360Z
[relay:stress-user-02] 2026-09-14T08:20:04.408Z [rpc] catching up from Console DB...
[relay:stress-user-03] 2026-09-14T08:20:04.408Z [rpc] catching up from Console DB...
[relay:stress-user-04] 2026-09-14T08:20:04.408Z [rpc] catching up from Console DB...
[relay:stress-user-01] 2026-09-14T08:20:04.408Z [rpc] catching up from Console DB...
[relay:stress-user-06] 2026-09-14T08:20:04.408Z [rpc] catching up from Console DB...
[relay:stress-user-07] 2026-09-14T08:20:04.408Z [rpc] catching up from Console DB...
[relay:stress-user-04] 2026-09-14T08:20:04.412Z [rpc] catch-up comm: DISABLED (KANET_CATCHUP_COMM!=on) — historical backfill skipped by design, not fixed
[relay:stress-user-04] 2026-09-14T08:20:04.412Z [rpc] catch-up done: 0 handshakes accepted, 0 messages replied, DISABLED historical comms
[relay:stress-user-02] 2026-09-14T08:20:04.412Z [rpc] catch-up comm: DISABLED (KANET_CATCHUP_COMM!=on) — historical backfill skipped by design, not fixed
[relay:stress-user-02] 2026-09-14T08:20:04.412Z [rpc] catch-up done: 0 handshakes accepted, 0 messages replied, DISABLED historical comms
[relay:stress-user-03] 2026-09-14T08:20:04.412Z [rpc] catch-up comm: DISABLED (KANET_CATCHUP_COMM!=on) — historical backfill skipped by design, not fixed
[relay:stress-user-03] 2026-09-14T08:20:04.412Z [rpc] catch-up done: 0 handshakes accepted, 0 messages replied, DISABLED historical comms
[relay:stress-user-06] 2026-09-14T08:20:04.412Z [rpc] catch-up comm: DISABLED (KANET_CATCHUP_COMM!=on) — historical backfill skipped by design, not fixed
[relay:stress-user-06] 2026-09-14T08:20:04.412Z [rpc] catch-up done: 0 handshakes accepted, 0 messages replied, DISABLED historical comms
[relay:stress-user-01] 2026-09-14T08:20:04.412Z [rpc] catch-up comm: DISABLED (KANET_CATCHUP_COMM!=on) — historical backfill skipped by design, not fixed
[relay:stress-user-01] 2026-09-14T08:20:04.412Z [rpc] catch-up done: 0 handshakes accepted, 0 messages replied, DISABLED historical comms
[relay:stress-user-07] 2026-09-14T08:20:04.412Z [rpc] catch-up comm: DISABLED (KANET_CATCHUP_COMM!=on) — historical backfill skipped by design, not fixed
[relay:stress-user-07] 2026-09-14T08:20:04.412Z [rpc] catch-up done: 0 handshakes accepted, 0 messages replied, DISABLED historical comms
[relay:stress-user-05] 2026-09-14T08:20:04.423Z [rpc] catching up from Console DB...
[relay:stress-user-05] 2026-09-14T08:20:04.424Z [rpc] catch-up comm: DISABLED (KANET_CATCHUP_COMM!=on) — historical backfill skipped by design, not fixed
[relay:stress-user-05] 2026-09-14T08:20:04.424Z [rpc] catch-up done: 0 handshakes accepted, 0 messages replied, DISABLED historical comms
[relay:stress-control-01] 2026-09-14T08:20:04.439Z [rpc] catching up from Console DB...
[relay:stress-control-02] 2026-09-14T08:20:04.439Z [rpc] catching up from Console DB...
[relay:stress-user-08] 2026-09-14T08:20:04.439Z [rpc] catching up from Console DB...
[relay:stress-user-08] 2026-09-14T08:20:04.448Z [rpc] catch-up comm: DISABLED (KANET_CATCHUP_COMM!=on) — historical backfill skipped by design, not fixed
[relay:stress-user-08] 2026-09-14T08:20:04.448Z [rpc] catch-up done: 0 handshakes accepted, 0 messages replied, DISABLED historical comms
[relay:stress-control-02] 2026-09-14T08:20:04.448Z [rpc] catch-up comm: DISABLED (KANET_CATCHUP_COMM!=on) — historical backfill skipped by design, not fixed
[relay:stress-control-02] 2026-09-14T08:20:04.448Z [rpc] catch-up done: 0 handshakes accepted, 0 messages replied, DISABLED historical comms
[relay:stress-control-01] 2026-09-14T08:20:04.449Z [rpc] catch-up comm: DISABLED (KANET_CATCHUP_COMM!=on) — historical backfill skipped by design, not fixed
[relay:stress-control-01] 2026-09-14T08:20:04.449Z [rpc] catch-up done: 0 handshakes accepted, 0 messages replied, DISABLED historical comms
[relay:J2] 2026-09-14T08:20:04.486Z [rpc] catching up from Console DB...
[relay:Trader-A] 2026-09-14T08:20:04.487Z [rpc] catching up from Console DB...
[relay:Qclaude] 2026-09-14T08:20:04.487Z [rpc] catching up from Console DB...
[relay:KANet-UI] 2026-09-14T08:20:04.487Z [rpc] catching up from Console DB...
[relay:J2] 2026-09-14T08:20:04.490Z [rpc] catch-up comm: DISABLED (KANET_CATCHUP_COMM!=on) — historical backfill skipped by design, not fixed
[relay:J2] 2026-09-14T08:20:04.490Z [rpc] catch-up done: 0 handshakes accepted, 0 messages replied, DISABLED historical comms
[relay:Trader-A] 2026-09-14T08:20:04.490Z [rpc] catch-up comm: DISABLED (KANET_CATCHUP_COMM!=on) — historical backfill skipped by design, not fixed
[relay:Trader-A] 2026-09-14T08:20:04.490Z [rpc] catch-up done: 0 handshakes accepted, 0 messages replied, DISABLED historical comms
[relay:Qclaude] 2026-09-14T08:20:04.490Z [rpc] catch-up comm: DISABLED (KANET_CATCHUP_COMM!=on) — historical backfill skipped by design, not fixed
[relay:Qclaude] 2026-09-14T08:20:04.490Z [rpc] catch-up done: 0 handshakes accepted, 0 messages replied, DISABLED historical comms
[relay:KANet-UI] 2026-09-14T08:20:04.490Z [rpc] catch-up comm: DISABLED (KANET_CATCHUP_COMM!=on) — historical backfill skipped by design, not fixed
[relay:KANet-UI] 2026-09-14T08:20:04.490Z [rpc] catch-up done: 0 handshakes accepted, 0 messages replied, DISABLED historical comms
[relay:Trader-M] 2026-09-14T08:20:04.503Z [rpc] catching up from Console DB...
[relay:Bettor] 2026-09-14T08:20:04.503Z [rpc] catching up from Console DB...
[relay:Trader-M] 2026-09-14T08:20:04.504Z [rpc] catch-up comm: DISABLED (KANET_CATCHUP_COMM!=on) — historical backfill skipped by design, not fixed
[relay:Bettor] 2026-09-14T08:20:04.504Z [rpc] catch-up comm: DISABLED (KANET_CATCHUP_COMM!=on) — historical backfill skipped by design, not fixed
[relay:Bettor] 2026-09-14T08:20:04.504Z [rpc] catch-up done: 0 handshakes accepted, 0 messages replied, DISABLED historical comms
[relay:Trader-M] 2026-09-14T08:20:04.504Z [rpc] catch-up done: 0 handshakes accepted, 0 messages replied, DISABLED historical comms
[diag:tick-duration] relayHealthMonitorTick ms=0 eligible=16 deadCount=0
[diag:tick-duration] relayHotwalletMonitorTick ms=4 checked=16 killed=0
[diag:heap-sample] at=2026-09-14T08:20:24.900Z heapUsed=52MB heapTotal=55MB rss=136MB external=9MB arrayBuffers=1MB wasmBytes=4MB utxoFetchCalls=0
[diag:step] pair.scanAndIngestPairs ms=0 since_rowid=0 max_rowid=0 hits=0 at=2026-09-14T08:20:34.367Z
[diag:tick-duration] relayHealthMonitorTick ms=0 eligible=16 deadCount=0
[rpc-health] using local node: ws://127.0.0.1:17110
[diag:tick-duration] relayHotwalletMonitorTick ms=7 checked=16 killed=0
[relay:Bettor] 2026-09-14T08:20:41.212Z [rpc] block #25000 (attempted: 0)
[relay:stress-user-05] 2026-09-14T08:20:41.212Z [rpc] block #25000 (attempted: 0)
[relay:stress-user-01] 2026-09-14T08:20:41.212Z [rpc] block #25000 (attempted: 0)
[relay:stress-control-01] 2026-09-14T08:20:41.212Z [rpc] block #25000 (attempted: 0)
[relay:stress-control-02] 2026-09-14T08:20:41.212Z [rpc] block #25000 (attempted: 0)
[relay:stress-user-03] 2026-09-14T08:20:41.212Z [rpc] block #25000 (attempted: 0)
[relay:Qclaude] 2026-09-14T08:20:41.212Z [rpc] block #25000 (attempted: 0)
[relay:Trader-M] 2026-09-14T08:20:41.212Z [rpc] block #25000 (attempted: 0)
[relay:J2] 2026-09-14T08:20:41.212Z [rpc] block #25000 (attempted: 0)
[relay:KANet-UI] 2026-09-14T08:20:41.212Z [rpc] block #25000 (attempted: 0)
[relay:stress-user-02] 2026-09-14T08:20:41.213Z [rpc] block #25000 (attempted: 0)
[relay:stress-user-04] 2026-09-14T08:20:41.212Z [rpc] block #25000 (attempted: 0)
[relay:stress-user-08] 2026-09-14T08:20:41.212Z [rpc] block #25000 (attempted: 0)
[relay:stress-user-07] 2026-09-14T08:20:41.212Z [rpc] block #25000 (attempted: 0)
[relay:stress-user-06] 2026-09-14T08:20:41.212Z [rpc] block #25000 (attempted: 0)
[relay:Trader-A] 2026-09-14T08:20:41.213Z [rpc] block #25000 (attempted: 0)
[diag:step] mind-manager.priceMonitor ms=172 sync=1 ok=1 at=2026-09-14T08:21:04.299Z
[diag:step] pair.scanAndIngestPairs ms=0 since_rowid=0 max_rowid=0 hits=0 at=2026-09-14T08:21:04.381Z
[relay:stress-user-04] 2026-09-14T08:21:04.413Z [rpc] catching up from Console DB...
[relay:stress-user-07] 2026-09-14T08:21:04.413Z [rpc] catching up from Console DB...
[relay:stress-user-02] 2026-09-14T08:21:04.413Z [rpc] catching up from Console DB...
[relay:stress-user-01] 2026-09-14T08:21:04.413Z [rpc] catching up from Console DB...
[relay:stress-user-06] 2026-09-14T08:21:04.413Z [rpc] catching up from Console DB...
[relay:stress-user-03] 2026-09-14T08:21:04.413Z [rpc] catching up from Console DB...
[relay:stress-user-04] 2026-09-14T08:21:04.417Z [rpc] catch-up comm: DISABLED (KANET_CATCHUP_COMM!=on) — historical backfill skipped by design, not fixed
[relay:stress-user-04] 2026-09-14T08:21:04.417Z [rpc] catch-up done: 0 handshakes accepted, 0 messages replied, DISABLED historical comms
[relay:stress-user-07] 2026-09-14T08:21:04.417Z [rpc] catch-up comm: DISABLED (KANET_CATCHUP_COMM!=on) — historical backfill skipped by design, not fixed
[relay:stress-user-07] 2026-09-14T08:21:04.417Z [rpc] catch-up done: 0 handshakes accepted, 0 messages replied, DISABLED historical comms
[relay:stress-user-02] 2026-09-14T08:21:04.418Z [rpc] catch-up comm: DISABLED (KANET_CATCHUP_COMM!=on) — historical backfill skipped by design, not fixed
[relay:stress-user-02] 2026-09-14T08:21:04.418Z [rpc] catch-up done: 0 handshakes accepted, 0 messages replied, DISABLED historical comms
[relay:stress-user-06] 2026-09-14T08:21:04.417Z [rpc] catch-up comm: DISABLED (KANET_CATCHUP_COMM!=on) — historical backfill skipped by design, not fixed
[relay:stress-user-06] 2026-09-14T08:21:04.417Z [rpc] catch-up done: 0 handshakes accepted, 0 messages replied, DISABLED historical comms
[relay:stress-user-01] 2026-09-14T08:21:04.418Z [rpc] catch-up comm: DISABLED (KANET_CATCHUP_COMM!=on) — historical backfill skipped by design, not fixed
[relay:stress-user-01] 2026-09-14T08:21:04.418Z [rpc] catch-up done: 0 handshakes accepted, 0 messages replied, DISABLED historical comms
[relay:stress-user-03] 2026-09-14T08:21:04.418Z [rpc] catch-up comm: DISABLED (KANET_CATCHUP_COMM!=on) — historical backfill skipped by design, not fixed
[relay:stress-user-03] 2026-09-14T08:21:04.418Z [rpc] catch-up done: 0 handshakes accepted, 0 messages replied, DISABLED historical comms
[relay:stress-user-05] 2026-09-14T08:21:04.428Z [rpc] catching up from Console DB...
[relay:stress-user-05] 2026-09-14T08:21:04.429Z [rpc] catch-up comm: DISABLED (KANET_CATCHUP_COMM!=on) — historical backfill skipped by design, not fixed
[relay:stress-user-05] 2026-09-14T08:21:04.429Z [rpc] catch-up done: 0 handshakes accepted, 0 messages replied, DISABLED historical comms
[relay:stress-control-01] 2026-09-14T08:21:04.444Z [rpc] catching up from Console DB...
[relay:stress-control-02] 2026-09-14T08:21:04.444Z [rpc] catching up from Console DB...
[relay:stress-user-08] 2026-09-14T08:21:04.444Z [rpc] catching up from Console DB...
[relay:stress-control-02] 2026-09-14T08:21:04.446Z [rpc] catch-up comm: DISABLED (KANET_CATCHUP_COMM!=on) — historical backfill skipped by design, not fixed
[relay:stress-control-02] 2026-09-14T08:21:04.446Z [rpc] catch-up done: 0 handshakes accepted, 0 messages replied, DISABLED historical comms
[relay:stress-control-01] 2026-09-14T08:21:04.447Z [rpc] catch-up comm: DISABLED (KANET_CATCHUP_COMM!=on) — historical backfill skipped by design, not fixed
[relay:stress-control-01] 2026-09-14T08:21:04.447Z [rpc] catch-up done: 0 handshakes accepted, 0 messages replied, DISABLED historical comms
[relay:stress-user-08] 2026-09-14T08:21:04.447Z [rpc] catch-up comm: DISABLED (KANET_CATCHUP_COMM!=on) — historical backfill skipped by design, not fixed
[relay:stress-user-08] 2026-09-14T08:21:04.447Z [rpc] catch-up done: 0 handshakes accepted, 0 messages replied, DISABLED historical comms
[relay:J2] 2026-09-14T08:21:04.490Z [rpc] catching up from Console DB...
[relay:KANet-UI] 2026-09-14T08:21:04.491Z [rpc] catching up from Console DB...
[relay:Trader-A] 2026-09-14T08:21:04.491Z [rpc] catching up from Console DB...
[relay:Qclaude] 2026-09-14T08:21:04.491Z [rpc] catching up from Console DB...
[relay:J2] 2026-09-14T08:21:04.494Z [rpc] catch-up comm: DISABLED (KANET_CATCHUP_COMM!=on) — historical backfill skipped by design, not fixed
[relay:J2] 2026-09-14T08:21:04.494Z [rpc] catch-up done: 0 handshakes accepted, 0 messages replied, DISABLED historical comms
[relay:Trader-A] 2026-09-14T08:21:04.494Z [rpc] catch-up comm: DISABLED (KANET_CATCHUP_COMM!=on) — historical backfill skipped by design, not fixed
[relay:Trader-A] 2026-09-14T08:21:04.494Z [rpc] catch-up done: 0 handshakes accepted, 0 messages replied, DISABLED historical comms
[relay:KANet-UI] 2026-09-14T08:21:04.494Z [rpc] catch-up comm: DISABLED (KANET_CATCHUP_COMM!=on) — historical backfill skipped by design, not fixed
[relay:KANet-UI] 2026-09-14T08:21:04.494Z [rpc] catch-up done: 0 handshakes accepted, 0 messages replied, DISABLED historical comms
[relay:Qclaude] 2026-09-14T08:21:04.495Z [rpc] catch-up comm: DISABLED (KANET_CATCHUP_COMM!=on) — historical backfill skipped by design, not fixed
[relay:Qclaude] 2026-09-14T08:21:04.495Z [rpc] catch-up done: 0 handshakes accepted, 0 messages replied, DISABLED historical comms
[relay:Trader-M] 2026-09-14T08:21:04.504Z [rpc] catching up from Console DB...
[relay:Bettor] 2026-09-14T08:21:04.504Z [rpc] catching up from Console DB...
[relay:Trader-M] 2026-09-14T08:21:04.505Z [rpc] catch-up comm: DISABLED (KANET_CATCHUP_COMM!=on) — historical backfill skipped by design, not fixed
[relay:Trader-M] 2026-09-14T08:21:04.506Z [rpc] catch-up done: 0 handshakes accepted, 0 messages replied, DISABLED historical comms
[relay:Bettor] 2026-09-14T08:21:04.506Z [rpc] catch-up comm: DISABLED (KANET_CATCHUP_COMM!=on) — historical backfill skipped by design, not fixed
[relay:Bettor] 2026-09-14T08:21:04.506Z [rpc] catch-up done: 0 handshakes accepted, 0 messages replied, DISABLED historical comms
[diag:tick-duration] relayHealthMonitorTick ms=0 eligible=16 deadCount=0
[diag:tick-duration] relayHotwalletMonitorTick ms=3 checked=16 killed=0
[diag:heap-sample] at=2026-09-14T08:21:25.364Z heapUsed=52MB heapTotal=54MB rss=136MB external=9MB arrayBuffers=1MB wasmBytes=4MB utxoFetchCalls=0
[diag:step] pair.scanAndIngestPairs ms=0 since_rowid=0 max_rowid=0 hits=0 at=2026-09-14T08:21:34.387Z
[diag:tick-duration] relayHealthMonitorTick ms=0 eligible=16 deadCount=0
[diag:tick-duration] relayHotwalletMonitorTick ms=4 checked=16 killed=0
[diag:step] mind-manager.priceMonitor ms=171 sync=1 ok=1 at=2026-09-14T08:22:04.307Z
[diag:step] pair.scanAndIngestPairs ms=0 since_rowid=0 max_rowid=0 hits=0 at=2026-09-14T08:22:04.402Z
[relay:stress-user-02] 2026-09-14T08:22:04.418Z [rpc] catching up from Console DB...
[relay:stress-user-04] 2026-09-14T08:22:04.418Z [rpc] catching up from Console DB...
[relay:stress-user-01] 2026-09-14T08:22:04.418Z [rpc] catching up from Console DB...
[relay:stress-user-07] 2026-09-14T08:22:04.418Z [rpc] catching up from Console DB...
[relay:stress-user-03] 2026-09-14T08:22:04.418Z [rpc] catching up from Console DB...
[relay:stress-user-06] 2026-09-14T08:22:04.418Z [rpc] catching up from Console DB...
[relay:stress-user-02] 2026-09-14T08:22:04.422Z [rpc] catch-up comm: DISABLED (KANET_CATCHUP_COMM!=on) — historical backfill skipped by design, not fixed
[relay:stress-user-02] 2026-09-14T08:22:04.423Z [rpc] catch-up done: 0 handshakes accepted, 0 messages replied, DISABLED historical comms
[relay:stress-user-04] 2026-09-14T08:22:04.422Z [rpc] catch-up comm: DISABLED (KANET_CATCHUP_COMM!=on) — historical backfill skipped by design, not fixed
[relay:stress-user-04] 2026-09-14T08:22:04.422Z [rpc] catch-up done: 0 handshakes accepted, 0 messages replied, DISABLED historical comms
[relay:stress-user-01] 2026-09-14T08:22:04.422Z [rpc] catch-up comm: DISABLED (KANET_CATCHUP_COMM!=on) — historical backfill skipped by design, not fixed
[relay:stress-user-01] 2026-09-14T08:22:04.422Z [rpc] catch-up done: 0 handshakes accepted, 0 messages replied, DISABLED historical comms
[relay:stress-user-07] 2026-09-14T08:22:04.422Z [rpc] catch-up comm: DISABLED (KANET_CATCHUP_COMM!=on) — historical backfill skipped by design, not fixed
[relay:stress-user-07] 2026-09-14T08:22:04.422Z [rpc] catch-up done: 0 handshakes accepted, 0 messages replied, DISABLED historical comms
[relay:stress-user-06] 2026-09-14T08:22:04.423Z [rpc] catch-up comm: DISABLED (KANET_CATCHUP_COMM!=on) — historical backfill skipped by design, not fixed
[relay:stress-user-06] 2026-09-14T08:22:04.423Z [rpc] catch-up done: 0 handshakes accepted, 0 messages replied, DISABLED historical comms
[relay:stress-user-03] 2026-09-14T08:22:04.423Z [rpc] catch-up comm: DISABLED (KANET_CATCHUP_COMM!=on) — historical backfill skipped by design, not fixed
[relay:stress-user-03] 2026-09-14T08:22:04.423Z [rpc] catch-up done: 0 handshakes accepted, 0 messages replied, DISABLED historical comms
[relay:stress-user-05] 2026-09-14T08:22:04.434Z [rpc] catching up from Console DB...
[relay:stress-user-05] 2026-09-14T08:22:04.435Z [rpc] catch-up comm: DISABLED (KANET_CATCHUP_COMM!=on) — historical backfill skipped by design, not fixed
[relay:stress-user-05] 2026-09-14T08:22:04.435Z [rpc] catch-up done: 0 handshakes accepted, 0 messages replied, DISABLED historical comms
[relay:stress-control-02] 2026-09-14T08:22:04.450Z [rpc] catching up from Console DB...
[relay:stress-control-01] 2026-09-14T08:22:04.450Z [rpc] catching up from Console DB...
[relay:stress-user-08] 2026-09-14T08:22:04.450Z [rpc] catching up from Console DB...
[relay:stress-control-02] 2026-09-14T08:22:04.452Z [rpc] catch-up comm: DISABLED (KANET_CATCHUP_COMM!=on) — historical backfill skipped by design, not fixed
[relay:stress-control-02] 2026-09-14T08:22:04.452Z [rpc] catch-up done: 0 handshakes accepted, 0 messages replied, DISABLED historical comms
[relay:stress-user-08] 2026-09-14T08:22:04.452Z [rpc] catch-up comm: DISABLED (KANET_CATCHUP_COMM!=on) — historical backfill skipped by design, not fixed
[relay:stress-user-08] 2026-09-14T08:22:04.452Z [rpc] catch-up done: 0 handshakes accepted, 0 messages replied, DISABLED historical comms
[relay:stress-control-01] 2026-09-14T08:22:04.452Z [rpc] catch-up comm: DISABLED (KANET_CATCHUP_COMM!=on) — historical backfill skipped by design, not fixed
[relay:stress-control-01] 2026-09-14T08:22:04.452Z [rpc] catch-up done: 0 handshakes accepted, 0 messages replied, DISABLED historical comms
[relay:J2] 2026-09-14T08:22:04.496Z [rpc] catching up from Console DB...
[relay:Trader-A] 2026-09-14T08:22:04.497Z [rpc] catching up from Console DB...
[relay:KANet-UI] 2026-09-14T08:22:04.496Z [rpc] catching up from Console DB...
[relay:Qclaude] 2026-09-14T08:22:04.497Z [rpc] catching up from Console DB...
[relay:J2] 2026-09-14T08:22:04.500Z [rpc] catch-up comm: DISABLED (KANET_CATCHUP_COMM!=on) — historical backfill skipped by design, not fixed
[relay:J2] 2026-09-14T08:22:04.500Z [rpc] catch-up done: 0 handshakes accepted, 0 messages replied, DISABLED historical comms
[relay:KANet-UI] 2026-09-14T08:22:04.500Z [rpc] catch-up comm: DISABLED (KANET_CATCHUP_COMM!=on) — historical backfill skipped by design, not fixed
[relay:KANet-UI] 2026-09-14T08:22:04.500Z [rpc] catch-up done: 0 handshakes accepted, 0 messages replied, DISABLED historical comms
[relay:Trader-A] 2026-09-14T08:22:04.501Z [rpc] catch-up comm: DISABLED (KANET_CATCHUP_COMM!=on) — historical backfill skipped by design, not fixed
[relay:Trader-A] 2026-09-14T08:22:04.501Z [rpc] catch-up done: 0 handshakes accepted, 0 messages replied, DISABLED historical comms
[relay:Qclaude] 2026-09-14T08:22:04.501Z [rpc] catch-up comm: DISABLED (KANET_CATCHUP_COMM!=on) — historical backfill skipped by design, not fixed
[relay:Qclaude] 2026-09-14T08:22:04.501Z [rpc] catch-up done: 0 handshakes accepted, 0 messages replied, DISABLED historical comms
[relay:Bettor] 2026-09-14T08:22:04.512Z [rpc] catching up from Console DB...
[relay:Trader-M] 2026-09-14T08:22:04.512Z [rpc] catching up from Console DB...
[relay:Bettor] 2026-09-14T08:22:04.514Z [rpc] catch-up comm: DISABLED (KANET_CATCHUP_COMM!=on) — historical backfill skipped by design, not fixed
[relay:Bettor] 2026-09-14T08:22:04.514Z [rpc] catch-up done: 0 handshakes accepted, 0 messages replied, DISABLED historical comms
[relay:Trader-M] 2026-09-14T08:22:04.514Z [rpc] catch-up comm: DISABLED (KANET_CATCHUP_COMM!=on) — historical backfill skipped by design, not fixed
[relay:Trader-M] 2026-09-14T08:22:04.514Z [rpc] catch-up done: 0 handshakes accepted, 0 messages replied, DISABLED historical comms
[diag:tick-duration] relayHealthMonitorTick ms=0 eligible=16 deadCount=0
[diag:tick-duration] relayHotwalletMonitorTick ms=6 checked=16 killed=0
[relay:Trader-A] 2026-09-14T08:22:22.463Z [rpc] block #26000 (attempted: 6)
[relay:stress-user-02] 2026-09-14T08:22:22.463Z [rpc] block #26000 (attempted: 6)
[relay:stress-user-06] 2026-09-14T08:22:22.463Z [rpc] block #26000 (attempted: 6)
[relay:Trader-M] 2026-09-14T08:22:22.463Z [rpc] block #26000 (attempted: 6)
[relay:stress-user-03] 2026-09-14T08:22:22.463Z [rpc] block #26000 (attempted: 6)
[relay:KANet-UI] 2026-09-14T08:22:22.463Z [rpc] block #26000 (attempted: 6)
[relay:stress-user-08] 2026-09-14T08:22:22.463Z [rpc] block #26000 (attempted: 6)
[relay:stress-user-04] 2026-09-14T08:22:22.463Z [rpc] block #26000 (attempted: 6)
[relay:Bettor] 2026-09-14T08:22:22.463Z [rpc] block #26000 (attempted: 6)
[relay:stress-user-05] 2026-09-14T08:22:22.463Z [rpc] block #26000 (attempted: 6)
[relay:stress-user-01] 2026-09-14T08:22:22.463Z [rpc] block #26000 (attempted: 6)
[relay:stress-control-01] 2026-09-14T08:22:22.463Z [rpc] block #26000 (attempted: 6)
[relay:Qclaude] 2026-09-14T08:22:22.463Z [rpc] block #26000 (attempted: 6)
[relay:stress-control-02] 2026-09-14T08:22:22.463Z [rpc] block #26000 (attempted: 6)
[relay:stress-user-07] 2026-09-14T08:22:22.463Z [rpc] block #26000 (attempted: 6)
[relay:J2] 2026-09-14T08:22:22.463Z [rpc] block #26000 (attempted: 6)
[diag:heap-sample] at=2026-09-14T08:22:25.792Z heapUsed=52MB heapTotal=55MB rss=137MB external=9MB arrayBuffers=1MB wasmBytes=4MB utxoFetchCalls=0
[diag:step] pair.scanAndIngestPairs ms=0 since_rowid=0 max_rowid=0 hits=0 at=2026-09-14T08:22:34.416Z
[diag:tick-duration] relayHealthMonitorTick ms=0 eligible=16 deadCount=0
[diag:tick-duration] relayHotwalletMonitorTick ms=3 checked=16 killed=0
[diag:step] mind-manager.priceMonitor ms=184 sync=0 ok=1 at=2026-09-14T08:23:04.320Z
[diag:step] pair.scanAndIngestPairs ms=1 since_rowid=0 max_rowid=0 hits=0 at=2026-09-14T08:23:04.418Z
[relay:stress-user-02] 2026-09-14T08:23:04.418Z [rpc] catching up from Console DB...
[relay:stress-user-04] 2026-09-14T08:23:04.418Z [rpc] catching up from Console DB...
[relay:stress-user-01] 2026-09-14T08:23:04.418Z [rpc] catching up from Console DB...
[relay:stress-user-06] 2026-09-14T08:23:04.418Z [rpc] catching up from Console DB...
[relay:stress-user-03] 2026-09-14T08:23:04.418Z [rpc] catching up from Console DB...
[relay:stress-user-07] 2026-09-14T08:23:04.418Z [rpc] catching up from Console DB...
[relay:stress-user-02] 2026-09-14T08:23:04.423Z [rpc] catch-up comm: DISABLED (KANET_CATCHUP_COMM!=on) — historical backfill skipped by design, not fixed
[relay:stress-user-02] 2026-09-14T08:23:04.423Z [rpc] catch-up done: 0 handshakes accepted, 0 messages replied, DISABLED historical comms
[relay:stress-user-04] 2026-09-14T08:23:04.422Z [rpc] catch-up comm: DISABLED (KANET_CATCHUP_COMM!=on) — historical backfill skipped by design, not fixed
[relay:stress-user-04] 2026-09-14T08:23:04.422Z [rpc] catch-up done: 0 handshakes accepted, 0 messages replied, DISABLED historical comms
[relay:stress-user-01] 2026-09-14T08:23:04.422Z [rpc] catch-up comm: DISABLED (KANET_CATCHUP_COMM!=on) — historical backfill skipped by design, not fixed
[relay:stress-user-01] 2026-09-14T08:23:04.422Z [rpc] catch-up done: 0 handshakes accepted, 0 messages replied, DISABLED historical comms
[relay:stress-user-06] 2026-09-14T08:23:04.422Z [rpc] catch-up comm: DISABLED (KANET_CATCHUP_COMM!=on) — historical backfill skipped by design, not fixed
[relay:stress-user-06] 2026-09-14T08:23:04.422Z [rpc] catch-up done: 0 handshakes accepted, 0 messages replied, DISABLED historical comms
[relay:stress-user-03] 2026-09-14T08:23:04.422Z [rpc] catch-up comm: DISABLED (KANET_CATCHUP_COMM!=on) — historical backfill skipped by design, not fixed
[relay:stress-user-03] 2026-09-14T08:23:04.422Z [rpc] catch-up done: 0 handshakes accepted, 0 messages replied, DISABLED historical comms
[relay:stress-user-07] 2026-09-14T08:23:04.422Z [rpc] catch-up comm: DISABLED (KANET_CATCHUP_COMM!=on) — historical backfill skipped by design, not fixed
[relay:stress-user-07] 2026-09-14T08:23:04.422Z [rpc] catch-up done: 0 handshakes accepted, 0 messages replied, DISABLED historical comms
[relay:stress-user-05] 2026-09-14T08:23:04.450Z [rpc] catching up from Console DB...
[relay:stress-control-01] 2026-09-14T08:23:04.450Z [rpc] catching up from Console DB...
[relay:stress-control-02] 2026-09-14T08:23:04.451Z [rpc] catching up from Console DB...
[relay:stress-user-08] 2026-09-14T08:23:04.450Z [rpc] catching up from Console DB...
[relay:stress-user-05] 2026-09-14T08:23:04.453Z [rpc] catch-up comm: DISABLED (KANET_CATCHUP_COMM!=on) — historical backfill skipped by design, not fixed
[relay:stress-user-05] 2026-09-14T08:23:04.453Z [rpc] catch-up done: 0 handshakes accepted, 0 messages replied, DISABLED historical comms
[relay:stress-control-01] 2026-09-14T08:23:04.452Z [rpc] catch-up comm: DISABLED (KANET_CATCHUP_COMM!=on) — historical backfill skipped by design, not fixed
[relay:stress-control-01] 2026-09-14T08:23:04.452Z [rpc] catch-up done: 0 handshakes accepted, 0 messages replied, DISABLED historical comms
[relay:stress-control-02] 2026-09-14T08:23:04.454Z [rpc] catch-up comm: DISABLED (KANET_CATCHUP_COMM!=on) — historical backfill skipped by design, not fixed
[relay:stress-control-02] 2026-09-14T08:23:04.454Z [rpc] catch-up done: 0 handshakes accepted, 0 messages replied, DISABLED historical comms
[relay:stress-user-08] 2026-09-14T08:23:04.453Z [rpc] catch-up comm: DISABLED (KANET_CATCHUP_COMM!=on) — historical backfill skipped by design, not fixed
[relay:stress-user-08] 2026-09-14T08:23:04.453Z [rpc] catch-up done: 0 handshakes accepted, 0 messages replied, DISABLED historical comms
[relay:J2] 2026-09-14T08:23:04.496Z [rpc] catching up from Console DB...
[relay:Trader-A] 2026-09-14T08:23:04.497Z [rpc] catching up from Console DB...
[relay:Qclaude] 2026-09-14T08:23:04.497Z [rpc] catching up from Console DB...
[relay:KANet-UI] 2026-09-14T08:23:04.497Z [rpc] catching up from Console DB...
[relay:J2] 2026-09-14T08:23:04.499Z [rpc] catch-up comm: DISABLED (KANET_CATCHUP_COMM!=on) — historical backfill skipped by design, not fixed
[relay:J2] 2026-09-14T08:23:04.499Z [rpc] catch-up done: 0 handshakes accepted, 0 messages replied, DISABLED historical comms
[relay:Trader-A] 2026-09-14T08:23:04.500Z [rpc] catch-up comm: DISABLED (KANET_CATCHUP_COMM!=on) — historical backfill skipped by design, not fixed
[relay:Trader-A] 2026-09-14T08:23:04.500Z [rpc] catch-up done: 0 handshakes accepted, 0 messages replied, DISABLED historical comms
[relay:Qclaude] 2026-09-14T08:23:04.501Z [rpc] catch-up comm: DISABLED (KANET_CATCHUP_COMM!=on) — historical backfill skipped by design, not fixed
[relay:Qclaude] 2026-09-14T08:23:04.501Z [rpc] catch-up done: 0 handshakes accepted, 0 messages replied, DISABLED historical comms
[relay:KANet-UI] 2026-09-14T08:23:04.501Z [rpc] catch-up comm: DISABLED (KANET_CATCHUP_COMM!=on) — historical backfill skipped by design, not fixed
[relay:KANet-UI] 2026-09-14T08:23:04.501Z [rpc] catch-up done: 0 handshakes accepted, 0 messages replied, DISABLED historical comms
[relay:Trader-M] 2026-09-14T08:23:04.513Z [rpc] catching up from Console DB...
[relay:Bettor] 2026-09-14T08:23:04.513Z [rpc] catching up from Console DB...
[relay:Bettor] 2026-09-14T08:23:04.514Z [rpc] catch-up comm: DISABLED (KANET_CATCHUP_COMM!=on) — historical backfill skipped by design, not fixed
[relay:Bettor] 2026-09-14T08:23:04.514Z [rpc] catch-up done: 0 handshakes accepted, 0 messages replied, DISABLED historical comms
[relay:Trader-M] 2026-09-14T08:23:04.514Z [rpc] catch-up comm: DISABLED (KANET_CATCHUP_COMM!=on) — historical backfill skipped by design, not fixed
[relay:Trader-M] 2026-09-14T08:23:04.514Z [rpc] catch-up done: 0 handshakes accepted, 0 messages replied, DISABLED historical comms
[diag:tick-duration] relayHealthMonitorTick ms=0 eligible=16 deadCount=0
[diag:tick-duration] relayHotwalletMonitorTick ms=4 checked=16 killed=0
[diag:heap-sample] at=2026-09-14T08:23:26.197Z heapUsed=46MB heapTotal=57MB rss=135MB external=8MB arrayBuffers=0MB wasmBytes=4.1MB utxoFetchCalls=0
[diag:step] pair.scanAndIngestPairs ms=0 since_rowid=0 max_rowid=0 hits=0 at=2026-09-14T08:23:34.423Z
[diag:tick-duration] relayHealthMonitorTick ms=0 eligible=16 deadCount=0
[diag:tick-duration] relayHotwalletMonitorTick ms=4 checked=16 killed=0
[diag:step] mind-manager.priceMonitor ms=163 sync=1 ok=1 at=2026-09-14T08:24:04.302Z
[relay:stress-user-02] 2026-09-14T08:24:04.422Z [rpc] catching up from Console DB...
[relay:stress-user-04] 2026-09-14T08:24:04.422Z [rpc] catching up from Console DB...
[diag:step] pair.scanAndIngestPairs ms=0 since_rowid=0 max_rowid=0 hits=0 at=2026-09-14T08:24:04.425Z
[relay:stress-user-01] 2026-09-14T08:24:04.422Z [rpc] catching up from Console DB...
[relay:stress-user-07] 2026-09-14T08:24:04.422Z [rpc] catching up from Console DB...
[relay:stress-user-03] 2026-09-14T08:24:04.422Z [rpc] catching up from Console DB...
[relay:stress-user-06] 2026-09-14T08:24:04.422Z [rpc] catching up from Console DB...
[relay:stress-user-02] 2026-09-14T08:24:04.426Z [rpc] catch-up comm: DISABLED (KANET_CATCHUP_COMM!=on) — historical backfill skipped by design, not fixed
[relay:stress-user-02] 2026-09-14T08:24:04.426Z [rpc] catch-up done: 0 handshakes accepted, 0 messages replied, DISABLED historical comms
[relay:stress-user-04] 2026-09-14T08:24:04.427Z [rpc] catch-up comm: DISABLED (KANET_CATCHUP_COMM!=on) — historical backfill skipped by design, not fixed
[relay:stress-user-04] 2026-09-14T08:24:04.427Z [rpc] catch-up done: 0 handshakes accepted, 0 messages replied, DISABLED historical comms
[relay:stress-user-01] 2026-09-14T08:24:04.427Z [rpc] catch-up comm: DISABLED (KANET_CATCHUP_COMM!=on) — historical backfill skipped by design, not fixed
[relay:stress-user-01] 2026-09-14T08:24:04.427Z [rpc] catch-up done: 0 handshakes accepted, 0 messages replied, DISABLED historical comms
[relay:stress-user-06] 2026-09-14T08:24:04.427Z [rpc] catch-up comm: DISABLED (KANET_CATCHUP_COMM!=on) — historical backfill skipped by design, not fixed
[relay:stress-user-06] 2026-09-14T08:24:04.427Z [rpc] catch-up done: 0 handshakes accepted, 0 messages replied, DISABLED historical comms
[relay:stress-user-07] 2026-09-14T08:24:04.427Z [rpc] catch-up comm: DISABLED (KANET_CATCHUP_COMM!=on) — historical backfill skipped by design, not fixed
[relay:stress-user-07] 2026-09-14T08:24:04.427Z [rpc] catch-up done: 0 handshakes accepted, 0 messages replied, DISABLED historical comms
[relay:stress-user-03] 2026-09-14T08:24:04.427Z [rpc] catch-up comm: DISABLED (KANET_CATCHUP_COMM!=on) — historical backfill skipped by design, not fixed
[relay:stress-user-03] 2026-09-14T08:24:04.427Z [rpc] catch-up done: 0 handshakes accepted, 0 messages replied, DISABLED historical comms
[relay:stress-user-05] 2026-09-14T08:24:04.453Z [rpc] catching up from Console DB...
[relay:stress-user-08] 2026-09-14T08:24:04.453Z [rpc] catching up from Console DB...
[relay:stress-control-02] 2026-09-14T08:24:04.453Z [rpc] catching up from Console DB...
[relay:stress-control-01] 2026-09-14T08:24:04.454Z [rpc] catching up from Console DB...
[relay:stress-user-05] 2026-09-14T08:24:04.456Z [rpc] catch-up comm: DISABLED (KANET_CATCHUP_COMM!=on) — historical backfill skipped by design, not fixed
[relay:stress-user-05] 2026-09-14T08:24:04.456Z [rpc] catch-up done: 0 handshakes accepted, 0 messages replied, DISABLED historical comms
[relay:stress-control-01] 2026-09-14T08:24:04.457Z [rpc] catch-up comm: DISABLED (KANET_CATCHUP_COMM!=on) — historical backfill skipped by design, not fixed
[relay:stress-control-01] 2026-09-14T08:24:04.457Z [rpc] catch-up done: 0 handshakes accepted, 0 messages replied, DISABLED historical comms
[relay:stress-user-08] 2026-09-14T08:24:04.457Z [rpc] catch-up comm: DISABLED (KANET_CATCHUP_COMM!=on) — historical backfill skipped by design, not fixed
[relay:stress-user-08] 2026-09-14T08:24:04.458Z [rpc] catch-up done: 0 handshakes accepted, 0 messages replied, DISABLED historical comms
[relay:stress-control-02] 2026-09-14T08:24:04.458Z [rpc] catch-up comm: DISABLED (KANET_CATCHUP_COMM!=on) — historical backfill skipped by design, not fixed
[relay:stress-control-02] 2026-09-14T08:24:04.458Z [rpc] catch-up done: 0 handshakes accepted, 0 messages replied, DISABLED historical comms
[relay:J2] 2026-09-14T08:24:04.500Z [rpc] catching up from Console DB...
[relay:Trader-A] 2026-09-14T08:24:04.500Z [rpc] catching up from Console DB...
[relay:KANet-UI] 2026-09-14T08:24:04.501Z [rpc] catching up from Console DB...
[relay:Qclaude] 2026-09-14T08:24:04.501Z [rpc] catching up from Console DB...
[relay:J2] 2026-09-14T08:24:04.503Z [rpc] catch-up comm: DISABLED (KANET_CATCHUP_COMM!=on) — historical backfill skipped by design, not fixed
[relay:J2] 2026-09-14T08:24:04.503Z [rpc] catch-up done: 0 handshakes accepted, 0 messages replied, DISABLED historical comms
[relay:Trader-A] 2026-09-14T08:24:04.504Z [rpc] catch-up comm: DISABLED (KANET_CATCHUP_COMM!=on) — historical backfill skipped by design, not fixed
[relay:Trader-A] 2026-09-14T08:24:04.504Z [rpc] catch-up done: 0 handshakes accepted, 0 messages replied, DISABLED historical comms
[relay:Qclaude] 2026-09-14T08:24:04.504Z [rpc] catch-up comm: DISABLED (KANET_CATCHUP_COMM!=on) — historical backfill skipped by design, not fixed
[relay:Qclaude] 2026-09-14T08:24:04.504Z [rpc] catch-up done: 0 handshakes accepted, 0 messages replied, DISABLED historical comms
[relay:KANet-UI] 2026-09-14T08:24:04.504Z [rpc] catch-up comm: DISABLED (KANET_CATCHUP_COMM!=on) — historical backfill skipped by design, not fixed
[relay:KANet-UI] 2026-09-14T08:24:04.504Z [rpc] catch-up done: 0 handshakes accepted, 0 messages replied, DISABLED historical comms
[relay:Trader-M] 2026-09-14T08:24:04.516Z [rpc] catching up from Console DB...
[relay:Bettor] 2026-09-14T08:24:04.516Z [rpc] catching up from Console DB...
[relay:Bettor] 2026-09-14T08:24:04.518Z [rpc] catch-up comm: DISABLED (KANET_CATCHUP_COMM!=on) — historical backfill skipped by design, not fixed
[relay:Bettor] 2026-09-14T08:24:04.518Z [rpc] catch-up done: 0 handshakes accepted, 0 messages replied, DISABLED historical comms
[relay:Trader-M] 2026-09-14T08:24:04.518Z [rpc] catch-up comm: DISABLED (KANET_CATCHUP_COMM!=on) — historical backfill skipped by design, not fixed
[relay:Trader-M] 2026-09-14T08:24:04.518Z [rpc] catch-up done: 0 handshakes accepted, 0 messages replied, DISABLED historical comms
[diag:tick-duration] relayHealthMonitorTick ms=0 eligible=16 deadCount=0
[diag:tick-duration] relayHotwalletMonitorTick ms=4 checked=16 killed=0
[skills] Mind skill registered: address_profiler → account NWT
[skills] Mind skill registered: bettor → account NWT
[skills] Mind skill registered: btc_halving_countdown → account NWT
[skills] Mind skill registered: chain_sense → account NWT
[skills] Mind skill registered: code_review → account NWT
[skills] Mind skill registered: code_sense → account NWT
[skills] Mind skill registered: cross_chain_verify → account NWT
[skills] Mind skill registered: escrow_awareness → account NWT
[skills] Mind skill registered: flight_tracker → account NWT
[skills] Mind skill registered: hyperliquid_manager → account NWT
[skills] Mind skill registered: market_scanner → account NWT
[skills] Mind skill registered: matcher → account NWT
[skills] Mind skill registered: mcp_bridge → account NWT
[skills] Mind skill registered: mm_otc → account NWT
[skills] Mind skill registered: multi_market → account NWT
[skills] Mind skill registered: news_digest → account NWT
[skills] Mind skill registered: onboard_broker → account NWT
[skills] Mind skill registered: onboard_market → account NWT
[skills] Mind skill registered: onboard_polymarket → account NWT
[skills] Mind skill registered: order_executor → account NWT
[skills] Mind skill registered: prediction_sense → account NWT
[skills] Mind skill registered: price_tracker → account NWT
[skills] Mind skill registered: self_awareness → account NWT
[skills] Mind skill registered: social_outreach → account NWT
[skills] Mind skill registered: stock_tracker → account NWT
[skills] Mind skill registered: system_status → account NWT
[skills] Mind skill registered: test_run → account NWT
[skills] Mind skill registered: kaspa_network_health → account NWT
[skills] Mind skill registered: trade_executor → account NWT
[skills] Mind skill registered: trade_sense → account NWT
[skills] Mind skill registered: web_search → account NWT
[skills] Mind skill registered: whale_tracker → account NWT
[skills] 32 new mind skill row(s) registered
[relay] Auto-setup: mind skills + DB config for "NWT"
[relay:Bettor] 2026-09-14T08:24:10.868Z [rpc] block #27000 (attempted: 7)
[relay:stress-control-01] 2026-09-14T08:24:10.868Z [rpc] block #27000 (attempted: 7)
[relay:stress-user-07] 2026-09-14T08:24:10.868Z [rpc] block #27000 (attempted: 7)
[relay:Trader-M] 2026-09-14T08:24:10.868Z [rpc] block #27000 (attempted: 7)
[relay:stress-control-02] 2026-09-14T08:24:10.868Z [rpc] block #27000 (attempted: 7)
[relay:stress-user-04] 2026-09-14T08:24:10.868Z [rpc] block #27000 (attempted: 7)
[relay:KANet-UI] 2026-09-14T08:24:10.868Z [rpc] block #27000 (attempted: 7)
[relay:Qclaude] 2026-09-14T08:24:10.868Z [rpc] block #27000 (attempted: 7)
[relay:J2] 2026-09-14T08:24:10.868Z [rpc] block #27000 (attempted: 7)
[relay:Trader-A] 2026-09-14T08:24:10.868Z [rpc] block #27000 (attempted: 7)
[relay:stress-user-01] 2026-09-14T08:24:10.868Z [rpc] block #27000 (attempted: 7)
[relay:stress-user-05] 2026-09-14T08:24:10.868Z [rpc] block #27000 (attempted: 7)
[relay:stress-user-06] 2026-09-14T08:24:10.868Z [rpc] block #27000 (attempted: 7)
[relay:stress-user-08] 2026-09-14T08:24:10.868Z [rpc] block #27000 (attempted: 7)
[relay:stress-user-03] 2026-09-14T08:24:10.868Z [rpc] block #27000 (attempted: 7)
[relay:stress-user-02] 2026-09-14T08:24:10.869Z [rpc] block #27000 (attempted: 7)
[diag:heap-sample] at=2026-09-14T08:24:26.607Z heapUsed=46MB heapTotal=55MB rss=137MB external=8MB arrayBuffers=0MB wasmBytes=4.1MB utxoFetchCalls=0
[diag:step] pair.scanAndIngestPairs ms=0 since_rowid=0 max_rowid=0 hits=0 at=2026-09-14T08:24:34.426Z
[relay-health] NWT dead (reason=no relay process (= not started)) — auto-restart attempt #1
[relay-manager] Created local identity for NWT
[relay-manager] Started NWT relay (PID 10860)
[diag:relay-health-per-relay] NWT startRelay ms=11
[relay-health] NWT auto-restarted pid=10860
[relay-health] tick eligible=17 healthy=16 restarted=1 restart_stormed=0 errored=0
[relay-health][diag] TICK TOOK 13ms
[diag:tick-duration] relayHealthMonitorTick ms=13 eligible=17 deadCount=1
[diag:tick-duration] relayHotwalletMonitorTick ms=3 checked=17 killed=0
[relay:NWT] 9/14/2026, 15:24:34 Kasia Relay started (RPC mode — local node subscription).
[relay:NWT] 2026-09-14T08:24:34.784Z [rpc] connecting to ws://127.0.0.1:17110
[relay:NWT] 2026-09-14T08:24:34.804Z [rpc] node is synced
[relay:NWT] 2026-09-14T08:24:34.805Z [rpc] subscribed to new blocks
[relay:NWT] 2026-09-14T08:24:34.805Z [rpc] watching address: kaspa:qzd2ktu49f4cqw...ktl95grm
[relay:NWT] 2026-09-14T08:24:34.805Z [rpc] protocol support: handshake, comm, payment
[relay:NWT] 2026-09-14T08:24:34.821Z [rpc] indexer: watching 17 addresses
[relay:NWT] 2026-09-14T08:24:34.822Z [rpc] listening...
[relay:NWT] 2026-09-14T08:24:34.822Z [rpc] catching up from Console DB...
[relay:NWT] 2026-09-14T08:24:34.824Z [rpc] catch-up comm: DISABLED (KANET_CATCHUP_COMM!=on) — historical backfill skipped by design, not fixed
[relay:NWT] 2026-09-14T08:24:34.824Z [rpc] catch-up done: 0 handshakes accepted, 0 messages replied, DISABLED historical comms
[relay:NWT] 2026-09-14T08:24:34.888Z [rpc] block #1 (attempted: 0)
[relay:NWT] 2026-09-14T08:24:35.086Z [rpc] block #2 (attempted: 0)
[relay:NWT] 2026-09-14T08:24:35.286Z [rpc] block #3 (attempted: 0)
[diag:step] pool.selectMarkets.all ms=0 rows=0 at=2026-09-14T08:25:04.076Z
[diag:tick-duration] poolSettlerTick ms=1
[diag:step] pool.tick.phases ms=1 pre=0 dw=0 select=1 post=0 rows=0 t0=2026-09-14T08:25:04.076Z at=2026-09-14T08:25:04.077Z
[diag:step] mind-manager.priceMonitor ms=162 sync=1 ok=1 at=2026-09-14T08:25:04.311Z
[diag:step] pair.scanAndIngestPairs ms=0 since_rowid=0 max_rowid=0 hits=0 at=2026-09-14T08:25:04.436Z
[relay:stress-user-02] 2026-09-14T08:25:04.436Z [rpc] catching up from Console DB...
[relay:stress-user-06] 2026-09-14T08:25:04.436Z [rpc] catching up from Console DB...
[relay:stress-user-01] 2026-09-14T08:25:04.436Z [rpc] catching up from Console DB...
[relay:stress-user-04] 2026-09-14T08:25:04.436Z [rpc] catching up from Console DB...
[relay:stress-user-07] 2026-09-14T08:25:04.436Z [rpc] catching up from Console DB...
[relay:stress-user-03] 2026-09-14T08:25:04.436Z [rpc] catching up from Console DB...
[relay:stress-user-04] 2026-09-14T08:25:04.440Z [rpc] catch-up comm: DISABLED (KANET_CATCHUP_COMM!=on) — historical backfill skipped by design, not fixed
[relay:stress-user-04] 2026-09-14T08:25:04.440Z [rpc] catch-up done: 0 handshakes accepted, 0 messages replied, DISABLED historical comms
[relay:stress-user-06] 2026-09-14T08:25:04.440Z [rpc] catch-up comm: DISABLED (KANET_CATCHUP_COMM!=on) — historical backfill skipped by design, not fixed
[relay:stress-user-06] 2026-09-14T08:25:04.440Z [rpc] catch-up done: 0 handshakes accepted, 0 messages replied, DISABLED historical comms
[relay:stress-user-07] 2026-09-14T08:25:04.440Z [rpc] catch-up comm: DISABLED (KANET_CATCHUP_COMM!=on) — historical backfill skipped by design, not fixed
[relay:stress-user-07] 2026-09-14T08:25:04.440Z [rpc] catch-up done: 0 handshakes accepted, 0 messages replied, DISABLED historical comms
[relay:stress-user-01] 2026-09-14T08:25:04.440Z [rpc] catch-up comm: DISABLED (KANET_CATCHUP_COMM!=on) — historical backfill skipped by design, not fixed
[relay:stress-user-01] 2026-09-14T08:25:04.440Z [rpc] catch-up done: 0 handshakes accepted, 0 messages replied, DISABLED historical comms
[relay:stress-user-02] 2026-09-14T08:25:04.441Z [rpc] catch-up comm: DISABLED (KANET_CATCHUP_COMM!=on) — historical backfill skipped by design, not fixed
[relay:stress-user-02] 2026-09-14T08:25:04.441Z [rpc] catch-up done: 0 handshakes accepted, 0 messages replied, DISABLED historical comms
[relay:stress-user-03] 2026-09-14T08:25:04.440Z [rpc] catch-up comm: DISABLED (KANET_CATCHUP_COMM!=on) — historical backfill skipped by design, not fixed
[relay:stress-user-03] 2026-09-14T08:25:04.440Z [rpc] catch-up done: 0 handshakes accepted, 0 messages replied, DISABLED historical comms
[relay:stress-user-05] 2026-09-14T08:25:04.468Z [rpc] catching up from Console DB...
[relay:stress-user-08] 2026-09-14T08:25:04.468Z [rpc] catching up from Console DB...
[relay:stress-control-01] 2026-09-14T08:25:04.468Z [rpc] catching up from Console DB...
[relay:stress-control-02] 2026-09-14T08:25:04.468Z [rpc] catching up from Console DB...
[relay:stress-user-05] 2026-09-14T08:25:04.471Z [rpc] catch-up comm: DISABLED (KANET_CATCHUP_COMM!=on) — historical backfill skipped by design, not fixed
[relay:stress-user-05] 2026-09-14T08:25:04.471Z [rpc] catch-up done: 0 handshakes accepted, 0 messages replied, DISABLED historical comms
[relay:stress-user-08] 2026-09-14T08:25:04.471Z [rpc] catch-up comm: DISABLED (KANET_CATCHUP_COMM!=on) — historical backfill skipped by design, not fixed
[relay:stress-user-08] 2026-09-14T08:25:04.471Z [rpc] catch-up done: 0 handshakes accepted, 0 messages replied, DISABLED historical comms
[relay:stress-control-02] 2026-09-14T08:25:04.471Z [rpc] catch-up comm: DISABLED (KANET_CATCHUP_COMM!=on) — historical backfill skipped by design, not fixed
[relay:stress-control-02] 2026-09-14T08:25:04.471Z [rpc] catch-up done: 0 handshakes accepted, 0 messages replied, DISABLED historical comms
[relay:stress-control-01] 2026-09-14T08:25:04.471Z [rpc] catch-up comm: DISABLED (KANET_CATCHUP_COMM!=on) — historical backfill skipped by design, not fixed
[relay:stress-control-01] 2026-09-14T08:25:04.471Z [rpc] catch-up done: 0 handshakes accepted, 0 messages replied, DISABLED historical comms
[relay:J2] 2026-09-14T08:25:04.514Z [rpc] catching up from Console DB...
[relay:KANet-UI] 2026-09-14T08:25:04.515Z [rpc] catching up from Console DB...
[relay:Trader-A] 2026-09-14T08:25:04.515Z [rpc] catching up from Console DB...
[relay:Qclaude] 2026-09-14T08:25:04.515Z [rpc] catching up from Console DB...
[relay:Bettor] 2026-09-14T08:25:04.515Z [rpc] catching up from Console DB...
[relay:Trader-M] 2026-09-14T08:25:04.516Z [rpc] catching up from Console DB...
[relay:J2] 2026-09-14T08:25:04.519Z [rpc] catch-up comm: DISABLED (KANET_CATCHUP_COMM!=on) — historical backfill skipped by design, not fixed
[relay:J2] 2026-09-14T08:25:04.519Z [rpc] catch-up done: 0 handshakes accepted, 0 messages replied, DISABLED historical comms
[relay:KANet-UI] 2026-09-14T08:25:04.519Z [rpc] catch-up comm: DISABLED (KANET_CATCHUP_COMM!=on) — historical backfill skipped by design, not fixed
[relay:KANet-UI] 2026-09-14T08:25:04.519Z [rpc] catch-up done: 0 handshakes accepted, 0 messages replied, DISABLED historical comms
[relay:Trader-A] 2026-09-14T08:25:04.519Z [rpc] catch-up comm: DISABLED (KANET_CATCHUP_COMM!=on) — historical backfill skipped by design, not fixed
[relay:Trader-A] 2026-09-14T08:25:04.519Z [rpc] catch-up done: 0 handshakes accepted, 0 messages replied, DISABLED historical comms
[relay:Qclaude] 2026-09-14T08:25:04.520Z [rpc] catch-up comm: DISABLED (KANET_CATCHUP_COMM!=on) — historical backfill skipped by design, not fixed
[relay:Qclaude] 2026-09-14T08:25:04.520Z [rpc] catch-up done: 0 handshakes accepted, 0 messages replied, DISABLED historical comms
[relay:Bettor] 2026-09-14T08:25:04.520Z [rpc] catch-up comm: DISABLED (KANET_CATCHUP_COMM!=on) — historical backfill skipped by design, not fixed
[relay:Bettor] 2026-09-14T08:25:04.520Z [rpc] catch-up done: 0 handshakes accepted, 0 messages replied, DISABLED historical comms
[relay:Trader-M] 2026-09-14T08:25:04.521Z [rpc] catch-up comm: DISABLED (KANET_CATCHUP_COMM!=on) — historical backfill skipped by design, not fixed
[relay:Trader-M] 2026-09-14T08:25:04.521Z [rpc] catch-up done: 0 handshakes accepted, 0 messages replied, DISABLED historical comms
[diag:tick-duration] relayHealthMonitorTick ms=1 eligible=17 deadCount=0
[diag:tick-duration] relayHotwalletMonitorTick ms=3 checked=17 killed=0
[diag:heap-sample] at=2026-09-14T08:25:27.189Z heapUsed=46MB heapTotal=55MB rss=137MB external=8MB arrayBuffers=0MB wasmBytes=4.1MB utxoFetchCalls=0
[diag:step] pair.scanAndIngestPairs ms=0 since_rowid=0 max_rowid=0 hits=0 at=2026-09-14T08:25:34.448Z
[diag:tick-duration] relayHealthMonitorTick ms=0 eligible=17 deadCount=0
[rpc-health] using local node: ws://127.0.0.1:17110
[diag:tick-duration] relayHotwalletMonitorTick ms=5 checked=17 killed=0
[relay:NWT] 2026-09-14T08:25:34.829Z [rpc] catching up from Console DB...
[relay:NWT] 2026-09-14T08:25:34.833Z [rpc] catch-up comm: DISABLED (KANET_CATCHUP_COMM!=on) — historical backfill skipped by design, not fixed
[relay:NWT] 2026-09-14T08:25:34.833Z [rpc] catch-up done: 0 handshakes accepted, 0 messages replied, DISABLED historical comms
[relay:stress-user-03] 2026-09-14T08:25:45.018Z [rpc] block #28000 (attempted: 7)
[relay:stress-user-06] 2026-09-14T08:25:45.018Z [rpc] block #28000 (attempted: 7)
[relay:Trader-A] 2026-09-14T08:25:45.018Z [rpc] block #28000 (attempted: 7)
[relay:Bettor] 2026-09-14T08:25:45.018Z [rpc] block #28000 (attempted: 7)
[relay:Trader-M] 2026-09-14T08:25:45.019Z [rpc] block #28000 (attempted: 7)
[relay:stress-user-07] 2026-09-14T08:25:45.018Z [rpc] block #28000 (attempted: 7)
[relay:stress-user-02] 2026-09-14T08:25:45.019Z [rpc] block #28000 (attempted: 7)
[relay:KANet-UI] 2026-09-14T08:25:45.018Z [rpc] block #28000 (attempted: 7)
[relay:stress-user-08] 2026-09-14T08:25:45.018Z [rpc] block #28000 (attempted: 7)
[relay:stress-control-01] 2026-09-14T08:25:45.018Z [rpc] block #28000 (attempted: 7)
[relay:stress-user-04] 2026-09-14T08:25:45.019Z [rpc] block #28000 (attempted: 7)
[relay:stress-user-05] 2026-09-14T08:25:45.019Z [rpc] block #28000 (attempted: 7)
[relay:stress-user-01] 2026-09-14T08:25:45.019Z [rpc] block #28000 (attempted: 7)
[relay:J2] 2026-09-14T08:25:45.019Z [rpc] block #28000 (attempted: 7)
[relay:stress-control-02] 2026-09-14T08:25:45.019Z [rpc] block #28000 (attempted: 7)
[relay:Qclaude] 2026-09-14T08:25:45.019Z [rpc] block #28000 (attempted: 7)
