[proto-driver] started (tick 20000ms, cap 5/tick)
[proto-settlement-driver] started (tick 20000ms, cap 3/tick, network=simnet)
[proto-oracle-adapter] started (tick 30000ms, network=simnet, uma_window_ms=172800000)
[relay:proto-e2e-oracle] 9/20/2026, 23:53:46 COVENANT_BROADCAST genesis:376ede4b25f62141671098ffae70a7abf70e0029e8c4bd77a68651df4d3f1d5d prepared txid fb0dc0bb5158 (bytes persisted at console) → broadcasting
[relay:proto-e2e-oracle] 9/20/2026, 23:53:46 COVENANT_BROADCAST(intent genesis:376ede4b25f62141671098ffae70a7abf70e0029e8c4bd77a68651df4d3f1d5d) TX: fb0dc0bb51589027f6669486e1a7543bbaccacc2857d5a2db68a6b9c38db275a
[proto-driver] tick 10: {"actioned":2,"genesisAdvanced":1,"genesisLandedChecked":1,"genesisLanded":0,"betAppendAdvanced":0,"betAppendLandedChecked":0,"betAppendLanded":0,"errored":0,"held":0}
[proto-driver] tick 11: {"actioned":1,"genesisAdvanced":0,"genesisLandedChecked":1,"genesisLanded":1,"betAppendAdvanced":0,"betAppendLandedChecked":0,"betAppendLanded":0,"errored":0,"held":0}
[relay:proto-e2e-oracle] 9/20/2026, 23:54:34 COVENANT_BROADCAST proto-bet:d0869b89-a7fd-43a4-97e2-26b2d649ab9d:append prepared txid 29c94c46d18d (bytes persisted at console) → broadcasting
[relay:proto-e2e-oracle] 9/20/2026, 23:54:34 COVENANT_BROADCAST(intent proto-bet:d0869b89-a7fd-43a4-97e2-26b2d649ab9d:append) TX: 29c94c46d18d7bbcc32fca4ccdfc4a5aa4627bf62190d6a3841faa001cbe2d39
[proto-driver] tick 13: {"actioned":1,"genesisAdvanced":0,"genesisLandedChecked":0,"genesisLanded":0,"betAppendAdvanced":0,"betAppendLandedChecked":1,"betAppendLanded":1,"errored":0,"held":0}
[relay:proto-e2e-oracle] 9/20/2026, 23:55:22 COVENANT_BROADCAST proto-bet:d25a2c04-a2a6-493f-a8c8-c7bc2e5c6e47:append prepared txid fd78958fa491 (bytes persisted at console) → broadcasting
[relay:proto-e2e-oracle] 9/20/2026, 23:55:22 COVENANT_BROADCAST(intent proto-bet:d25a2c04-a2a6-493f-a8c8-c7bc2e5c6e47:append) TX: fd78958fa4911f8b14dafabaf4870707a04d97e6ab4c1440a15a3fa2e1bab3fc
[proto-driver] tick 15: {"actioned":1,"genesisAdvanced":0,"genesisLandedChecked":0,"genesisLanded":0,"betAppendAdvanced":0,"betAppendLandedChecked":1,"betAppendLanded":0,"errored":0,"held":0}
[proto-driver] tick 16: {"actioned":1,"genesisAdvanced":0,"genesisLandedChecked":0,"genesisLanded":0,"betAppendAdvanced":0,"betAppendLandedChecked":1,"betAppendLanded":1,"errored":0,"held":0}
[relay:proto-e2e-oracle] 9/20/2026, 23:56:06 COVENANT_BROADCAST settle:market:376ede4b25f62141671098ffae70a7abf70e0029e8c4bd77a68651df4d3f1d5d:seal prepared txid 7016d236c2d2 (bytes persisted at console) → broadcasting
[relay:proto-e2e-oracle] 9/20/2026, 23:56:06 COVENANT_BROADCAST(intent settle:market:376ede4b25f62141671098ffae70a7abf70e0029e8c4bd77a68651df4d3f1d5d:seal) TX: 7016d236c2d2867af7cb25eac1f4c87989e17c622c1e75bbbdf586c63c0ec097
[proto-settlement-driver] tick 17: {"actioned":1,"landed":0,"submitted":1,"waiting":0,"gated":0,"held":0,"failed":0}
[proto-settlement-driver] tick 18: {"actioned":2,"landed":1,"submitted":0,"waiting":0,"gated":0,"held":0,"failed":0}
[relay:proto-e2e-oracle] 9/21/2026, 00:06:26 COVENANT_BROADCAST genesis:41bbd2319aa2738e9b7eaf7fd7bf059556b212544b15d0427f5fbdf57bf73ac9 REJECTED (net loss exceeds ceiling): net_loss 39208800 exceeds fee ceiling 34899200 (= min(required_fee×2=34899200, absFeeCapSompi=100000000, GLOBAL_ABS_FEE_CAP_SOMPI=100000000); signed_input_total=39208800, returned_to_relay=0)
[relay:proto-e2e-oracle] 9/21/2026, 00:06:26 COVENANT_BROADCAST(intent genesis:41bbd2319aa2738e9b7eaf7fd7bf059556b212544b15d0427f5fbdf57bf73ac9) FAIL: net_loss_exceeded net_loss 39208800 exceeds fee ceiling 34899200 (= min(required_fee×2=34899200, absFeeCapSompi=100000000, GLOBAL_ABS_FEE_CAP_SOMPI=100000000); signed_input_total=39208800, returned_to_relay=0)
[proto-market-intent] genesis:41bbd2319aa2738e9b7eaf7fd7bf059556b212544b15d0427f5fbdf57bf73ac9 attempt 1/1 fail: net_loss 39208800 exceeds fee ceiling 34899200 (= min(required_fee×2=34899200, absFeeCapSompi=100000000, GLOBAL_ABS_FEE_CAP_SOMPI=100000000); signed_input_total=39208800, returned_to_relay=0)
[proto-driver] genesis 41bbd2319aa2738e9b7eaf7fd7bf059556b212544b15d0427f5fbdf57bf73ac9 advance: market genesis 41bbd2319aa2738e9b7eaf7fd7bf059556b212544b15d0427f5fbdf57bf73ac9 exhausted 1 attempts: net_loss 39208800 exceeds fee ceiling 34899200 (= min(required_fee×2=34899200, absFeeCapSompi=100000000, GLOBAL_ABS_FEE_CAP_SOMPI=100000000); signed_input_total=39208800, returned_to_relay=0)
[proto-driver] tick 48: {"actioned":1,"genesisAdvanced":0,"genesisLandedChecked":0,"genesisLanded":0,"betAppendAdvanced":0,"betAppendLandedChecked":0,"betAppendLanded":0,"errored":1,"held":0}
[relay:proto-e2e-oracle] 9/21/2026, 00:06:46 COVENANT_BROADCAST genesis:41bbd2319aa2738e9b7eaf7fd7bf059556b212544b15d0427f5fbdf57bf73ac9 REJECTED (net loss exceeds ceiling): net_loss 39208800 exceeds fee ceiling 34899200 (= min(required_fee×2=34899200, absFeeCapSompi=100000000, GLOBAL_ABS_FEE_CAP_SOMPI=100000000); signed_input_total=39208800, returned_to_relay=0)
[proto-market-intent] genesis:41bbd2319aa2738e9b7eaf7fd7bf059556b212544b15d0427f5fbdf57bf73ac9 attempt 1/1 fail: net_loss 39208800 exceeds fee ceiling 34899200 (= min(required_fee×2=34899200, absFeeCapSompi=100000000, GLOBAL_ABS_FEE_CAP_SOMPI=100000000); signed_input_total=39208800, returned_to_relay=0)
[proto-driver] genesis 41bbd2319aa2738e9b7eaf7fd7bf059556b212544b15d0427f5fbdf57bf73ac9 advance: market genesis 41bbd2319aa2738e9b7eaf7fd7bf059556b212544b15d0427f5fbdf57bf73ac9 exhausted 1 attempts: net_loss 39208800 exceeds fee ceiling 34899200 (= min(required_fee×2=34899200, absFeeCapSompi=100000000, GLOBAL_ABS_FEE_CAP_SOMPI=100000000); signed_input_total=39208800, returned_to_relay=0)
[proto-driver] tick 49: {"actioned":1,"genesisAdvanced":0,"genesisLandedChecked":0,"genesisLanded":0,"betAppendAdvanced":0,"betAppendLandedChecked":0,"betAppendLanded":0,"errored":1,"held":0}
[relay:proto-e2e-oracle] 9/21/2026, 00:06:46 COVENANT_BROADCAST(intent genesis:41bbd2319aa2738e9b7eaf7fd7bf059556b212544b15d0427f5fbdf57bf73ac9) FAIL: net_loss_exceeded net_loss 39208800 exceeds fee ceiling 34899200 (= min(required_fee×2=34899200, absFeeCapSompi=100000000, GLOBAL_ABS_FEE_CAP_SOMPI=100000000); signed_input_total=39208800, returned_to_relay=0)
[relay:proto-e2e-oracle] 9/21/2026, 00:07:06 COVENANT_BROADCAST genesis:41bbd2319aa2738e9b7eaf7fd7bf059556b212544b15d0427f5fbdf57bf73ac9 REJECTED (net loss exceeds ceiling): net_loss 39208800 exceeds fee ceiling 34899200 (= min(required_fee×2=34899200, absFeeCapSompi=100000000, GLOBAL_ABS_FEE_CAP_SOMPI=100000000); signed_input_total=39208800, returned_to_relay=0)
[proto-market-intent] genesis:41bbd2319aa2738e9b7eaf7fd7bf059556b212544b15d0427f5fbdf57bf73ac9 attempt 1/1 fail: net_loss 39208800 exceeds fee ceiling 34899200 (= min(required_fee×2=34899200, absFeeCapSompi=100000000, GLOBAL_ABS_FEE_CAP_SOMPI=100000000); signed_input_total=39208800, returned_to_relay=0)
[proto-driver] genesis 41bbd2319aa2738e9b7eaf7fd7bf059556b212544b15d0427f5fbdf57bf73ac9 advance: market genesis 41bbd2319aa2738e9b7eaf7fd7bf059556b212544b15d0427f5fbdf57bf73ac9 exhausted 1 attempts: net_loss 39208800 exceeds fee ceiling 34899200 (= min(required_fee×2=34899200, absFeeCapSompi=100000000, GLOBAL_ABS_FEE_CAP_SOMPI=100000000); signed_input_total=39208800, returned_to_relay=0)
[proto-driver] tick 50: {"actioned":1,"genesisAdvanced":0,"genesisLandedChecked":0,"genesisLanded":0,"betAppendAdvanced":0,"betAppendLandedChecked":0,"betAppendLanded":0,"errored":1,"held":0}
[relay:proto-e2e-oracle] 9/21/2026, 00:07:06 COVENANT_BROADCAST(intent genesis:41bbd2319aa2738e9b7eaf7fd7bf059556b212544b15d0427f5fbdf57bf73ac9) FAIL: net_loss_exceeded net_loss 39208800 exceeds fee ceiling 34899200 (= min(required_fee×2=34899200, absFeeCapSompi=100000000, GLOBAL_ABS_FEE_CAP_SOMPI=100000000); signed_input_total=39208800, returned_to_relay=0)
[relay:proto-e2e-oracle] 9/21/2026, 00:07:26 COVENANT_BROADCAST genesis:41bbd2319aa2738e9b7eaf7fd7bf059556b212544b15d0427f5fbdf57bf73ac9 REJECTED (net loss exceeds ceiling): net_loss 39208800 exceeds fee ceiling 34899200 (= min(required_fee×2=34899200, absFeeCapSompi=100000000, GLOBAL_ABS_FEE_CAP_SOMPI=100000000); signed_input_total=39208800, returned_to_relay=0)
[relay:proto-e2e-oracle] 9/21/2026, 00:07:26 COVENANT_BROADCAST(intent genesis:41bbd2319aa2738e9b7eaf7fd7bf059556b212544b15d0427f5fbdf57bf73ac9) FAIL: net_loss_exceeded net_loss 39208800 exceeds fee ceiling 34899200 (= min(required_fee×2=34899200, absFeeCapSompi=100000000, GLOBAL_ABS_FEE_CAP_SOMPI=100000000); signed_input_total=39208800, returned_to_relay=0)
[proto-market-intent] genesis:41bbd2319aa2738e9b7eaf7fd7bf059556b212544b15d0427f5fbdf57bf73ac9 attempt 1/1 fail: net_loss 39208800 exceeds fee ceiling 34899200 (= min(required_fee×2=34899200, absFeeCapSompi=100000000, GLOBAL_ABS_FEE_CAP_SOMPI=100000000); signed_input_total=39208800, returned_to_relay=0)
[proto-driver] genesis 41bbd2319aa2738e9b7eaf7fd7bf059556b212544b15d0427f5fbdf57bf73ac9 advance: market genesis 41bbd2319aa2738e9b7eaf7fd7bf059556b212544b15d0427f5fbdf57bf73ac9 exhausted 1 attempts: net_loss 39208800 exceeds fee ceiling 34899200 (= min(required_fee×2=34899200, absFeeCapSompi=100000000, GLOBAL_ABS_FEE_CAP_SOMPI=100000000); signed_input_total=39208800, returned_to_relay=0)
[proto-driver] tick 51: {"actioned":1,"genesisAdvanced":0,"genesisLandedChecked":0,"genesisLanded":0,"betAppendAdvanced":0,"betAppendLandedChecked":0,"betAppendLanded":0,"errored":1,"held":0}
[relay:proto-e2e-oracle] 9/21/2026, 00:07:46 COVENANT_BROADCAST genesis:41bbd2319aa2738e9b7eaf7fd7bf059556b212544b15d0427f5fbdf57bf73ac9 REJECTED (net loss exceeds ceiling): net_loss 39208800 exceeds fee ceiling 34899200 (= min(required_fee×2=34899200, absFeeCapSompi=100000000, GLOBAL_ABS_FEE_CAP_SOMPI=100000000); signed_input_total=39208800, returned_to_relay=0)
[proto-market-intent] genesis:41bbd2319aa2738e9b7eaf7fd7bf059556b212544b15d0427f5fbdf57bf73ac9 attempt 1/1 fail: net_loss 39208800 exceeds fee ceiling 34899200 (= min(required_fee×2=34899200, absFeeCapSompi=100000000, GLOBAL_ABS_FEE_CAP_SOMPI=100000000); signed_input_total=39208800, returned_to_relay=0)
[proto-driver] genesis 41bbd2319aa2738e9b7eaf7fd7bf059556b212544b15d0427f5fbdf57bf73ac9 advance: market genesis 41bbd2319aa2738e9b7eaf7fd7bf059556b212544b15d0427f5fbdf57bf73ac9 exhausted 1 attempts: net_loss 39208800 exceeds fee ceiling 34899200 (= min(required_fee×2=34899200, absFeeCapSompi=100000000, GLOBAL_ABS_FEE_CAP_SOMPI=100000000); signed_input_total=39208800, returned_to_relay=0)
[proto-driver] tick 52: {"actioned":1,"genesisAdvanced":0,"genesisLandedChecked":0,"genesisLanded":0,"betAppendAdvanced":0,"betAppendLandedChecked":0,"betAppendLanded":0,"errored":1,"held":0}
[relay:proto-e2e-oracle] 9/21/2026, 00:07:46 COVENANT_BROADCAST(intent genesis:41bbd2319aa2738e9b7eaf7fd7bf059556b212544b15d0427f5fbdf57bf73ac9) FAIL: net_loss_exceeded net_loss 39208800 exceeds fee ceiling 34899200 (= min(required_fee×2=34899200, absFeeCapSompi=100000000, GLOBAL_ABS_FEE_CAP_SOMPI=100000000); signed_input_total=39208800, returned_to_relay=0)
[relay:proto-e2e-oracle] 9/21/2026, 00:08:06 COVENANT_BROADCAST genesis:41bbd2319aa2738e9b7eaf7fd7bf059556b212544b15d0427f5fbdf57bf73ac9 REJECTED (net loss exceeds ceiling): net_loss 39208800 exceeds fee ceiling 34899200 (= min(required_fee×2=34899200, absFeeCapSompi=100000000, GLOBAL_ABS_FEE_CAP_SOMPI=100000000); signed_input_total=39208800, returned_to_relay=0)
[relay:proto-e2e-oracle] 9/21/2026, 00:08:06 COVENANT_BROADCAST(intent genesis:41bbd2319aa2738e9b7eaf7fd7bf059556b212544b15d0427f5fbdf57bf73ac9) FAIL: net_loss_exceeded net_loss 39208800 exceeds fee ceiling 34899200 (= min(required_fee×2=34899200, absFeeCapSompi=100000000, GLOBAL_ABS_FEE_CAP_SOMPI=100000000); signed_input_total=39208800, returned_to_relay=0)
[proto-market-intent] genesis:41bbd2319aa2738e9b7eaf7fd7bf059556b212544b15d0427f5fbdf57bf73ac9 attempt 1/1 fail: net_loss 39208800 exceeds fee ceiling 34899200 (= min(required_fee×2=34899200, absFeeCapSompi=100000000, GLOBAL_ABS_FEE_CAP_SOMPI=100000000); signed_input_total=39208800, returned_to_relay=0)
[proto-driver] genesis 41bbd2319aa2738e9b7eaf7fd7bf059556b212544b15d0427f5fbdf57bf73ac9 advance: market genesis 41bbd2319aa2738e9b7eaf7fd7bf059556b212544b15d0427f5fbdf57bf73ac9 exhausted 1 attempts: net_loss 39208800 exceeds fee ceiling 34899200 (= min(required_fee×2=34899200, absFeeCapSompi=100000000, GLOBAL_ABS_FEE_CAP_SOMPI=100000000); signed_input_total=39208800, returned_to_relay=0)
[proto-driver] tick 53: {"actioned":1,"genesisAdvanced":0,"genesisLandedChecked":0,"genesisLanded":0,"betAppendAdvanced":0,"betAppendLandedChecked":0,"betAppendLanded":0,"errored":1,"held":0}
[relay:proto-e2e-oracle] 9/21/2026, 00:08:26 COVENANT_BROADCAST genesis:41bbd2319aa2738e9b7eaf7fd7bf059556b212544b15d0427f5fbdf57bf73ac9 REJECTED (net loss exceeds ceiling): net_loss 39208800 exceeds fee ceiling 34899200 (= min(required_fee×2=34899200, absFeeCapSompi=100000000, GLOBAL_ABS_FEE_CAP_SOMPI=100000000); signed_input_total=39208800, returned_to_relay=0)
[relay:proto-e2e-oracle] 9/21/2026, 00:08:26 COVENANT_BROADCAST(intent genesis:41bbd2319aa2738e9b7eaf7fd7bf059556b212544b15d0427f5fbdf57bf73ac9) FAIL: net_loss_exceeded net_loss 39208800 exceeds fee ceiling 34899200 (= min(required_fee×2=34899200, absFeeCapSompi=100000000, GLOBAL_ABS_FEE_CAP_SOMPI=100000000); signed_input_total=39208800, returned_to_relay=0)
[proto-market-intent] genesis:41bbd2319aa2738e9b7eaf7fd7bf059556b212544b15d0427f5fbdf57bf73ac9 attempt 1/1 fail: net_loss 39208800 exceeds fee ceiling 34899200 (= min(required_fee×2=34899200, absFeeCapSompi=100000000, GLOBAL_ABS_FEE_CAP_SOMPI=100000000); signed_input_total=39208800, returned_to_relay=0)
[proto-driver] genesis 41bbd2319aa2738e9b7eaf7fd7bf059556b212544b15d0427f5fbdf57bf73ac9 advance: market genesis 41bbd2319aa2738e9b7eaf7fd7bf059556b212544b15d0427f5fbdf57bf73ac9 exhausted 1 attempts: net_loss 39208800 exceeds fee ceiling 34899200 (= min(required_fee×2=34899200, absFeeCapSompi=100000000, GLOBAL_ABS_FEE_CAP_SOMPI=100000000); signed_input_total=39208800, returned_to_relay=0)
[proto-driver] tick 54: {"actioned":1,"genesisAdvanced":0,"genesisLandedChecked":0,"genesisLanded":0,"betAppendAdvanced":0,"betAppendLandedChecked":0,"betAppendLanded":0,"errored":1,"held":0}
[relay:proto-e2e-oracle] 9/21/2026, 00:08:46 COVENANT_BROADCAST genesis:41bbd2319aa2738e9b7eaf7fd7bf059556b212544b15d0427f5fbdf57bf73ac9 REJECTED (net loss exceeds ceiling): net_loss 39208800 exceeds fee ceiling 34899200 (= min(required_fee×2=34899200, absFeeCapSompi=100000000, GLOBAL_ABS_FEE_CAP_SOMPI=100000000); signed_input_total=39208800, returned_to_relay=0)
[relay:proto-e2e-oracle] 9/21/2026, 00:08:46 COVENANT_BROADCAST(intent genesis:41bbd2319aa2738e9b7eaf7fd7bf059556b212544b15d0427f5fbdf57bf73ac9) FAIL: net_loss_exceeded net_loss 39208800 exceeds fee ceiling 34899200 (= min(required_fee×2=34899200, absFeeCapSompi=100000000, GLOBAL_ABS_FEE_CAP_SOMPI=100000000); signed_input_total=39208800, returned_to_relay=0)
[proto-market-intent] genesis:41bbd2319aa2738e9b7eaf7fd7bf059556b212544b15d0427f5fbdf57bf73ac9 attempt 1/1 fail: net_loss 39208800 exceeds fee ceiling 34899200 (= min(required_fee×2=34899200, absFeeCapSompi=100000000, GLOBAL_ABS_FEE_CAP_SOMPI=100000000); signed_input_total=39208800, returned_to_relay=0)
[proto-driver] genesis 41bbd2319aa2738e9b7eaf7fd7bf059556b212544b15d0427f5fbdf57bf73ac9 advance: market genesis 41bbd2319aa2738e9b7eaf7fd7bf059556b212544b15d0427f5fbdf57bf73ac9 exhausted 1 attempts: net_loss 39208800 exceeds fee ceiling 34899200 (= min(required_fee×2=34899200, absFeeCapSompi=100000000, GLOBAL_ABS_FEE_CAP_SOMPI=100000000); signed_input_total=39208800, returned_to_relay=0)
[proto-driver] tick 55: {"actioned":1,"genesisAdvanced":0,"genesisLandedChecked":0,"genesisLanded":0,"betAppendAdvanced":0,"betAppendLandedChecked":0,"betAppendLanded":0,"errored":1,"held":0}
[relay:proto-e2e-oracle] 9/21/2026, 00:09:06 COVENANT_BROADCAST genesis:41bbd2319aa2738e9b7eaf7fd7bf059556b212544b15d0427f5fbdf57bf73ac9 REJECTED (net loss exceeds ceiling): net_loss 39208800 exceeds fee ceiling 34899200 (= min(required_fee×2=34899200, absFeeCapSompi=100000000, GLOBAL_ABS_FEE_CAP_SOMPI=100000000); signed_input_total=39208800, returned_to_relay=0)
[relay:proto-e2e-oracle] 9/21/2026, 00:09:06 COVENANT_BROADCAST(intent genesis:41bbd2319aa2738e9b7eaf7fd7bf059556b212544b15d0427f5fbdf57bf73ac9) FAIL: net_loss_exceeded net_loss 39208800 exceeds fee ceiling 34899200 (= min(required_fee×2=34899200, absFeeCapSompi=100000000, GLOBAL_ABS_FEE_CAP_SOMPI=100000000); signed_input_total=39208800, returned_to_relay=0)
[proto-market-intent] genesis:41bbd2319aa2738e9b7eaf7fd7bf059556b212544b15d0427f5fbdf57bf73ac9 attempt 1/1 fail: net_loss 39208800 exceeds fee ceiling 34899200 (= min(required_fee×2=34899200, absFeeCapSompi=100000000, GLOBAL_ABS_FEE_CAP_SOMPI=100000000); signed_input_total=39208800, returned_to_relay=0)
[proto-driver] genesis 41bbd2319aa2738e9b7eaf7fd7bf059556b212544b15d0427f5fbdf57bf73ac9 advance: market genesis 41bbd2319aa2738e9b7eaf7fd7bf059556b212544b15d0427f5fbdf57bf73ac9 exhausted 1 attempts: net_loss 39208800 exceeds fee ceiling 34899200 (= min(required_fee×2=34899200, absFeeCapSompi=100000000, GLOBAL_ABS_FEE_CAP_SOMPI=100000000); signed_input_total=39208800, returned_to_relay=0)
[proto-driver] tick 56: {"actioned":1,"genesisAdvanced":0,"genesisLandedChecked":0,"genesisLanded":0,"betAppendAdvanced":0,"betAppendLandedChecked":0,"betAppendLanded":0,"errored":1,"held":0}
[relay:proto-e2e-oracle] 9/21/2026, 00:09:26 COVENANT_BROADCAST genesis:41bbd2319aa2738e9b7eaf7fd7bf059556b212544b15d0427f5fbdf57bf73ac9 REJECTED (net loss exceeds ceiling): net_loss 39208800 exceeds fee ceiling 34899200 (= min(required_fee×2=34899200, absFeeCapSompi=100000000, GLOBAL_ABS_FEE_CAP_SOMPI=100000000); signed_input_total=39208800, returned_to_relay=0)
[relay:proto-e2e-oracle] 9/21/2026, 00:09:26 COVENANT_BROADCAST(intent genesis:41bbd2319aa2738e9b7eaf7fd7bf059556b212544b15d0427f5fbdf57bf73ac9) FAIL: net_loss_exceeded net_loss 39208800 exceeds fee ceiling 34899200 (= min(required_fee×2=34899200, absFeeCapSompi=100000000, GLOBAL_ABS_FEE_CAP_SOMPI=100000000); signed_input_total=39208800, returned_to_relay=0)
[proto-market-intent] genesis:41bbd2319aa2738e9b7eaf7fd7bf059556b212544b15d0427f5fbdf57bf73ac9 attempt 1/1 fail: net_loss 39208800 exceeds fee ceiling 34899200 (= min(required_fee×2=34899200, absFeeCapSompi=100000000, GLOBAL_ABS_FEE_CAP_SOMPI=100000000); signed_input_total=39208800, returned_to_relay=0)
[proto-driver] genesis 41bbd2319aa2738e9b7eaf7fd7bf059556b212544b15d0427f5fbdf57bf73ac9 advance: market genesis 41bbd2319aa2738e9b7eaf7fd7bf059556b212544b15d0427f5fbdf57bf73ac9 exhausted 1 attempts: net_loss 39208800 exceeds fee ceiling 34899200 (= min(required_fee×2=34899200, absFeeCapSompi=100000000, GLOBAL_ABS_FEE_CAP_SOMPI=100000000); signed_input_total=39208800, returned_to_relay=0)
[proto-driver] tick 57: {"actioned":1,"genesisAdvanced":0,"genesisLandedChecked":0,"genesisLanded":0,"betAppendAdvanced":0,"betAppendLandedChecked":0,"betAppendLanded":0,"errored":1,"held":0}
[relay:proto-e2e-oracle] 9/21/2026, 00:09:46 COVENANT_BROADCAST genesis:41bbd2319aa2738e9b7eaf7fd7bf059556b212544b15d0427f5fbdf57bf73ac9 REJECTED (net loss exceeds ceiling): net_loss 39208800 exceeds fee ceiling 34899200 (= min(required_fee×2=34899200, absFeeCapSompi=100000000, GLOBAL_ABS_FEE_CAP_SOMPI=100000000); signed_input_total=39208800, returned_to_relay=0)
[relay:proto-e2e-oracle] 9/21/2026, 00:09:46 COVENANT_BROADCAST(intent genesis:41bbd2319aa2738e9b7eaf7fd7bf059556b212544b15d0427f5fbdf57bf73ac9) FAIL: net_loss_exceeded net_loss 39208800 exceeds fee ceiling 34899200 (= min(required_fee×2=34899200, absFeeCapSompi=100000000, GLOBAL_ABS_FEE_CAP_SOMPI=100000000); signed_input_total=39208800, returned_to_relay=0)
[proto-market-intent] genesis:41bbd2319aa2738e9b7eaf7fd7bf059556b212544b15d0427f5fbdf57bf73ac9 attempt 1/1 fail: net_loss 39208800 exceeds fee ceiling 34899200 (= min(required_fee×2=34899200, absFeeCapSompi=100000000, GLOBAL_ABS_FEE_CAP_SOMPI=100000000); signed_input_total=39208800, returned_to_relay=0)
[proto-driver] genesis 41bbd2319aa2738e9b7eaf7fd7bf059556b212544b15d0427f5fbdf57bf73ac9 advance: market genesis 41bbd2319aa2738e9b7eaf7fd7bf059556b212544b15d0427f5fbdf57bf73ac9 exhausted 1 attempts: net_loss 39208800 exceeds fee ceiling 34899200 (= min(required_fee×2=34899200, absFeeCapSompi=100000000, GLOBAL_ABS_FEE_CAP_SOMPI=100000000); signed_input_total=39208800, returned_to_relay=0)
[proto-driver] tick 58: {"actioned":1,"genesisAdvanced":0,"genesisLandedChecked":0,"genesisLanded":0,"betAppendAdvanced":0,"betAppendLandedChecked":0,"betAppendLanded":0,"errored":1,"held":0}
[proto-oracle-adapter] tick: {"scanned":1,"skipped":{},"verdictsWritten":0,"promoted":[],"frozen":[],"waited":1,"errors":0,"aborted":null}
[relay:proto-e2e-oracle] 9/21/2026, 00:10:06 COVENANT_BROADCAST genesis:41bbd2319aa2738e9b7eaf7fd7bf059556b212544b15d0427f5fbdf57bf73ac9 REJECTED (net loss exceeds ceiling): net_loss 39208800 exceeds fee ceiling 34899200 (= min(required_fee×2=34899200, absFeeCapSompi=100000000, GLOBAL_ABS_FEE_CAP_SOMPI=100000000); signed_input_total=39208800, returned_to_relay=0)
[relay:proto-e2e-oracle] 9/21/2026, 00:10:06 COVENANT_BROADCAST(intent genesis:41bbd2319aa2738e9b7eaf7fd7bf059556b212544b15d0427f5fbdf57bf73ac9) FAIL: net_loss_exceeded net_loss 39208800 exceeds fee ceiling 34899200 (= min(required_fee×2=34899200, absFeeCapSompi=100000000, GLOBAL_ABS_FEE_CAP_SOMPI=100000000); signed_input_total=39208800, returned_to_relay=0)
[proto-market-intent] genesis:41bbd2319aa2738e9b7eaf7fd7bf059556b212544b15d0427f5fbdf57bf73ac9 attempt 1/1 fail: net_loss 39208800 exceeds fee ceiling 34899200 (= min(required_fee×2=34899200, absFeeCapSompi=100000000, GLOBAL_ABS_FEE_CAP_SOMPI=100000000); signed_input_total=39208800, returned_to_relay=0)
[proto-driver] genesis 41bbd2319aa2738e9b7eaf7fd7bf059556b212544b15d0427f5fbdf57bf73ac9 advance: market genesis 41bbd2319aa2738e9b7eaf7fd7bf059556b212544b15d0427f5fbdf57bf73ac9 exhausted 1 attempts: net_loss 39208800 exceeds fee ceiling 34899200 (= min(required_fee×2=34899200, absFeeCapSompi=100000000, GLOBAL_ABS_FEE_CAP_SOMPI=100000000); signed_input_total=39208800, returned_to_relay=0)
[relay:proto-e2e-oracle] 9/21/2026, 00:10:06 COVENANT_BROADCAST genesis:ca06260604bc6414da189f96a2890612f89659c8a0961cbffd2c809e6646b45d REJECTED (net loss exceeds ceiling): net_loss 39208800 exceeds fee ceiling 34899200 (= min(required_fee×2=34899200, absFeeCapSompi=100000000, GLOBAL_ABS_FEE_CAP_SOMPI=100000000); signed_input_total=39208800, returned_to_relay=0)
[relay:proto-e2e-oracle] 9/21/2026, 00:10:06 COVENANT_BROADCAST(intent genesis:ca06260604bc6414da189f96a2890612f89659c8a0961cbffd2c809e6646b45d) FAIL: net_loss_exceeded net_loss 39208800 exceeds fee ceiling 34899200 (= min(required_fee×2=34899200, absFeeCapSompi=100000000, GLOBAL_ABS_FEE_CAP_SOMPI=100000000); signed_input_total=39208800, returned_to_relay=0)
[proto-market-intent] genesis:ca06260604bc6414da189f96a2890612f89659c8a0961cbffd2c809e6646b45d attempt 1/1 fail: net_loss 39208800 exceeds fee ceiling 34899200 (= min(required_fee×2=34899200, absFeeCapSompi=100000000, GLOBAL_ABS_FEE_CAP_SOMPI=100000000); signed_input_total=39208800, returned_to_relay=0)
[proto-driver] genesis ca06260604bc6414da189f96a2890612f89659c8a0961cbffd2c809e6646b45d advance: market genesis ca06260604bc6414da189f96a2890612f89659c8a0961cbffd2c809e6646b45d exhausted 1 attempts: net_loss 39208800 exceeds fee ceiling 34899200 (= min(required_fee×2=34899200, absFeeCapSompi=100000000, GLOBAL_ABS_FEE_CAP_SOMPI=100000000); signed_input_total=39208800, returned_to_relay=0)
[proto-driver] tick 59: {"actioned":2,"genesisAdvanced":0,"genesisLandedChecked":0,"genesisLanded":0,"betAppendAdvanced":0,"betAppendLandedChecked":0,"betAppendLanded":0,"errored":2,"held":0}
[proto-oracle-adapter] tick: {"scanned":1,"skipped":{},"verdictsWritten":0,"promoted":[],"frozen":[],"waited":1,"errors":0,"aborted":null}
[relay:proto-e2e-oracle] 9/21/2026, 00:10:26 COVENANT_BROADCAST genesis:41bbd2319aa2738e9b7eaf7fd7bf059556b212544b15d0427f5fbdf57bf73ac9 REJECTED (net loss exceeds ceiling): net_loss 39208800 exceeds fee ceiling 34899200 (= min(required_fee×2=34899200, absFeeCapSompi=100000000, GLOBAL_ABS_FEE_CAP_SOMPI=100000000); signed_input_total=39208800, returned_to_relay=0)
[relay:proto-e2e-oracle] 9/21/2026, 00:10:26 COVENANT_BROADCAST(intent genesis:41bbd2319aa2738e9b7eaf7fd7bf059556b212544b15d0427f5fbdf57bf73ac9) FAIL: net_loss_exceeded net_loss 39208800 exceeds fee ceiling 34899200 (= min(required_fee×2=34899200, absFeeCapSompi=100000000, GLOBAL_ABS_FEE_CAP_SOMPI=100000000); signed_input_total=39208800, returned_to_relay=0)
[proto-market-intent] genesis:41bbd2319aa2738e9b7eaf7fd7bf059556b212544b15d0427f5fbdf57bf73ac9 attempt 1/1 fail: net_loss 39208800 exceeds fee ceiling 34899200 (= min(required_fee×2=34899200, absFeeCapSompi=100000000, GLOBAL_ABS_FEE_CAP_SOMPI=100000000); signed_input_total=39208800, returned_to_relay=0)
[proto-driver] genesis 41bbd2319aa2738e9b7eaf7fd7bf059556b212544b15d0427f5fbdf57bf73ac9 advance: market genesis 41bbd2319aa2738e9b7eaf7fd7bf059556b212544b15d0427f5fbdf57bf73ac9 exhausted 1 attempts: net_loss 39208800 exceeds fee ceiling 34899200 (= min(required_fee×2=34899200, absFeeCapSompi=100000000, GLOBAL_ABS_FEE_CAP_SOMPI=100000000); signed_input_total=39208800, returned_to_relay=0)
[relay:proto-e2e-oracle] 9/21/2026, 00:10:26 COVENANT_BROADCAST genesis:ca06260604bc6414da189f96a2890612f89659c8a0961cbffd2c809e6646b45d REJECTED (net loss exceeds ceiling): net_loss 39208800 exceeds fee ceiling 34899200 (= min(required_fee×2=34899200, absFeeCapSompi=100000000, GLOBAL_ABS_FEE_CAP_SOMPI=100000000); signed_input_total=39208800, returned_to_relay=0)
[proto-market-intent] genesis:ca06260604bc6414da189f96a2890612f89659c8a0961cbffd2c809e6646b45d attempt 1/1 fail: net_loss 39208800 exceeds fee ceiling 34899200 (= min(required_fee×2=34899200, absFeeCapSompi=100000000, GLOBAL_ABS_FEE_CAP_SOMPI=100000000); signed_input_total=39208800, returned_to_relay=0)
[proto-driver] genesis ca06260604bc6414da189f96a2890612f89659c8a0961cbffd2c809e6646b45d advance: market genesis ca06260604bc6414da189f96a2890612f89659c8a0961cbffd2c809e6646b45d exhausted 1 attempts: net_loss 39208800 exceeds fee ceiling 34899200 (= min(required_fee×2=34899200, absFeeCapSompi=100000000, GLOBAL_ABS_FEE_CAP_SOMPI=100000000); signed_input_total=39208800, returned_to_relay=0)
[proto-driver] tick 60: {"actioned":2,"genesisAdvanced":0,"genesisLandedChecked":0,"genesisLanded":0,"betAppendAdvanced":0,"betAppendLandedChecked":0,"betAppendLanded":0,"errored":2,"held":0}
[relay:proto-e2e-oracle] 9/21/2026, 00:10:26 COVENANT_BROADCAST(intent genesis:ca06260604bc6414da189f96a2890612f89659c8a0961cbffd2c809e6646b45d) FAIL: net_loss_exceeded net_loss 39208800 exceeds fee ceiling 34899200 (= min(required_fee×2=34899200, absFeeCapSompi=100000000, GLOBAL_ABS_FEE_CAP_SOMPI=100000000); signed_input_total=39208800, returned_to_relay=0)
[relay:proto-e2e-oracle] 9/21/2026, 00:10:46 COVENANT_BROADCAST genesis:41bbd2319aa2738e9b7eaf7fd7bf059556b212544b15d0427f5fbdf57bf73ac9 REJECTED (net loss exceeds ceiling): net_loss 39208800 exceeds fee ceiling 34899200 (= min(required_fee×2=34899200, absFeeCapSompi=100000000, GLOBAL_ABS_FEE_CAP_SOMPI=100000000); signed_input_total=39208800, returned_to_relay=0)
[relay:proto-e2e-oracle] 9/21/2026, 00:10:46 COVENANT_BROADCAST(intent genesis:41bbd2319aa2738e9b7eaf7fd7bf059556b212544b15d0427f5fbdf57bf73ac9) FAIL: net_loss_exceeded net_loss 39208800 exceeds fee ceiling 34899200 (= min(required_fee×2=34899200, absFeeCapSompi=100000000, GLOBAL_ABS_FEE_CAP_SOMPI=100000000); signed_input_total=39208800, returned_to_relay=0)
[proto-market-intent] genesis:41bbd2319aa2738e9b7eaf7fd7bf059556b212544b15d0427f5fbdf57bf73ac9 attempt 1/1 fail: net_loss 39208800 exceeds fee ceiling 34899200 (= min(required_fee×2=34899200, absFeeCapSompi=100000000, GLOBAL_ABS_FEE_CAP_SOMPI=100000000); signed_input_total=39208800, returned_to_relay=0)
[proto-driver] genesis 41bbd2319aa2738e9b7eaf7fd7bf059556b212544b15d0427f5fbdf57bf73ac9 advance: market genesis 41bbd2319aa2738e9b7eaf7fd7bf059556b212544b15d0427f5fbdf57bf73ac9 exhausted 1 attempts: net_loss 39208800 exceeds fee ceiling 34899200 (= min(required_fee×2=34899200, absFeeCapSompi=100000000, GLOBAL_ABS_FEE_CAP_SOMPI=100000000); signed_input_total=39208800, returned_to_relay=0)
[relay:proto-e2e-oracle] 9/21/2026, 00:10:46 COVENANT_BROADCAST genesis:ca06260604bc6414da189f96a2890612f89659c8a0961cbffd2c809e6646b45d REJECTED (net loss exceeds ceiling): net_loss 39208800 exceeds fee ceiling 34899200 (= min(required_fee×2=34899200, absFeeCapSompi=100000000, GLOBAL_ABS_FEE_CAP_SOMPI=100000000); signed_input_total=39208800, returned_to_relay=0)
[relay:proto-e2e-oracle] 9/21/2026, 00:10:46 COVENANT_BROADCAST(intent genesis:ca06260604bc6414da189f96a2890612f89659c8a0961cbffd2c809e6646b45d) FAIL: net_loss_exceeded net_loss 39208800 exceeds fee ceiling 34899200 (= min(required_fee×2=34899200, absFeeCapSompi=100000000, GLOBAL_ABS_FEE_CAP_SOMPI=100000000); signed_input_total=39208800, returned_to_relay=0)
[proto-market-intent] genesis:ca06260604bc6414da189f96a2890612f89659c8a0961cbffd2c809e6646b45d attempt 1/1 fail: net_loss 39208800 exceeds fee ceiling 34899200 (= min(required_fee×2=34899200, absFeeCapSompi=100000000, GLOBAL_ABS_FEE_CAP_SOMPI=100000000); signed_input_total=39208800, returned_to_relay=0)
[proto-driver] genesis ca06260604bc6414da189f96a2890612f89659c8a0961cbffd2c809e6646b45d advance: market genesis ca06260604bc6414da189f96a2890612f89659c8a0961cbffd2c809e6646b45d exhausted 1 attempts: net_loss 39208800 exceeds fee ceiling 34899200 (= min(required_fee×2=34899200, absFeeCapSompi=100000000, GLOBAL_ABS_FEE_CAP_SOMPI=100000000); signed_input_total=39208800, returned_to_relay=0)
[proto-driver] tick 61: {"actioned":2,"genesisAdvanced":0,"genesisLandedChecked":0,"genesisLanded":0,"betAppendAdvanced":0,"betAppendLandedChecked":0,"betAppendLanded":0,"errored":2,"held":0}
[proto-oracle-adapter] tick: {"scanned":1,"skipped":{},"verdictsWritten":0,"promoted":[],"frozen":[],"waited":1,"errors":0,"aborted":null}
[relay:proto-e2e-oracle] 9/21/2026, 00:11:06 COVENANT_BROADCAST genesis:41bbd2319aa2738e9b7eaf7fd7bf059556b212544b15d0427f5fbdf57bf73ac9 REJECTED (net loss exceeds ceiling): net_loss 39208800 exceeds fee ceiling 34899200 (= min(required_fee×2=34899200, absFeeCapSompi=100000000, GLOBAL_ABS_FEE_CAP_SOMPI=100000000); signed_input_total=39208800, returned_to_relay=0)
[relay:proto-e2e-oracle] 9/21/2026, 00:11:06 COVENANT_BROADCAST(intent genesis:41bbd2319aa2738e9b7eaf7fd7bf059556b212544b15d0427f5fbdf57bf73ac9) FAIL: net_loss_exceeded net_loss 39208800 exceeds fee ceiling 34899200 (= min(required_fee×2=34899200, absFeeCapSompi=100000000, GLOBAL_ABS_FEE_CAP_SOMPI=100000000); signed_input_total=39208800, returned_to_relay=0)
[proto-market-intent] genesis:41bbd2319aa2738e9b7eaf7fd7bf059556b212544b15d0427f5fbdf57bf73ac9 attempt 1/1 fail: net_loss 39208800 exceeds fee ceiling 34899200 (= min(required_fee×2=34899200, absFeeCapSompi=100000000, GLOBAL_ABS_FEE_CAP_SOMPI=100000000); signed_input_total=39208800, returned_to_relay=0)
[proto-driver] genesis 41bbd2319aa2738e9b7eaf7fd7bf059556b212544b15d0427f5fbdf57bf73ac9 advance: market genesis 41bbd2319aa2738e9b7eaf7fd7bf059556b212544b15d0427f5fbdf57bf73ac9 exhausted 1 attempts: net_loss 39208800 exceeds fee ceiling 34899200 (= min(required_fee×2=34899200, absFeeCapSompi=100000000, GLOBAL_ABS_FEE_CAP_SOMPI=100000000); signed_input_total=39208800, returned_to_relay=0)
[relay:proto-e2e-oracle] 9/21/2026, 00:11:06 COVENANT_BROADCAST genesis:ca06260604bc6414da189f96a2890612f89659c8a0961cbffd2c809e6646b45d REJECTED (net loss exceeds ceiling): net_loss 39208800 exceeds fee ceiling 34899200 (= min(required_fee×2=34899200, absFeeCapSompi=100000000, GLOBAL_ABS_FEE_CAP_SOMPI=100000000); signed_input_total=39208800, returned_to_relay=0)
[relay:proto-e2e-oracle] 9/21/2026, 00:11:06 COVENANT_BROADCAST(intent genesis:ca06260604bc6414da189f96a2890612f89659c8a0961cbffd2c809e6646b45d) FAIL: net_loss_exceeded net_loss 39208800 exceeds fee ceiling 34899200 (= min(required_fee×2=34899200, absFeeCapSompi=100000000, GLOBAL_ABS_FEE_CAP_SOMPI=100000000); signed_input_total=39208800, returned_to_relay=0)
[proto-market-intent] genesis:ca06260604bc6414da189f96a2890612f89659c8a0961cbffd2c809e6646b45d attempt 1/1 fail: net_loss 39208800 exceeds fee ceiling 34899200 (= min(required_fee×2=34899200, absFeeCapSompi=100000000, GLOBAL_ABS_FEE_CAP_SOMPI=100000000); signed_input_total=39208800, returned_to_relay=0)
[proto-driver] genesis ca06260604bc6414da189f96a2890612f89659c8a0961cbffd2c809e6646b45d advance: market genesis ca06260604bc6414da189f96a2890612f89659c8a0961cbffd2c809e6646b45d exhausted 1 attempts: net_loss 39208800 exceeds fee ceiling 34899200 (= min(required_fee×2=34899200, absFeeCapSompi=100000000, GLOBAL_ABS_FEE_CAP_SOMPI=100000000); signed_input_total=39208800, returned_to_relay=0)
[proto-driver] tick 62: {"actioned":2,"genesisAdvanced":0,"genesisLandedChecked":0,"genesisLanded":0,"betAppendAdvanced":0,"betAppendLandedChecked":0,"betAppendLanded":0,"errored":2,"held":0}
[proto-oracle-adapter] tick: {"scanned":1,"skipped":{},"verdictsWritten":0,"promoted":[],"frozen":[],"waited":1,"errors":0,"aborted":null}
[relay:proto-e2e-oracle] 9/21/2026, 00:11:26 COVENANT_BROADCAST genesis:41bbd2319aa2738e9b7eaf7fd7bf059556b212544b15d0427f5fbdf57bf73ac9 REJECTED (net loss exceeds ceiling): net_loss 39208800 exceeds fee ceiling 34899200 (= min(required_fee×2=34899200, absFeeCapSompi=100000000, GLOBAL_ABS_FEE_CAP_SOMPI=100000000); signed_input_total=39208800, returned_to_relay=0)
[relay:proto-e2e-oracle] 9/21/2026, 00:11:26 COVENANT_BROADCAST(intent genesis:41bbd2319aa2738e9b7eaf7fd7bf059556b212544b15d0427f5fbdf57bf73ac9) FAIL: net_loss_exceeded net_loss 39208800 exceeds fee ceiling 34899200 (= min(required_fee×2=34899200, absFeeCapSompi=100000000, GLOBAL_ABS_FEE_CAP_SOMPI=100000000); signed_input_total=39208800, returned_to_relay=0)
[proto-market-intent] genesis:41bbd2319aa2738e9b7eaf7fd7bf059556b212544b15d0427f5fbdf57bf73ac9 attempt 1/1 fail: net_loss 39208800 exceeds fee ceiling 34899200 (= min(required_fee×2=34899200, absFeeCapSompi=100000000, GLOBAL_ABS_FEE_CAP_SOMPI=100000000); signed_input_total=39208800, returned_to_relay=0)
[proto-driver] genesis 41bbd2319aa2738e9b7eaf7fd7bf059556b212544b15d0427f5fbdf57bf73ac9 advance: market genesis 41bbd2319aa2738e9b7eaf7fd7bf059556b212544b15d0427f5fbdf57bf73ac9 exhausted 1 attempts: net_loss 39208800 exceeds fee ceiling 34899200 (= min(required_fee×2=34899200, absFeeCapSompi=100000000, GLOBAL_ABS_FEE_CAP_SOMPI=100000000); signed_input_total=39208800, returned_to_relay=0)
[relay:proto-e2e-oracle] 9/21/2026, 00:11:26 COVENANT_BROADCAST genesis:ca06260604bc6414da189f96a2890612f89659c8a0961cbffd2c809e6646b45d REJECTED (net loss exceeds ceiling): net_loss 39208800 exceeds fee ceiling 34899200 (= min(required_fee×2=34899200, absFeeCapSompi=100000000, GLOBAL_ABS_FEE_CAP_SOMPI=100000000); signed_input_total=39208800, returned_to_relay=0)
[relay:proto-e2e-oracle] 9/21/2026, 00:11:26 COVENANT_BROADCAST(intent genesis:ca06260604bc6414da189f96a2890612f89659c8a0961cbffd2c809e6646b45d) FAIL: net_loss_exceeded net_loss 39208800 exceeds fee ceiling 34899200 (= min(required_fee×2=34899200, absFeeCapSompi=100000000, GLOBAL_ABS_FEE_CAP_SOMPI=100000000); signed_input_total=39208800, returned_to_relay=0)
[proto-market-intent] genesis:ca06260604bc6414da189f96a2890612f89659c8a0961cbffd2c809e6646b45d attempt 1/1 fail: net_loss 39208800 exceeds fee ceiling 34899200 (= min(required_fee×2=34899200, absFeeCapSompi=100000000, GLOBAL_ABS_FEE_CAP_SOMPI=100000000); signed_input_total=39208800, returned_to_relay=0)
[proto-driver] genesis ca06260604bc6414da189f96a2890612f89659c8a0961cbffd2c809e6646b45d advance: market genesis ca06260604bc6414da189f96a2890612f89659c8a0961cbffd2c809e6646b45d exhausted 1 attempts: net_loss 39208800 exceeds fee ceiling 34899200 (= min(required_fee×2=34899200, absFeeCapSompi=100000000, GLOBAL_ABS_FEE_CAP_SOMPI=100000000); signed_input_total=39208800, returned_to_relay=0)
[proto-driver] tick 63: {"actioned":2,"genesisAdvanced":0,"genesisLandedChecked":0,"genesisLanded":0,"betAppendAdvanced":0,"betAppendLandedChecked":0,"betAppendLanded":0,"errored":2,"held":0}
[relay:proto-e2e-oracle] 9/21/2026, 00:11:46 COVENANT_BROADCAST genesis:41bbd2319aa2738e9b7eaf7fd7bf059556b212544b15d0427f5fbdf57bf73ac9 prepared txid 96a727e34a37 (bytes persisted at console) → broadcasting
[relay:proto-e2e-oracle] 9/21/2026, 00:11:46 COVENANT_BROADCAST(intent genesis:41bbd2319aa2738e9b7eaf7fd7bf059556b212544b15d0427f5fbdf57bf73ac9) TX: 96a727e34a37d280d791017f132c0bcb99f61b72d05b80019408c891bc29b0b2
[relay:proto-e2e-oracle] 9/21/2026, 00:11:46 COVENANT_BROADCAST genesis:ca06260604bc6414da189f96a2890612f89659c8a0961cbffd2c809e6646b45d prepared txid 967c0202f7f4 (bytes persisted at console) → broadcasting
[relay:proto-e2e-oracle] 9/21/2026, 00:11:46 COVENANT_BROADCAST genesis:ca06260604bc6414da189f96a2890612f89659c8a0961cbffd2c809e6646b45d broadcast failed: RPC Server (remote error) -> Rejected transaction 967c0202f7f4fad6502ef79b8c53b3e28afe6a1735573a20d335b3531d2ea00c: output (96cd7d79dd4431bc9aa628912b870f4258cbf8a74f987aa866d5e332fe0763ac, 3) already spent by transaction 96a727e34a37d280d791017f132c0bcb99f61b72d05b80019408c891bc29b0b2 in the mempool
[relay:proto-e2e-oracle] 9/21/2026, 00:11:46 COVENANT_BROADCAST(intent genesis:ca06260604bc6414da189f96a2890612f89659c8a0961cbffd2c809e6646b45d) FAIL: broadcast_failed RPC Server (remote error) -> Rejected transaction 967c0202f7f4fad6502ef79b8c53b3e28afe6a1735573a20d335b3531d2ea00c: output (96cd7d79dd4431bc9aa628912b870f4258cbf8a74f987aa866d5e332fe0763ac, 3) already spent by transaction 96a727e34a37d280d791017f132c0bcb99f61b72d05b80019408c891bc29b0b2 in the mempool
[proto-market-intent] genesis:ca06260604bc6414da189f96a2890612f89659c8a0961cbffd2c809e6646b45d attempt 1/1 fail: RPC Server (remote error) -> Rejected transaction 967c0202f7f4fad6502ef79b8c53b3e28afe6a1735573a20d335b3531d2ea00c: output (96cd7d79dd4431bc9aa628912b870f4258cbf8a74f987aa866d5e332fe0763ac, 3) already spent by transaction 96a727e34a37d280d791017f132c0bcb99f61b72d05b80019408c891bc29b0b2 in the mempool
[proto-driver] genesis ca06260604bc6414da189f96a2890612f89659c8a0961cbffd2c809e6646b45d advance: market genesis ca06260604bc6414da189f96a2890612f89659c8a0961cbffd2c809e6646b45d exhausted 1 attempts: RPC Server (remote error) -> Rejected transaction 967c0202f7f4fad6502ef79b8c53b3e28afe6a1735573a20d335b3531d2ea00c: output (96cd7d79dd4431bc9aa628912b870f4258cbf8a74f987aa866d5e332fe0763ac, 3) already spent by transaction 96a727e34a37d280d791017f132c0bcb99f61b72d05b80019408c891bc29b0b2 in the mempool
[proto-driver] tick 64: {"actioned":3,"genesisAdvanced":1,"genesisLandedChecked":1,"genesisLanded":0,"betAppendAdvanced":0,"betAppendLandedChecked":0,"betAppendLanded":0,"errored":1,"held":0}
[proto-oracle-adapter] tick: {"scanned":1,"skipped":{},"verdictsWritten":0,"promoted":[],"frozen":[],"waited":1,"errors":0,"aborted":null}
[relay:proto-e2e-oracle] 9/21/2026, 00:12:06 COVENANT_BROADCAST genesis:ca06260604bc6414da189f96a2890612f89659c8a0961cbffd2c809e6646b45d replay refused: inputs_spent input 96cd7d79dd44:3 no longer in sender UTXO set — prepared tx 967c0202f7f4 can never land
[proto-driver] genesis ca06260604bc6414da189f96a2890612f89659c8a0961cbffd2c809e6646b45d advance: market genesis ca06260604bc6414da189f96a2890612f89659c8a0961cbffd2c809e6646b45d: inputs spent, ambiguous — HOLD (manual review)
[relay:proto-e2e-oracle] 9/21/2026, 00:12:06 COVENANT_BROADCAST(intent genesis:ca06260604bc6414da189f96a2890612f89659c8a0961cbffd2c809e6646b45d) FAIL: inputs_spent input 96cd7d79dd44:3 no longer in sender UTXO set — prepared tx 967c0202f7f4 can never land
[proto-driver] tick 65: {"actioned":2,"genesisAdvanced":0,"genesisLandedChecked":1,"genesisLanded":1,"betAppendAdvanced":0,"betAppendLandedChecked":0,"betAppendLanded":0,"errored":0,"held":1}
[relay:proto-e2e-oracle] 9/21/2026, 00:12:09 COVENANT_BROADCAST proto-bet:f67b8bf4-07b2-44e8-88d0-97be7a09c075:append prepared txid 5fe13641b86d (bytes persisted at console) → broadcasting
[relay:proto-e2e-oracle] 9/21/2026, 00:12:09 COVENANT_BROADCAST(intent proto-bet:f67b8bf4-07b2-44e8-88d0-97be7a09c075:append) TX: 5fe13641b86dd1ba7d87c11fe9926a24b8fa43db3fa4018ef6405832c985fdb6
[proto-oracle-adapter] tick: {"scanned":1,"skipped":{},"verdictsWritten":0,"promoted":[],"frozen":[],"waited":1,"errors":0,"aborted":null}
[proto-driver] tick 66: {"actioned":1,"genesisAdvanced":0,"genesisLandedChecked":0,"genesisLanded":0,"betAppendAdvanced":0,"betAppendLandedChecked":1,"betAppendLanded":1,"errored":0,"held":0}
[relay:proto-e2e-oracle] 9/21/2026, 00:12:29 COVENANT_BROADCAST proto-bet:9c80a65b-1def-4020-be9e-bf6184afcefa:append prepared txid 783208b53536 (bytes persisted at console) → broadcasting
[relay:proto-e2e-oracle] 9/21/2026, 00:12:29 COVENANT_BROADCAST(intent proto-bet:9c80a65b-1def-4020-be9e-bf6184afcefa:append) TX: 783208b53536316405715d7f3a7150cb580ab14811e2da74e3e9d099b205f487
[proto-driver] tick 67: {"actioned":1,"genesisAdvanced":0,"genesisLandedChecked":0,"genesisLanded":0,"betAppendAdvanced":0,"betAppendLandedChecked":1,"betAppendLanded":1,"errored":0,"held":0}
[proto-oracle-adapter] tick: {"scanned":1,"skipped":{},"verdictsWritten":0,"promoted":[],"frozen":[],"waited":1,"errors":0,"aborted":null}
[relay:proto-e2e-oracle] 9/21/2026, 00:13:06 COVENANT_BROADCAST settle:market:41bbd2319aa2738e9b7eaf7fd7bf059556b212544b15d0427f5fbdf57bf73ac9:seal prepared txid a01b18e17d21 (bytes persisted at console) → broadcasting
[relay:proto-e2e-oracle] 9/21/2026, 00:13:06 COVENANT_BROADCAST(intent settle:market:41bbd2319aa2738e9b7eaf7fd7bf059556b212544b15d0427f5fbdf57bf73ac9:seal) TX: a01b18e17d212f0a92d1f3bbe6bbe70a1b4144b9da482252e417b9f20ca32c28
[proto-settlement-driver] tick 68: {"actioned":1,"landed":0,"submitted":1,"waiting":0,"gated":0,"held":0,"failed":0}
[proto-oracle-adapter] tick: {"scanned":1,"skipped":{},"verdictsWritten":0,"promoted":[],"frozen":[],"waited":1,"errors":0,"aborted":null}
[proto-settlement-driver] tick 69: {"actioned":2,"landed":1,"submitted":0,"waiting":0,"gated":0,"held":0,"failed":0}
[proto-oracle-adapter] tick: {"scanned":1,"skipped":{},"verdictsWritten":0,"promoted":[],"frozen":[],"waited":1,"errors":0,"aborted":null}
[proto-oracle-adapter] tick: {"scanned":1,"skipped":{},"verdictsWritten":2,"promoted":[],"frozen":[],"waited":1,"errors":0,"aborted":null}
[proto-oracle-adapter] tick: {"scanned":1,"skipped":{},"verdictsWritten":0,"promoted":[],"frozen":[],"waited":1,"errors":0,"aborted":null}
[proto-oracle-adapter] tick: {"scanned":1,"skipped":{},"verdictsWritten":0,"promoted":[],"frozen":[],"waited":1,"errors":0,"aborted":null}
[proto-oracle-adapter] tick: {"scanned":1,"skipped":{},"verdictsWritten":0,"promoted":[],"frozen":[],"waited":1,"errors":0,"aborted":null}
[proto-oracle-adapter] PROMOTED market=376ede4b25f6 winning_side=1 source=extractor verdict=1
[proto-oracle-adapter] tick: {"scanned":1,"skipped":{},"verdictsWritten":0,"promoted":[{"id":"376ede4b25f62141671098ffae70a7abf70e0029e8c4bd77a68651df4d3f1d5d","side":1,"source":"extractor","verdictId":1}],"frozen":[],"waited":0,"errors":0,"aborted":null}
[proto-settlement-intent] settle:market:376ede4b25f62141671098ffae70a7abf70e0029e8c4bd77a68651df4d3f1d5d:resolve attempt 1/1 fail: close_commit_pmt_not_ready: pmt(1789924318012) 尚未超过 deadline(1789924782266) + 30000ms(领先 -464254ms): 节点会以 NotFinalized 拒绝(lock_time < pmt 严格小于), 稍后重试(无状态变更)
[proto-settlement-driver] tick 78: {"actioned":1,"landed":0,"submitted":0,"waiting":0,"gated":1,"held":0,"failed":0}
[proto-settlement-intent] settle:market:376ede4b25f62141671098ffae70a7abf70e0029e8c4bd77a68651df4d3f1d5d:resolve attempt 1/1 fail: close_commit_pmt_not_ready: pmt(1789924338485) 尚未超过 deadline(1789924782266) + 30000ms(领先 -443781ms): 节点会以 NotFinalized 拒绝(lock_time < pmt 严格小于), 稍后重试(无状态变更)
[proto-settlement-driver] tick 79: {"actioned":1,"landed":0,"submitted":0,"waiting":0,"gated":1,"held":0,"failed":0}
[proto-settlement-intent] settle:market:376ede4b25f62141671098ffae70a7abf70e0029e8c4bd77a68651df4d3f1d5d:resolve attempt 1/1 fail: close_commit_pmt_not_ready: pmt(1789924358961) 尚未超过 deadline(1789924782266) + 30000ms(领先 -423305ms): 节点会以 NotFinalized 拒绝(lock_time < pmt 严格小于), 稍后重试(无状态变更)
[proto-settlement-driver] tick 80: {"actioned":1,"landed":0,"submitted":0,"waiting":0,"gated":1,"held":0,"failed":0}
[proto-settlement-intent] settle:market:376ede4b25f62141671098ffae70a7abf70e0029e8c4bd77a68651df4d3f1d5d:resolve attempt 1/1 fail: close_commit_pmt_not_ready: pmt(1789924379439) 尚未超过 deadline(1789924782266) + 30000ms(领先 -402827ms): 节点会以 NotFinalized 拒绝(lock_time < pmt 严格小于), 稍后重试(无状态变更)
[proto-settlement-driver] tick 81: {"actioned":1,"landed":0,"submitted":0,"waiting":0,"gated":1,"held":0,"failed":0}
[proto-settlement-intent] settle:market:376ede4b25f62141671098ffae70a7abf70e0029e8c4bd77a68651df4d3f1d5d:resolve attempt 1/1 fail: close_commit_pmt_not_ready: pmt(1789924399919) 尚未超过 deadline(1789924782266) + 30000ms(领先 -382347ms): 节点会以 NotFinalized 拒绝(lock_time < pmt 严格小于), 稍后重试(无状态变更)
[proto-settlement-driver] tick 82: {"actioned":1,"landed":0,"submitted":0,"waiting":0,"gated":1,"held":0,"failed":0}
[proto-settlement-intent] settle:market:376ede4b25f62141671098ffae70a7abf70e0029e8c4bd77a68651df4d3f1d5d:resolve attempt 1/1 fail: close_commit_pmt_not_ready: pmt(1789924420403) 尚未超过 deadline(1789924782266) + 30000ms(领先 -361863ms): 节点会以 NotFinalized 拒绝(lock_time < pmt 严格小于), 稍后重试(无状态变更)
[proto-settlement-driver] tick 83: {"actioned":1,"landed":0,"submitted":0,"waiting":0,"gated":1,"held":0,"failed":0}
[proto-settlement-intent] settle:market:376ede4b25f62141671098ffae70a7abf70e0029e8c4bd77a68651df4d3f1d5d:resolve attempt 1/1 fail: close_commit_pmt_not_ready: pmt(1789924420403) 尚未超过 deadline(1789924782266) + 30000ms(领先 -361863ms): 节点会以 NotFinalized 拒绝(lock_time < pmt 严格小于), 稍后重试(无状态变更)
[proto-settlement-driver] tick 84: {"actioned":1,"landed":0,"submitted":0,"waiting":0,"gated":1,"held":0,"failed":0}
[proto-settlement-intent] settle:market:376ede4b25f62141671098ffae70a7abf70e0029e8c4bd77a68651df4d3f1d5d:resolve attempt 1/1 fail: close_commit_pmt_not_ready: pmt(1789924440895) 尚未超过 deadline(1789924782266) + 30000ms(领先 -341371ms): 节点会以 NotFinalized 拒绝(lock_time < pmt 严格小于), 稍后重试(无状态变更)
[proto-settlement-driver] tick 85: {"actioned":1,"landed":0,"submitted":0,"waiting":0,"gated":1,"held":0,"failed":0}
[proto-settlement-intent] settle:market:376ede4b25f62141671098ffae70a7abf70e0029e8c4bd77a68651df4d3f1d5d:resolve attempt 1/1 fail: close_commit_pmt_not_ready: pmt(1789924461390) 尚未超过 deadline(1789924782266) + 30000ms(领先 -320876ms): 节点会以 NotFinalized 拒绝(lock_time < pmt 严格小于), 稍后重试(无状态变更)
[proto-settlement-driver] tick 86: {"actioned":1,"landed":0,"submitted":0,"waiting":0,"gated":1,"held":0,"failed":0}
[proto-settlement-intent] settle:market:376ede4b25f62141671098ffae70a7abf70e0029e8c4bd77a68651df4d3f1d5d:resolve attempt 1/1 fail: close_commit_pmt_not_ready: pmt(1789924481885) 尚未超过 deadline(1789924782266) + 30000ms(领先 -300381ms): 节点会以 NotFinalized 拒绝(lock_time < pmt 严格小于), 稍后重试(无状态变更)
[proto-settlement-driver] tick 87: {"actioned":1,"landed":0,"submitted":0,"waiting":0,"gated":1,"held":0,"failed":0}
[proto-settlement-intent] settle:market:376ede4b25f62141671098ffae70a7abf70e0029e8c4bd77a68651df4d3f1d5d:resolve attempt 1/1 fail: close_commit_pmt_not_ready: pmt(1789924502383) 尚未超过 deadline(1789924782266) + 30000ms(领先 -279883ms): 节点会以 NotFinalized 拒绝(lock_time < pmt 严格小于), 稍后重试(无状态变更)
[proto-settlement-driver] tick 88: {"actioned":1,"landed":0,"submitted":0,"waiting":0,"gated":1,"held":0,"failed":0}
[proto-settlement-intent] settle:market:376ede4b25f62141671098ffae70a7abf70e0029e8c4bd77a68651df4d3f1d5d:resolve attempt 1/1 fail: close_commit_pmt_not_ready: pmt(1789924522864) 尚未超过 deadline(1789924782266) + 30000ms(领先 -259402ms): 节点会以 NotFinalized 拒绝(lock_time < pmt 严格小于), 稍后重试(无状态变更)
[proto-settlement-driver] tick 89: {"actioned":1,"landed":0,"submitted":0,"waiting":0,"gated":1,"held":0,"failed":0}
[proto-settlement-intent] settle:market:376ede4b25f62141671098ffae70a7abf70e0029e8c4bd77a68651df4d3f1d5d:resolve attempt 1/1 fail: close_commit_pmt_not_ready: pmt(1789924543341) 尚未超过 deadline(1789924782266) + 30000ms(领先 -238925ms): 节点会以 NotFinalized 拒绝(lock_time < pmt 严格小于), 稍后重试(无状态变更)
[proto-settlement-driver] tick 90: {"actioned":1,"landed":0,"submitted":0,"waiting":0,"gated":1,"held":0,"failed":0}
[proto-settlement-intent] settle:market:376ede4b25f62141671098ffae70a7abf70e0029e8c4bd77a68651df4d3f1d5d:resolve attempt 1/1 fail: close_commit_pmt_not_ready: pmt(1789924563818) 尚未超过 deadline(1789924782266) + 30000ms(领先 -218448ms): 节点会以 NotFinalized 拒绝(lock_time < pmt 严格小于), 稍后重试(无状态变更)
[proto-settlement-driver] tick 91: {"actioned":1,"landed":0,"submitted":0,"waiting":0,"gated":1,"held":0,"failed":0}
[proto-settlement-intent] settle:market:376ede4b25f62141671098ffae70a7abf70e0029e8c4bd77a68651df4d3f1d5d:resolve attempt 1/1 fail: close_commit_pmt_not_ready: pmt(1789924584291) 尚未超过 deadline(1789924782266) + 30000ms(领先 -197975ms): 节点会以 NotFinalized 拒绝(lock_time < pmt 严格小于), 稍后重试(无状态变更)
[proto-settlement-driver] tick 92: {"actioned":1,"landed":0,"submitted":0,"waiting":0,"gated":1,"held":0,"failed":0}
[proto-settlement-intent] settle:market:376ede4b25f62141671098ffae70a7abf70e0029e8c4bd77a68651df4d3f1d5d:resolve attempt 1/1 fail: close_commit_pmt_not_ready: pmt(1789924604762) 尚未超过 deadline(1789924782266) + 30000ms(领先 -177504ms): 节点会以 NotFinalized 拒绝(lock_time < pmt 严格小于), 稍后重试(无状态变更)
[proto-settlement-driver] tick 93: {"actioned":1,"landed":0,"submitted":0,"waiting":0,"gated":1,"held":0,"failed":0}
[proto-settlement-intent] settle:market:376ede4b25f62141671098ffae70a7abf70e0029e8c4bd77a68651df4d3f1d5d:resolve attempt 1/1 fail: close_commit_pmt_not_ready: pmt(1789924625237) 尚未超过 deadline(1789924782266) + 30000ms(领先 -157029ms): 节点会以 NotFinalized 拒绝(lock_time < pmt 严格小于), 稍后重试(无状态变更)
[proto-settlement-driver] tick 94: {"actioned":1,"landed":0,"submitted":0,"waiting":0,"gated":1,"held":0,"failed":0}
[proto-settlement-intent] settle:market:376ede4b25f62141671098ffae70a7abf70e0029e8c4bd77a68651df4d3f1d5d:resolve attempt 1/1 fail: close_commit_pmt_not_ready: pmt(1789924645716) 尚未超过 deadline(1789924782266) + 30000ms(领先 -136550ms): 节点会以 NotFinalized 拒绝(lock_time < pmt 严格小于), 稍后重试(无状态变更)
[proto-settlement-driver] tick 95: {"actioned":1,"landed":0,"submitted":0,"waiting":0,"gated":1,"held":0,"failed":0}
[proto-oracle-adapter] tick: {"scanned":1,"skipped":{},"verdictsWritten":2,"promoted":[],"frozen":[],"waited":1,"errors":0,"aborted":null}
[proto-settlement-intent] settle:market:376ede4b25f62141671098ffae70a7abf70e0029e8c4bd77a68651df4d3f1d5d:resolve attempt 1/1 fail: close_commit_pmt_not_ready: pmt(1789924666193) 尚未超过 deadline(1789924782266) + 30000ms(领先 -116073ms): 节点会以 NotFinalized 拒绝(lock_time < pmt 严格小于), 稍后重试(无状态变更)
[proto-settlement-driver] tick 96: {"actioned":1,"landed":0,"submitted":0,"waiting":0,"gated":1,"held":0,"failed":0}
[proto-settlement-intent] settle:market:376ede4b25f62141671098ffae70a7abf70e0029e8c4bd77a68651df4d3f1d5d:resolve attempt 1/1 fail: close_commit_pmt_not_ready: pmt(1789924686672) 尚未超过 deadline(1789924782266) + 30000ms(领先 -95594ms): 节点会以 NotFinalized 拒绝(lock_time < pmt 严格小于), 稍后重试(无状态变更)
[proto-settlement-driver] tick 97: {"actioned":1,"landed":0,"submitted":0,"waiting":0,"gated":1,"held":0,"failed":0}
[proto-oracle-adapter] tick: {"scanned":1,"skipped":{},"verdictsWritten":0,"promoted":[],"frozen":[],"waited":1,"errors":0,"aborted":null}
[proto-settlement-intent] settle:market:376ede4b25f62141671098ffae70a7abf70e0029e8c4bd77a68651df4d3f1d5d:resolve attempt 1/1 fail: close_commit_pmt_not_ready: pmt(1789924707151) 尚未超过 deadline(1789924782266) + 30000ms(领先 -75115ms): 节点会以 NotFinalized 拒绝(lock_time < pmt 严格小于), 稍后重试(无状态变更)
[proto-settlement-driver] tick 98: {"actioned":1,"landed":0,"submitted":0,"waiting":0,"gated":1,"held":0,"failed":0}
[proto-oracle-adapter] tick: {"scanned":1,"skipped":{},"verdictsWritten":0,"promoted":[],"frozen":[],"waited":1,"errors":0,"aborted":null}
[proto-settlement-intent] settle:market:376ede4b25f62141671098ffae70a7abf70e0029e8c4bd77a68651df4d3f1d5d:resolve attempt 1/1 fail: close_commit_pmt_not_ready: pmt(1789924727627) 尚未超过 deadline(1789924782266) + 30000ms(领先 -54639ms): 节点会以 NotFinalized 拒绝(lock_time < pmt 严格小于), 稍后重试(无状态变更)
[proto-settlement-driver] tick 99: {"actioned":1,"landed":0,"submitted":0,"waiting":0,"gated":1,"held":0,"failed":0}
[proto-settlement-intent] settle:market:376ede4b25f62141671098ffae70a7abf70e0029e8c4bd77a68651df4d3f1d5d:resolve attempt 1/1 fail: close_commit_pmt_not_ready: pmt(1789924748123) 尚未超过 deadline(1789924782266) + 30000ms(领先 -34143ms): 节点会以 NotFinalized 拒绝(lock_time < pmt 严格小于), 稍后重试(无状态变更)
[proto-settlement-driver] tick 100: {"actioned":1,"landed":0,"submitted":0,"waiting":0,"gated":1,"held":0,"failed":0}
[proto-oracle-adapter] tick: {"scanned":1,"skipped":{},"verdictsWritten":0,"promoted":[],"frozen":[],"waited":1,"errors":0,"aborted":null}
[proto-settlement-intent] settle:market:376ede4b25f62141671098ffae70a7abf70e0029e8c4bd77a68651df4d3f1d5d:resolve attempt 1/1 fail: close_commit_pmt_not_ready: pmt(1789924768619) 尚未超过 deadline(1789924782266) + 30000ms(领先 -13647ms): 节点会以 NotFinalized 拒绝(lock_time < pmt 严格小于), 稍后重试(无状态变更)
[proto-settlement-driver] tick 101: {"actioned":1,"landed":0,"submitted":0,"waiting":0,"gated":1,"held":0,"failed":0}
[proto-oracle-adapter] tick: {"scanned":1,"skipped":{},"verdictsWritten":0,"promoted":[],"frozen":[],"waited":1,"errors":0,"aborted":null}
[proto-settlement-intent] settle:market:376ede4b25f62141671098ffae70a7abf70e0029e8c4bd77a68651df4d3f1d5d:resolve attempt 1/1 fail: close_commit_pmt_not_ready: pmt(1789924789114) 尚未超过 deadline(1789924782266) + 30000ms(领先 6848ms): 节点会以 NotFinalized 拒绝(lock_time < pmt 严格小于), 稍后重试(无状态变更)
[proto-settlement-driver] tick 102: {"actioned":1,"landed":0,"submitted":0,"waiting":0,"gated":1,"held":0,"failed":0}
[proto-settlement-intent] settle:market:376ede4b25f62141671098ffae70a7abf70e0029e8c4bd77a68651df4d3f1d5d:resolve attempt 1/1 fail: close_commit_pmt_not_ready: pmt(1789924809608) 尚未超过 deadline(1789924782266) + 30000ms(领先 27342ms): 节点会以 NotFinalized 拒绝(lock_time < pmt 严格小于), 稍后重试(无状态变更)
[proto-settlement-driver] tick 103: {"actioned":1,"landed":0,"submitted":0,"waiting":0,"gated":1,"held":0,"failed":0}
[proto-oracle-adapter] tick: {"scanned":1,"skipped":{},"verdictsWritten":0,"promoted":[],"frozen":[],"waited":1,"errors":0,"aborted":null}
[relay:proto-e2e-oracle] 9/21/2026, 00:25:06 COVENANT_BROADCAST settle:market:376ede4b25f62141671098ffae70a7abf70e0029e8c4bd77a68651df4d3f1d5d:resolve prepared txid 1728bba7d5cf (bytes persisted at console) → broadcasting
[relay:proto-e2e-oracle] 9/21/2026, 00:25:06 COVENANT_BROADCAST(intent settle:market:376ede4b25f62141671098ffae70a7abf70e0029e8c4bd77a68651df4d3f1d5d:resolve) TX: 1728bba7d5cf6ae1c8493293e9699a8d2ca51e4c5b8840ae30da29bda4839380
[proto-settlement-driver] tick 104: {"actioned":1,"landed":0,"submitted":1,"waiting":0,"gated":0,"held":0,"failed":0}
[proto-oracle-adapter] tick: {"scanned":1,"skipped":{},"verdictsWritten":0,"promoted":[],"frozen":[],"waited":1,"errors":0,"aborted":null}
[proto-settlement-driver] tick 105: {"actioned":2,"landed":1,"submitted":0,"waiting":0,"gated":0,"held":0,"failed":0}
[relay:proto-e2e-oracle] 9/21/2026, 00:25:47 COVENANT_BROADCAST settle:claim:d677b28b93c8f10c8720b3fb21ef8778ec538403e6d925a36fde086466bab9f7:convert_to_claim prepared txid 0ff423db4ea5 (bytes persisted at console) → broadcasting
[relay:proto-e2e-oracle] 9/21/2026, 00:25:47 COVENANT_BROADCAST(intent settle:claim:d677b28b93c8f10c8720b3fb21ef8778ec538403e6d925a36fde086466bab9f7:convert_to_claim) TX: 0ff423db4ea5cea4eb7ff6167df903355b097022d9107a071b25673120e9edb2
[proto-settlement-driver] tick 106: {"actioned":1,"landed":0,"submitted":1,"waiting":0,"gated":0,"held":0,"failed":0}
[proto-oracle-adapter] tick: {"scanned":1,"skipped":{},"verdictsWritten":0,"promoted":[],"frozen":[],"waited":1,"errors":0,"aborted":null}
[proto-settlement-driver] tick 107: {"actioned":2,"landed":1,"submitted":0,"waiting":0,"gated":0,"held":0,"failed":0}
[proto-oracle-adapter] tick: {"scanned":1,"skipped":{},"verdictsWritten":0,"promoted":[],"frozen":[],"waited":1,"errors":0,"aborted":null}
[proto-settlement-driver] tick skipped (previous tick still in flight, skipped=1)
[proto-oracle-adapter] tick: {"scanned":1,"skipped":{},"verdictsWritten":0,"promoted":[],"frozen":[],"waited":1,"errors":0,"aborted":null}
[proto-settlement-intent] settle:claim:d677b28b93c8f10c8720b3fb21ef8778ec538403e6d925a36fde086466bab9f7:claim_draw attempt 1/1 fail: Relay command timeout after 30s
[proto-settlement-driver] tick 108: {"actioned":1,"landed":0,"submitted":0,"waiting":0,"gated":0,"held":0,"failed":1}
[relay:proto-e2e-oracle] 9/21/2026, 00:27:07 COVENANT_BROADCAST settle:claim:d677b28b93c8f10c8720b3fb21ef8778ec538403e6d925a36fde086466bab9f7:claim_draw prepared txid 63fc6c8d4cf3 (bytes persisted at console) → broadcasting
[relay:proto-e2e-oracle] 9/21/2026, 00:27:07 COVENANT_BROADCAST(intent settle:claim:d677b28b93c8f10c8720b3fb21ef8778ec538403e6d925a36fde086466bab9f7:claim_draw) TX: 63fc6c8d4cf32a3e07b638cf50c74b5ee603102933fb8b915be9c4f13e503be5
[proto-settlement-driver] tick 109: {"actioned":1,"landed":0,"submitted":1,"waiting":0,"gated":0,"held":0,"failed":0}
[proto-oracle-adapter] tick: {"scanned":1,"skipped":{},"verdictsWritten":0,"promoted":[],"frozen":[{"id":"41bbd2319aa2738e9b7eaf7fd7bf059556b212544b15d0427f5fbdf57bf73ac9","reason":"inconsistent_verdicts","clock":"pmt","changes":1}],"waited":0,"errors":0,"aborted":null}
[proto-settlement-driver] tick 110: {"actioned":2,"landed":1,"submitted":0,"waiting":0,"gated":0,"held":0,"failed":0}
[relay:proto-e2e-oracle] 9/21/2026, 01:29:28 COVENANT_BROADCAST genesis:d7d21bee2a04d897bd504d1de926f3f29c1692df12e93c8d8f4f0ae2ce489b1a prepared txid 6692d890be93 (bytes persisted at console) → broadcasting
[relay:proto-e2e-oracle] 9/21/2026, 01:29:28 COVENANT_BROADCAST(intent genesis:d7d21bee2a04d897bd504d1de926f3f29c1692df12e93c8d8f4f0ae2ce489b1a) TX: 6692d890be93d257fcb36b4c8c7cd43e047d605dc84837298b45f912d5b5ba94
[proto-driver] tick 297: {"actioned":2,"genesisAdvanced":1,"genesisLandedChecked":1,"genesisLanded":0,"betAppendAdvanced":0,"betAppendLandedChecked":0,"betAppendLanded":0,"errored":0,"held":0}
[proto-driver] tick 298: {"actioned":1,"genesisAdvanced":0,"genesisLandedChecked":1,"genesisLanded":1,"betAppendAdvanced":0,"betAppendLandedChecked":0,"betAppendLanded":0,"errored":0,"held":0}
[proto-bet-intent] proto-bet:83ac3c46-f12b-4338-9298-bd92be932172:append attempt 1/1 fail: selectFeeUtxoByConstruction: no_suitable_fee_utxo(逐个真实构造全部失败 — value=33177975: selectChangeShape: insufficient inputs(leftover=-6822025 < 0) | value=74004975: selectChangeShape: no_viable_change_shape — withChange(requiredFee=n/a(insufficient), netLoss=n/a, ceiling=n/a) noChange(requiredFee=40745000, netLoss=34004975, ceiling=81490000) | value=74004975: selectChangeShape: no_viable_change_shape — withChange(requiredFee=n/a(insufficient), netLoss=n/a, ceiling=n/a) noChange(requiredFee=40745000, netLoss=34004975, ceiling=81490000) | value=74004975: selectChangeShape: no_viable_change_shape — withChange(requiredFee=n/a(insufficient), netLoss=n/a, ceiling=n/a) noChange(requiredFee=40745000, netLoss=34004975, ceiling=81490000))
[proto-bet-intent] proto-bet:83ac3c46-f12b-4338-9298-bd92be932172:append attempt 1/1 fail: selectFeeUtxoByConstruction: no_suitable_fee_utxo(逐个真实构造全部失败 — value=33177975: selectChangeShape: insufficient inputs(leftover=-6822025 < 0) | value=74004975: selectChangeShape: no_viable_change_shape — withChange(requiredFee=n/a(insufficient), netLoss=n/a, ceiling=n/a) noChange(requiredFee=40745000, netLoss=34004975, ceiling=81490000) | value=74004975: selectChangeShape: no_viable_change_shape — withChange(requiredFee=n/a(insufficient), netLoss=n/a, ceiling=n/a) noChange(requiredFee=40745000, netLoss=34004975, ceiling=81490000) | value=74004975: selectChangeShape: no_viable_change_shape — withChange(requiredFee=n/a(insufficient), netLoss=n/a, ceiling=n/a) noChange(requiredFee=40745000, netLoss=34004975, ceiling=81490000))
[proto-driver] bet_append 83ac3c46-f12b-4338-9298-bd92be932172 advance: bet intent proto-bet:83ac3c46-f12b-4338-9298-bd92be932172:append exhausted 1 attempts: selectFeeUtxoByConstruction: no_suitable_fee_utxo(逐个真实构造全部失败 — value=33177975: selectChangeShape: insufficient inputs(leftover=-6822025 < 0) | value=74004975: selectChangeShape: no_viable_change_shape — withChange(requiredFee=n/a(insufficient), netLoss=n/a, ceiling=n/a) noChange(requiredFee=40745000, netLoss=34004975, ceiling=81490000) | value=74004975: selectChangeShape: no_viable_change_shape — withChange(requiredFee=n/a(insufficient), netLoss=n/a, ceiling=n/a) noChange(requiredFee=40745000, netLoss=34004975, ceiling=81490000) | value=74004975: selectChangeShape: no_viable_change_shape — withChange(requiredFee=n/a(insufficient), netLoss=n/a, ceiling=n/a) noChange(requiredFee=40745000, netLoss=34004975, ceiling=81490000))
[proto-driver] tick 299: {"actioned":1,"genesisAdvanced":0,"genesisLandedChecked":0,"genesisLanded":0,"betAppendAdvanced":0,"betAppendLandedChecked":0,"betAppendLanded":0,"errored":1,"held":0}
[proto-bet-intent] proto-bet:83ac3c46-f12b-4338-9298-bd92be932172:append attempt 1/1 fail: selectFeeUtxoByConstruction: no_suitable_fee_utxo(逐个真实构造全部失败 — value=33177975: selectChangeShape: insufficient inputs(leftover=-6822025 < 0) | value=74004975: selectChangeShape: no_viable_change_shape — withChange(requiredFee=n/a(insufficient), netLoss=n/a, ceiling=n/a) noChange(requiredFee=40745000, netLoss=34004975, ceiling=81490000) | value=74004975: selectChangeShape: no_viable_change_shape — withChange(requiredFee=n/a(insufficient), netLoss=n/a, ceiling=n/a) noChange(requiredFee=40745000, netLoss=34004975, ceiling=81490000) | value=74004975: selectChangeShape: no_viable_change_shape — withChange(requiredFee=n/a(insufficient), netLoss=n/a, ceiling=n/a) noChange(requiredFee=40745000, netLoss=34004975, ceiling=81490000))
[proto-driver] bet_append 83ac3c46-f12b-4338-9298-bd92be932172 advance: bet intent proto-bet:83ac3c46-f12b-4338-9298-bd92be932172:append exhausted 1 attempts: selectFeeUtxoByConstruction: no_suitable_fee_utxo(逐个真实构造全部失败 — value=33177975: selectChangeShape: insufficient inputs(leftover=-6822025 < 0) | value=74004975: selectChangeShape: no_viable_change_shape — withChange(requiredFee=n/a(insufficient), netLoss=n/a, ceiling=n/a) noChange(requiredFee=40745000, netLoss=34004975, ceiling=81490000) | value=74004975: selectChangeShape: no_viable_change_shape — withChange(requiredFee=n/a(insufficient), netLoss=n/a, ceiling=n/a) noChange(requiredFee=40745000, netLoss=34004975, ceiling=81490000) | value=74004975: selectChangeShape: no_viable_change_shape — withChange(requiredFee=n/a(insufficient), netLoss=n/a, ceiling=n/a) noChange(requiredFee=40745000, netLoss=34004975, ceiling=81490000))
[proto-driver] tick 300: {"actioned":1,"genesisAdvanced":0,"genesisLandedChecked":0,"genesisLanded":0,"betAppendAdvanced":0,"betAppendLandedChecked":0,"betAppendLanded":0,"errored":1,"held":0}
[proto-bet-intent] proto-bet:83ac3c46-f12b-4338-9298-bd92be932172:append attempt 1/1 fail: selectFeeUtxoByConstruction: no_suitable_fee_utxo(逐个真实构造全部失败 — value=33177975: selectChangeShape: insufficient inputs(leftover=-6822025 < 0) | value=74004975: selectChangeShape: no_viable_change_shape — withChange(requiredFee=n/a(insufficient), netLoss=n/a, ceiling=n/a) noChange(requiredFee=40745000, netLoss=34004975, ceiling=81490000) | value=74004975: selectChangeShape: no_viable_change_shape — withChange(requiredFee=n/a(insufficient), netLoss=n/a, ceiling=n/a) noChange(requiredFee=40745000, netLoss=34004975, ceiling=81490000) | value=74004975: selectChangeShape: no_viable_change_shape — withChange(requiredFee=n/a(insufficient), netLoss=n/a, ceiling=n/a) noChange(requiredFee=40745000, netLoss=34004975, ceiling=81490000))
[proto-driver] bet_append 83ac3c46-f12b-4338-9298-bd92be932172 advance: bet intent proto-bet:83ac3c46-f12b-4338-9298-bd92be932172:append exhausted 1 attempts: selectFeeUtxoByConstruction: no_suitable_fee_utxo(逐个真实构造全部失败 — value=33177975: selectChangeShape: insufficient inputs(leftover=-6822025 < 0) | value=74004975: selectChangeShape: no_viable_change_shape — withChange(requiredFee=n/a(insufficient), netLoss=n/a, ceiling=n/a) noChange(requiredFee=40745000, netLoss=34004975, ceiling=81490000) | value=74004975: selectChangeShape: no_viable_change_shape — withChange(requiredFee=n/a(insufficient), netLoss=n/a, ceiling=n/a) noChange(requiredFee=40745000, netLoss=34004975, ceiling=81490000) | value=74004975: selectChangeShape: no_viable_change_shape — withChange(requiredFee=n/a(insufficient), netLoss=n/a, ceiling=n/a) noChange(requiredFee=40745000, netLoss=34004975, ceiling=81490000))
[proto-driver] tick 301: {"actioned":1,"genesisAdvanced":0,"genesisLandedChecked":0,"genesisLanded":0,"betAppendAdvanced":0,"betAppendLandedChecked":0,"betAppendLanded":0,"errored":1,"held":0}
[proto-bet-intent] proto-bet:83ac3c46-f12b-4338-9298-bd92be932172:append attempt 1/1 fail: selectFeeUtxoByConstruction: no_suitable_fee_utxo(逐个真实构造全部失败 — value=33177975: selectChangeShape: insufficient inputs(leftover=-6822025 < 0) | value=74004975: selectChangeShape: no_viable_change_shape — withChange(requiredFee=n/a(insufficient), netLoss=n/a, ceiling=n/a) noChange(requiredFee=40745000, netLoss=34004975, ceiling=81490000) | value=74004975: selectChangeShape: no_viable_change_shape — withChange(requiredFee=n/a(insufficient), netLoss=n/a, ceiling=n/a) noChange(requiredFee=40745000, netLoss=34004975, ceiling=81490000) | value=74004975: selectChangeShape: no_viable_change_shape — withChange(requiredFee=n/a(insufficient), netLoss=n/a, ceiling=n/a) noChange(requiredFee=40745000, netLoss=34004975, ceiling=81490000))
[proto-driver] bet_append 83ac3c46-f12b-4338-9298-bd92be932172 advance: bet intent proto-bet:83ac3c46-f12b-4338-9298-bd92be932172:append exhausted 1 attempts: selectFeeUtxoByConstruction: no_suitable_fee_utxo(逐个真实构造全部失败 — value=33177975: selectChangeShape: insufficient inputs(leftover=-6822025 < 0) | value=74004975: selectChangeShape: no_viable_change_shape — withChange(requiredFee=n/a(insufficient), netLoss=n/a, ceiling=n/a) noChange(requiredFee=40745000, netLoss=34004975, ceiling=81490000) | value=74004975: selectChangeShape: no_viable_change_shape — withChange(requiredFee=n/a(insufficient), netLoss=n/a, ceiling=n/a) noChange(requiredFee=40745000, netLoss=34004975, ceiling=81490000) | value=74004975: selectChangeShape: no_viable_change_shape — withChange(requiredFee=n/a(insufficient), netLoss=n/a, ceiling=n/a) noChange(requiredFee=40745000, netLoss=34004975, ceiling=81490000))
[proto-driver] tick 302: {"actioned":1,"genesisAdvanced":0,"genesisLandedChecked":0,"genesisLanded":0,"betAppendAdvanced":0,"betAppendLandedChecked":0,"betAppendLanded":0,"errored":1,"held":0}
[proto-bet-intent] proto-bet:83ac3c46-f12b-4338-9298-bd92be932172:append attempt 1/1 fail: selectFeeUtxoByConstruction: no_suitable_fee_utxo(逐个真实构造全部失败 — value=33177975: selectChangeShape: insufficient inputs(leftover=-6822025 < 0) | value=74004975: selectChangeShape: no_viable_change_shape — withChange(requiredFee=n/a(insufficient), netLoss=n/a, ceiling=n/a) noChange(requiredFee=40745000, netLoss=34004975, ceiling=81490000) | value=74004975: selectChangeShape: no_viable_change_shape — withChange(requiredFee=n/a(insufficient), netLoss=n/a, ceiling=n/a) noChange(requiredFee=40745000, netLoss=34004975, ceiling=81490000) | value=74004975: selectChangeShape: no_viable_change_shape — withChange(requiredFee=n/a(insufficient), netLoss=n/a, ceiling=n/a) noChange(requiredFee=40745000, netLoss=34004975, ceiling=81490000))
[proto-driver] bet_append 83ac3c46-f12b-4338-9298-bd92be932172 advance: bet intent proto-bet:83ac3c46-f12b-4338-9298-bd92be932172:append exhausted 1 attempts: selectFeeUtxoByConstruction: no_suitable_fee_utxo(逐个真实构造全部失败 — value=33177975: selectChangeShape: insufficient inputs(leftover=-6822025 < 0) | value=74004975: selectChangeShape: no_viable_change_shape — withChange(requiredFee=n/a(insufficient), netLoss=n/a, ceiling=n/a) noChange(requiredFee=40745000, netLoss=34004975, ceiling=81490000) | value=74004975: selectChangeShape: no_viable_change_shape — withChange(requiredFee=n/a(insufficient), netLoss=n/a, ceiling=n/a) noChange(requiredFee=40745000, netLoss=34004975, ceiling=81490000) | value=74004975: selectChangeShape: no_viable_change_shape — withChange(requiredFee=n/a(insufficient), netLoss=n/a, ceiling=n/a) noChange(requiredFee=40745000, netLoss=34004975, ceiling=81490000))
[proto-driver] tick 303: {"actioned":1,"genesisAdvanced":0,"genesisLandedChecked":0,"genesisLanded":0,"betAppendAdvanced":0,"betAppendLandedChecked":0,"betAppendLanded":0,"errored":1,"held":0}
[proto-bet-intent] proto-bet:83ac3c46-f12b-4338-9298-bd92be932172:append attempt 1/1 fail: selectFeeUtxoByConstruction: no_suitable_fee_utxo(逐个真实构造全部失败 — value=33177975: selectChangeShape: insufficient inputs(leftover=-6822025 < 0) | value=74004975: selectChangeShape: no_viable_change_shape — withChange(requiredFee=n/a(insufficient), netLoss=n/a, ceiling=n/a) noChange(requiredFee=40745000, netLoss=34004975, ceiling=81490000) | value=74004975: selectChangeShape: no_viable_change_shape — withChange(requiredFee=n/a(insufficient), netLoss=n/a, ceiling=n/a) noChange(requiredFee=40745000, netLoss=34004975, ceiling=81490000) | value=74004975: selectChangeShape: no_viable_change_shape — withChange(requiredFee=n/a(insufficient), netLoss=n/a, ceiling=n/a) noChange(requiredFee=40745000, netLoss=34004975, ceiling=81490000))
[proto-driver] bet_append 83ac3c46-f12b-4338-9298-bd92be932172 advance: bet intent proto-bet:83ac3c46-f12b-4338-9298-bd92be932172:append exhausted 1 attempts: selectFeeUtxoByConstruction: no_suitable_fee_utxo(逐个真实构造全部失败 — value=33177975: selectChangeShape: insufficient inputs(leftover=-6822025 < 0) | value=74004975: selectChangeShape: no_viable_change_shape — withChange(requiredFee=n/a(insufficient), netLoss=n/a, ceiling=n/a) noChange(requiredFee=40745000, netLoss=34004975, ceiling=81490000) | value=74004975: selectChangeShape: no_viable_change_shape — withChange(requiredFee=n/a(insufficient), netLoss=n/a, ceiling=n/a) noChange(requiredFee=40745000, netLoss=34004975, ceiling=81490000) | value=74004975: selectChangeShape: no_viable_change_shape — withChange(requiredFee=n/a(insufficient), netLoss=n/a, ceiling=n/a) noChange(requiredFee=40745000, netLoss=34004975, ceiling=81490000))
[proto-driver] tick 304: {"actioned":1,"genesisAdvanced":0,"genesisLandedChecked":0,"genesisLanded":0,"betAppendAdvanced":0,"betAppendLandedChecked":0,"betAppendLanded":0,"errored":1,"held":0}
[proto-bet-intent] proto-bet:83ac3c46-f12b-4338-9298-bd92be932172:append attempt 1/1 fail: selectFeeUtxoByConstruction: no_suitable_fee_utxo(逐个真实构造全部失败 — value=33177975: selectChangeShape: insufficient inputs(leftover=-6822025 < 0) | value=74004975: selectChangeShape: no_viable_change_shape — withChange(requiredFee=n/a(insufficient), netLoss=n/a, ceiling=n/a) noChange(requiredFee=40745000, netLoss=34004975, ceiling=81490000) | value=74004975: selectChangeShape: no_viable_change_shape — withChange(requiredFee=n/a(insufficient), netLoss=n/a, ceiling=n/a) noChange(requiredFee=40745000, netLoss=34004975, ceiling=81490000) | value=74004975: selectChangeShape: no_viable_change_shape — withChange(requiredFee=n/a(insufficient), netLoss=n/a, ceiling=n/a) noChange(requiredFee=40745000, netLoss=34004975, ceiling=81490000))
[proto-driver] bet_append 83ac3c46-f12b-4338-9298-bd92be932172 advance: bet intent proto-bet:83ac3c46-f12b-4338-9298-bd92be932172:append exhausted 1 attempts: selectFeeUtxoByConstruction: no_suitable_fee_utxo(逐个真实构造全部失败 — value=33177975: selectChangeShape: insufficient inputs(leftover=-6822025 < 0) | value=74004975: selectChangeShape: no_viable_change_shape — withChange(requiredFee=n/a(insufficient), netLoss=n/a, ceiling=n/a) noChange(requiredFee=40745000, netLoss=34004975, ceiling=81490000) | value=74004975: selectChangeShape: no_viable_change_shape — withChange(requiredFee=n/a(insufficient), netLoss=n/a, ceiling=n/a) noChange(requiredFee=40745000, netLoss=34004975, ceiling=81490000) | value=74004975: selectChangeShape: no_viable_change_shape — withChange(requiredFee=n/a(insufficient), netLoss=n/a, ceiling=n/a) noChange(requiredFee=40745000, netLoss=34004975, ceiling=81490000))
[proto-driver] tick 305: {"actioned":1,"genesisAdvanced":0,"genesisLandedChecked":0,"genesisLanded":0,"betAppendAdvanced":0,"betAppendLandedChecked":0,"betAppendLanded":0,"errored":1,"held":0}
[proto-bet-intent] proto-bet:83ac3c46-f12b-4338-9298-bd92be932172:append attempt 1/1 fail: selectFeeUtxoByConstruction: no_suitable_fee_utxo(逐个真实构造全部失败 — value=33177975: selectChangeShape: insufficient inputs(leftover=-6822025 < 0) | value=74004975: selectChangeShape: no_viable_change_shape — withChange(requiredFee=n/a(insufficient), netLoss=n/a, ceiling=n/a) noChange(requiredFee=40745000, netLoss=34004975, ceiling=81490000) | value=74004975: selectChangeShape: no_viable_change_shape — withChange(requiredFee=n/a(insufficient), netLoss=n/a, ceiling=n/a) noChange(requiredFee=40745000, netLoss=34004975, ceiling=81490000) | value=74004975: selectChangeShape: no_viable_change_shape — withChange(requiredFee=n/a(insufficient), netLoss=n/a, ceiling=n/a) noChange(requiredFee=40745000, netLoss=34004975, ceiling=81490000))
[proto-driver] bet_append 83ac3c46-f12b-4338-9298-bd92be932172 advance: bet intent proto-bet:83ac3c46-f12b-4338-9298-bd92be932172:append exhausted 1 attempts: selectFeeUtxoByConstruction: no_suitable_fee_utxo(逐个真实构造全部失败 — value=33177975: selectChangeShape: insufficient inputs(leftover=-6822025 < 0) | value=74004975: selectChangeShape: no_viable_change_shape — withChange(requiredFee=n/a(insufficient), netLoss=n/a, ceiling=n/a) noChange(requiredFee=40745000, netLoss=34004975, ceiling=81490000) | value=74004975: selectChangeShape: no_viable_change_shape — withChange(requiredFee=n/a(insufficient), netLoss=n/a, ceiling=n/a) noChange(requiredFee=40745000, netLoss=34004975, ceiling=81490000) | value=74004975: selectChangeShape: no_viable_change_shape — withChange(requiredFee=n/a(insufficient), netLoss=n/a, ceiling=n/a) noChange(requiredFee=40745000, netLoss=34004975, ceiling=81490000))
[proto-driver] tick 306: {"actioned":1,"genesisAdvanced":0,"genesisLandedChecked":0,"genesisLanded":0,"betAppendAdvanced":0,"betAppendLandedChecked":0,"betAppendLanded":0,"errored":1,"held":0}
[proto-bet-intent] proto-bet:83ac3c46-f12b-4338-9298-bd92be932172:append attempt 1/1 fail: selectFeeUtxoByConstruction: no_suitable_fee_utxo(逐个真实构造全部失败 — value=33177975: selectChangeShape: insufficient inputs(leftover=-6822025 < 0) | value=74004975: selectChangeShape: no_viable_change_shape — withChange(requiredFee=n/a(insufficient), netLoss=n/a, ceiling=n/a) noChange(requiredFee=40745000, netLoss=34004975, ceiling=81490000) | value=74004975: selectChangeShape: no_viable_change_shape — withChange(requiredFee=n/a(insufficient), netLoss=n/a, ceiling=n/a) noChange(requiredFee=40745000, netLoss=34004975, ceiling=81490000) | value=74004975: selectChangeShape: no_viable_change_shape — withChange(requiredFee=n/a(insufficient), netLoss=n/a, ceiling=n/a) noChange(requiredFee=40745000, netLoss=34004975, ceiling=81490000))
[proto-driver] bet_append 83ac3c46-f12b-4338-9298-bd92be932172 advance: bet intent proto-bet:83ac3c46-f12b-4338-9298-bd92be932172:append exhausted 1 attempts: selectFeeUtxoByConstruction: no_suitable_fee_utxo(逐个真实构造全部失败 — value=33177975: selectChangeShape: insufficient inputs(leftover=-6822025 < 0) | value=74004975: selectChangeShape: no_viable_change_shape — withChange(requiredFee=n/a(insufficient), netLoss=n/a, ceiling=n/a) noChange(requiredFee=40745000, netLoss=34004975, ceiling=81490000) | value=74004975: selectChangeShape: no_viable_change_shape — withChange(requiredFee=n/a(insufficient), netLoss=n/a, ceiling=n/a) noChange(requiredFee=40745000, netLoss=34004975, ceiling=81490000) | value=74004975: selectChangeShape: no_viable_change_shape — withChange(requiredFee=n/a(insufficient), netLoss=n/a, ceiling=n/a) noChange(requiredFee=40745000, netLoss=34004975, ceiling=81490000))
[proto-driver] tick 307: {"actioned":1,"genesisAdvanced":0,"genesisLandedChecked":0,"genesisLanded":0,"betAppendAdvanced":0,"betAppendLandedChecked":0,"betAppendLanded":0,"errored":1,"held":0}
[proto-bet-intent] proto-bet:83ac3c46-f12b-4338-9298-bd92be932172:append attempt 1/1 fail: selectFeeUtxoByConstruction: no_suitable_fee_utxo(逐个真实构造全部失败 — value=33177975: selectChangeShape: insufficient inputs(leftover=-6822025 < 0) | value=74004975: selectChangeShape: no_viable_change_shape — withChange(requiredFee=n/a(insufficient), netLoss=n/a, ceiling=n/a) noChange(requiredFee=40745000, netLoss=34004975, ceiling=81490000) | value=74004975: selectChangeShape: no_viable_change_shape — withChange(requiredFee=n/a(insufficient), netLoss=n/a, ceiling=n/a) noChange(requiredFee=40745000, netLoss=34004975, ceiling=81490000) | value=74004975: selectChangeShape: no_viable_change_shape — withChange(requiredFee=n/a(insufficient), netLoss=n/a, ceiling=n/a) noChange(requiredFee=40745000, netLoss=34004975, ceiling=81490000))
[proto-driver] bet_append 83ac3c46-f12b-4338-9298-bd92be932172 advance: bet intent proto-bet:83ac3c46-f12b-4338-9298-bd92be932172:append exhausted 1 attempts: selectFeeUtxoByConstruction: no_suitable_fee_utxo(逐个真实构造全部失败 — value=33177975: selectChangeShape: insufficient inputs(leftover=-6822025 < 0) | value=74004975: selectChangeShape: no_viable_change_shape — withChange(requiredFee=n/a(insufficient), netLoss=n/a, ceiling=n/a) noChange(requiredFee=40745000, netLoss=34004975, ceiling=81490000) | value=74004975: selectChangeShape: no_viable_change_shape — withChange(requiredFee=n/a(insufficient), netLoss=n/a, ceiling=n/a) noChange(requiredFee=40745000, netLoss=34004975, ceiling=81490000) | value=74004975: selectChangeShape: no_viable_change_shape — withChange(requiredFee=n/a(insufficient), netLoss=n/a, ceiling=n/a) noChange(requiredFee=40745000, netLoss=34004975, ceiling=81490000))
[proto-driver] tick 308: {"actioned":1,"genesisAdvanced":0,"genesisLandedChecked":0,"genesisLanded":0,"betAppendAdvanced":0,"betAppendLandedChecked":0,"betAppendLanded":0,"errored":1,"held":0}
[proto-bet-intent] proto-bet:83ac3c46-f12b-4338-9298-bd92be932172:append attempt 1/1 fail: selectFeeUtxoByConstruction: no_suitable_fee_utxo(逐个真实构造全部失败 — value=33177975: selectChangeShape: insufficient inputs(leftover=-6822025 < 0) | value=74004975: selectChangeShape: no_viable_change_shape — withChange(requiredFee=n/a(insufficient), netLoss=n/a, ceiling=n/a) noChange(requiredFee=40745000, netLoss=34004975, ceiling=81490000) | value=74004975: selectChangeShape: no_viable_change_shape — withChange(requiredFee=n/a(insufficient), netLoss=n/a, ceiling=n/a) noChange(requiredFee=40745000, netLoss=34004975, ceiling=81490000) | value=74004975: selectChangeShape: no_viable_change_shape — withChange(requiredFee=n/a(insufficient), netLoss=n/a, ceiling=n/a) noChange(requiredFee=40745000, netLoss=34004975, ceiling=81490000))
[proto-driver] bet_append 83ac3c46-f12b-4338-9298-bd92be932172 advance: bet intent proto-bet:83ac3c46-f12b-4338-9298-bd92be932172:append exhausted 1 attempts: selectFeeUtxoByConstruction: no_suitable_fee_utxo(逐个真实构造全部失败 — value=33177975: selectChangeShape: insufficient inputs(leftover=-6822025 < 0) | value=74004975: selectChangeShape: no_viable_change_shape — withChange(requiredFee=n/a(insufficient), netLoss=n/a, ceiling=n/a) noChange(requiredFee=40745000, netLoss=34004975, ceiling=81490000) | value=74004975: selectChangeShape: no_viable_change_shape — withChange(requiredFee=n/a(insufficient), netLoss=n/a, ceiling=n/a) noChange(requiredFee=40745000, netLoss=34004975, ceiling=81490000) | value=74004975: selectChangeShape: no_viable_change_shape — withChange(requiredFee=n/a(insufficient), netLoss=n/a, ceiling=n/a) noChange(requiredFee=40745000, netLoss=34004975, ceiling=81490000))
[proto-driver] tick 309: {"actioned":1,"genesisAdvanced":0,"genesisLandedChecked":0,"genesisLanded":0,"betAppendAdvanced":0,"betAppendLandedChecked":0,"betAppendLanded":0,"errored":1,"held":0}
[proto-bet-intent] proto-bet:83ac3c46-f12b-4338-9298-bd92be932172:append attempt 1/1 fail: selectFeeUtxoByConstruction: no_suitable_fee_utxo(逐个真实构造全部失败 — value=33177975: selectChangeShape: insufficient inputs(leftover=-6822025 < 0) | value=74004975: selectChangeShape: no_viable_change_shape — withChange(requiredFee=n/a(insufficient), netLoss=n/a, ceiling=n/a) noChange(requiredFee=40745000, netLoss=34004975, ceiling=81490000) | value=74004975: selectChangeShape: no_viable_change_shape — withChange(requiredFee=n/a(insufficient), netLoss=n/a, ceiling=n/a) noChange(requiredFee=40745000, netLoss=34004975, ceiling=81490000) | value=74004975: selectChangeShape: no_viable_change_shape — withChange(requiredFee=n/a(insufficient), netLoss=n/a, ceiling=n/a) noChange(requiredFee=40745000, netLoss=34004975, ceiling=81490000))
[proto-driver] bet_append 83ac3c46-f12b-4338-9298-bd92be932172 advance: bet intent proto-bet:83ac3c46-f12b-4338-9298-bd92be932172:append exhausted 1 attempts: selectFeeUtxoByConstruction: no_suitable_fee_utxo(逐个真实构造全部失败 — value=33177975: selectChangeShape: insufficient inputs(leftover=-6822025 < 0) | value=74004975: selectChangeShape: no_viable_change_shape — withChange(requiredFee=n/a(insufficient), netLoss=n/a, ceiling=n/a) noChange(requiredFee=40745000, netLoss=34004975, ceiling=81490000) | value=74004975: selectChangeShape: no_viable_change_shape — withChange(requiredFee=n/a(insufficient), netLoss=n/a, ceiling=n/a) noChange(requiredFee=40745000, netLoss=34004975, ceiling=81490000) | value=74004975: selectChangeShape: no_viable_change_shape — withChange(requiredFee=n/a(insufficient), netLoss=n/a, ceiling=n/a) noChange(requiredFee=40745000, netLoss=34004975, ceiling=81490000))
[proto-driver] tick 310: {"actioned":1,"genesisAdvanced":0,"genesisLandedChecked":0,"genesisLanded":0,"betAppendAdvanced":0,"betAppendLandedChecked":0,"betAppendLanded":0,"errored":1,"held":0}
[proto-bet-intent] proto-bet:83ac3c46-f12b-4338-9298-bd92be932172:append attempt 1/1 fail: selectFeeUtxoByConstruction: no_suitable_fee_utxo(逐个真实构造全部失败 — value=33177975: selectChangeShape: insufficient inputs(leftover=-6822025 < 0) | value=74004975: selectChangeShape: no_viable_change_shape — withChange(requiredFee=n/a(insufficient), netLoss=n/a, ceiling=n/a) noChange(requiredFee=40745000, netLoss=34004975, ceiling=81490000) | value=74004975: selectChangeShape: no_viable_change_shape — withChange(requiredFee=n/a(insufficient), netLoss=n/a, ceiling=n/a) noChange(requiredFee=40745000, netLoss=34004975, ceiling=81490000) | value=74004975: selectChangeShape: no_viable_change_shape — withChange(requiredFee=n/a(insufficient), netLoss=n/a, ceiling=n/a) noChange(requiredFee=40745000, netLoss=34004975, ceiling=81490000))
[proto-driver] bet_append 83ac3c46-f12b-4338-9298-bd92be932172 advance: bet intent proto-bet:83ac3c46-f12b-4338-9298-bd92be932172:append exhausted 1 attempts: selectFeeUtxoByConstruction: no_suitable_fee_utxo(逐个真实构造全部失败 — value=33177975: selectChangeShape: insufficient inputs(leftover=-6822025 < 0) | value=74004975: selectChangeShape: no_viable_change_shape — withChange(requiredFee=n/a(insufficient), netLoss=n/a, ceiling=n/a) noChange(requiredFee=40745000, netLoss=34004975, ceiling=81490000) | value=74004975: selectChangeShape: no_viable_change_shape — withChange(requiredFee=n/a(insufficient), netLoss=n/a, ceiling=n/a) noChange(requiredFee=40745000, netLoss=34004975, ceiling=81490000) | value=74004975: selectChangeShape: no_viable_change_shape — withChange(requiredFee=n/a(insufficient), netLoss=n/a, ceiling=n/a) noChange(requiredFee=40745000, netLoss=34004975, ceiling=81490000))
[proto-driver] tick 311: {"actioned":1,"genesisAdvanced":0,"genesisLandedChecked":0,"genesisLanded":0,"betAppendAdvanced":0,"betAppendLandedChecked":0,"betAppendLanded":0,"errored":1,"held":0}
[proto-bet-intent] proto-bet:83ac3c46-f12b-4338-9298-bd92be932172:append attempt 1/1 fail: selectFeeUtxoByConstruction: no_suitable_fee_utxo(逐个真实构造全部失败 — value=33177975: selectChangeShape: insufficient inputs(leftover=-6822025 < 0) | value=74004975: selectChangeShape: no_viable_change_shape — withChange(requiredFee=n/a(insufficient), netLoss=n/a, ceiling=n/a) noChange(requiredFee=40745000, netLoss=34004975, ceiling=81490000) | value=74004975: selectChangeShape: no_viable_change_shape — withChange(requiredFee=n/a(insufficient), netLoss=n/a, ceiling=n/a) noChange(requiredFee=40745000, netLoss=34004975, ceiling=81490000) | value=74004975: selectChangeShape: no_viable_change_shape — withChange(requiredFee=n/a(insufficient), netLoss=n/a, ceiling=n/a) noChange(requiredFee=40745000, netLoss=34004975, ceiling=81490000))
[proto-driver] bet_append 83ac3c46-f12b-4338-9298-bd92be932172 advance: bet intent proto-bet:83ac3c46-f12b-4338-9298-bd92be932172:append exhausted 1 attempts: selectFeeUtxoByConstruction: no_suitable_fee_utxo(逐个真实构造全部失败 — value=33177975: selectChangeShape: insufficient inputs(leftover=-6822025 < 0) | value=74004975: selectChangeShape: no_viable_change_shape — withChange(requiredFee=n/a(insufficient), netLoss=n/a, ceiling=n/a) noChange(requiredFee=40745000, netLoss=34004975, ceiling=81490000) | value=74004975: selectChangeShape: no_viable_change_shape — withChange(requiredFee=n/a(insufficient), netLoss=n/a, ceiling=n/a) noChange(requiredFee=40745000, netLoss=34004975, ceiling=81490000) | value=74004975: selectChangeShape: no_viable_change_shape — withChange(requiredFee=n/a(insufficient), netLoss=n/a, ceiling=n/a) noChange(requiredFee=40745000, netLoss=34004975, ceiling=81490000))
[proto-driver] tick 312: {"actioned":1,"genesisAdvanced":0,"genesisLandedChecked":0,"genesisLanded":0,"betAppendAdvanced":0,"betAppendLandedChecked":0,"betAppendLanded":0,"errored":1,"held":0}
[proto-bet-intent] proto-bet:83ac3c46-f12b-4338-9298-bd92be932172:append attempt 1/1 fail: selectFeeUtxoByConstruction: no_suitable_fee_utxo(逐个真实构造全部失败 — value=33177975: selectChangeShape: insufficient inputs(leftover=-6822025 < 0) | value=74004975: selectChangeShape: no_viable_change_shape — withChange(requiredFee=n/a(insufficient), netLoss=n/a, ceiling=n/a) noChange(requiredFee=40745000, netLoss=34004975, ceiling=81490000) | value=74004975: selectChangeShape: no_viable_change_shape — withChange(requiredFee=n/a(insufficient), netLoss=n/a, ceiling=n/a) noChange(requiredFee=40745000, netLoss=34004975, ceiling=81490000) | value=74004975: selectChangeShape: no_viable_change_shape — withChange(requiredFee=n/a(insufficient), netLoss=n/a, ceiling=n/a) noChange(requiredFee=40745000, netLoss=34004975, ceiling=81490000))
[proto-driver] bet_append 83ac3c46-f12b-4338-9298-bd92be932172 advance: bet intent proto-bet:83ac3c46-f12b-4338-9298-bd92be932172:append exhausted 1 attempts: selectFeeUtxoByConstruction: no_suitable_fee_utxo(逐个真实构造全部失败 — value=33177975: selectChangeShape: insufficient inputs(leftover=-6822025 < 0) | value=74004975: selectChangeShape: no_viable_change_shape — withChange(requiredFee=n/a(insufficient), netLoss=n/a, ceiling=n/a) noChange(requiredFee=40745000, netLoss=34004975, ceiling=81490000) | value=74004975: selectChangeShape: no_viable_change_shape — withChange(requiredFee=n/a(insufficient), netLoss=n/a, ceiling=n/a) noChange(requiredFee=40745000, netLoss=34004975, ceiling=81490000) | value=74004975: selectChangeShape: no_viable_change_shape — withChange(requiredFee=n/a(insufficient), netLoss=n/a, ceiling=n/a) noChange(requiredFee=40745000, netLoss=34004975, ceiling=81490000))
[proto-driver] tick 313: {"actioned":1,"genesisAdvanced":0,"genesisLandedChecked":0,"genesisLanded":0,"betAppendAdvanced":0,"betAppendLandedChecked":0,"betAppendLanded":0,"errored":1,"held":0}
[proto-bet-intent] proto-bet:83ac3c46-f12b-4338-9298-bd92be932172:append attempt 1/1 fail: selectFeeUtxoByConstruction: no_suitable_fee_utxo(逐个真实构造全部失败 — value=33177975: selectChangeShape: insufficient inputs(leftover=-6822025 < 0) | value=74004975: selectChangeShape: no_viable_change_shape — withChange(requiredFee=n/a(insufficient), netLoss=n/a, ceiling=n/a) noChange(requiredFee=40745000, netLoss=34004975, ceiling=81490000) | value=74004975: selectChangeShape: no_viable_change_shape — withChange(requiredFee=n/a(insufficient), netLoss=n/a, ceiling=n/a) noChange(requiredFee=40745000, netLoss=34004975, ceiling=81490000) | value=74004975: selectChangeShape: no_viable_change_shape — withChange(requiredFee=n/a(insufficient), netLoss=n/a, ceiling=n/a) noChange(requiredFee=40745000, netLoss=34004975, ceiling=81490000))
[proto-driver] bet_append 83ac3c46-f12b-4338-9298-bd92be932172 advance: bet intent proto-bet:83ac3c46-f12b-4338-9298-bd92be932172:append exhausted 1 attempts: selectFeeUtxoByConstruction: no_suitable_fee_utxo(逐个真实构造全部失败 — value=33177975: selectChangeShape: insufficient inputs(leftover=-6822025 < 0) | value=74004975: selectChangeShape: no_viable_change_shape — withChange(requiredFee=n/a(insufficient), netLoss=n/a, ceiling=n/a) noChange(requiredFee=40745000, netLoss=34004975, ceiling=81490000) | value=74004975: selectChangeShape: no_viable_change_shape — withChange(requiredFee=n/a(insufficient), netLoss=n/a, ceiling=n/a) noChange(requiredFee=40745000, netLoss=34004975, ceiling=81490000) | value=74004975: selectChangeShape: no_viable_change_shape — withChange(requiredFee=n/a(insufficient), netLoss=n/a, ceiling=n/a) noChange(requiredFee=40745000, netLoss=34004975, ceiling=81490000))
[proto-driver] tick 314: {"actioned":1,"genesisAdvanced":0,"genesisLandedChecked":0,"genesisLanded":0,"betAppendAdvanced":0,"betAppendLandedChecked":0,"betAppendLanded":0,"errored":1,"held":0}
[proto-bet-intent] proto-bet:83ac3c46-f12b-4338-9298-bd92be932172:append attempt 1/1 fail: selectFeeUtxoByConstruction: no_suitable_fee_utxo(逐个真实构造全部失败 — value=33177975: selectChangeShape: insufficient inputs(leftover=-6822025 < 0) | value=74004975: selectChangeShape: no_viable_change_shape — withChange(requiredFee=n/a(insufficient), netLoss=n/a, ceiling=n/a) noChange(requiredFee=40745000, netLoss=34004975, ceiling=81490000) | value=74004975: selectChangeShape: no_viable_change_shape — withChange(requiredFee=n/a(insufficient), netLoss=n/a, ceiling=n/a) noChange(requiredFee=40745000, netLoss=34004975, ceiling=81490000) | value=74004975: selectChangeShape: no_viable_change_shape — withChange(requiredFee=n/a(insufficient), netLoss=n/a, ceiling=n/a) noChange(requiredFee=40745000, netLoss=34004975, ceiling=81490000))
[proto-driver] bet_append 83ac3c46-f12b-4338-9298-bd92be932172 advance: bet intent proto-bet:83ac3c46-f12b-4338-9298-bd92be932172:append exhausted 1 attempts: selectFeeUtxoByConstruction: no_suitable_fee_utxo(逐个真实构造全部失败 — value=33177975: selectChangeShape: insufficient inputs(leftover=-6822025 < 0) | value=74004975: selectChangeShape: no_viable_change_shape — withChange(requiredFee=n/a(insufficient), netLoss=n/a, ceiling=n/a) noChange(requiredFee=40745000, netLoss=34004975, ceiling=81490000) | value=74004975: selectChangeShape: no_viable_change_shape — withChange(requiredFee=n/a(insufficient), netLoss=n/a, ceiling=n/a) noChange(requiredFee=40745000, netLoss=34004975, ceiling=81490000) | value=74004975: selectChangeShape: no_viable_change_shape — withChange(requiredFee=n/a(insufficient), netLoss=n/a, ceiling=n/a) noChange(requiredFee=40745000, netLoss=34004975, ceiling=81490000))
[proto-driver] tick 315: {"actioned":1,"genesisAdvanced":0,"genesisLandedChecked":0,"genesisLanded":0,"betAppendAdvanced":0,"betAppendLandedChecked":0,"betAppendLanded":0,"errored":1,"held":0}
[proto-bet-intent] proto-bet:83ac3c46-f12b-4338-9298-bd92be932172:append attempt 1/1 fail: selectFeeUtxoByConstruction: no_suitable_fee_utxo(逐个真实构造全部失败 — value=33177975: selectChangeShape: insufficient inputs(leftover=-6822025 < 0) | value=74004975: selectChangeShape: no_viable_change_shape — withChange(requiredFee=n/a(insufficient), netLoss=n/a, ceiling=n/a) noChange(requiredFee=40745000, netLoss=34004975, ceiling=81490000) | value=74004975: selectChangeShape: no_viable_change_shape — withChange(requiredFee=n/a(insufficient), netLoss=n/a, ceiling=n/a) noChange(requiredFee=40745000, netLoss=34004975, ceiling=81490000) | value=74004975: selectChangeShape: no_viable_change_shape — withChange(requiredFee=n/a(insufficient), netLoss=n/a, ceiling=n/a) noChange(requiredFee=40745000, netLoss=34004975, ceiling=81490000))
[proto-driver] bet_append 83ac3c46-f12b-4338-9298-bd92be932172 advance: bet intent proto-bet:83ac3c46-f12b-4338-9298-bd92be932172:append exhausted 1 attempts: selectFeeUtxoByConstruction: no_suitable_fee_utxo(逐个真实构造全部失败 — value=33177975: selectChangeShape: insufficient inputs(leftover=-6822025 < 0) | value=74004975: selectChangeShape: no_viable_change_shape — withChange(requiredFee=n/a(insufficient), netLoss=n/a, ceiling=n/a) noChange(requiredFee=40745000, netLoss=34004975, ceiling=81490000) | value=74004975: selectChangeShape: no_viable_change_shape — withChange(requiredFee=n/a(insufficient), netLoss=n/a, ceiling=n/a) noChange(requiredFee=40745000, netLoss=34004975, ceiling=81490000) | value=74004975: selectChangeShape: no_viable_change_shape — withChange(requiredFee=n/a(insufficient), netLoss=n/a, ceiling=n/a) noChange(requiredFee=40745000, netLoss=34004975, ceiling=81490000))
[proto-driver] tick 316: {"actioned":1,"genesisAdvanced":0,"genesisLandedChecked":0,"genesisLanded":0,"betAppendAdvanced":0,"betAppendLandedChecked":0,"betAppendLanded":0,"errored":1,"held":0}
[proto-bet-intent] proto-bet:83ac3c46-f12b-4338-9298-bd92be932172:append attempt 1/1 fail: selectFeeUtxoByConstruction: no_suitable_fee_utxo(逐个真实构造全部失败 — value=33177975: selectChangeShape: insufficient inputs(leftover=-6822025 < 0) | value=74004975: selectChangeShape: no_viable_change_shape — withChange(requiredFee=n/a(insufficient), netLoss=n/a, ceiling=n/a) noChange(requiredFee=40745000, netLoss=34004975, ceiling=81490000) | value=74004975: selectChangeShape: no_viable_change_shape — withChange(requiredFee=n/a(insufficient), netLoss=n/a, ceiling=n/a) noChange(requiredFee=40745000, netLoss=34004975, ceiling=81490000) | value=74004975: selectChangeShape: no_viable_change_shape — withChange(requiredFee=n/a(insufficient), netLoss=n/a, ceiling=n/a) noChange(requiredFee=40745000, netLoss=34004975, ceiling=81490000))
[proto-driver] bet_append 83ac3c46-f12b-4338-9298-bd92be932172 advance: bet intent proto-bet:83ac3c46-f12b-4338-9298-bd92be932172:append exhausted 1 attempts: selectFeeUtxoByConstruction: no_suitable_fee_utxo(逐个真实构造全部失败 — value=33177975: selectChangeShape: insufficient inputs(leftover=-6822025 < 0) | value=74004975: selectChangeShape: no_viable_change_shape — withChange(requiredFee=n/a(insufficient), netLoss=n/a, ceiling=n/a) noChange(requiredFee=40745000, netLoss=34004975, ceiling=81490000) | value=74004975: selectChangeShape: no_viable_change_shape — withChange(requiredFee=n/a(insufficient), netLoss=n/a, ceiling=n/a) noChange(requiredFee=40745000, netLoss=34004975, ceiling=81490000) | value=74004975: selectChangeShape: no_viable_change_shape — withChange(requiredFee=n/a(insufficient), netLoss=n/a, ceiling=n/a) noChange(requiredFee=40745000, netLoss=34004975, ceiling=81490000))
[proto-driver] tick 317: {"actioned":1,"genesisAdvanced":0,"genesisLandedChecked":0,"genesisLanded":0,"betAppendAdvanced":0,"betAppendLandedChecked":0,"betAppendLanded":0,"errored":1,"held":0}
[proto-bet-intent] proto-bet:83ac3c46-f12b-4338-9298-bd92be932172:append attempt 1/1 fail: selectFeeUtxoByConstruction: no_suitable_fee_utxo(逐个真实构造全部失败 — value=33177975: selectChangeShape: insufficient inputs(leftover=-6822025 < 0) | value=74004975: selectChangeShape: no_viable_change_shape — withChange(requiredFee=n/a(insufficient), netLoss=n/a, ceiling=n/a) noChange(requiredFee=40745000, netLoss=34004975, ceiling=81490000) | value=74004975: selectChangeShape: no_viable_change_shape — withChange(requiredFee=n/a(insufficient), netLoss=n/a, ceiling=n/a) noChange(requiredFee=40745000, netLoss=34004975, ceiling=81490000) | value=74004975: selectChangeShape: no_viable_change_shape — withChange(requiredFee=n/a(insufficient), netLoss=n/a, ceiling=n/a) noChange(requiredFee=40745000, netLoss=34004975, ceiling=81490000))
[proto-driver] bet_append 83ac3c46-f12b-4338-9298-bd92be932172 advance: bet intent proto-bet:83ac3c46-f12b-4338-9298-bd92be932172:append exhausted 1 attempts: selectFeeUtxoByConstruction: no_suitable_fee_utxo(逐个真实构造全部失败 — value=33177975: selectChangeShape: insufficient inputs(leftover=-6822025 < 0) | value=74004975: selectChangeShape: no_viable_change_shape — withChange(requiredFee=n/a(insufficient), netLoss=n/a, ceiling=n/a) noChange(requiredFee=40745000, netLoss=34004975, ceiling=81490000) | value=74004975: selectChangeShape: no_viable_change_shape — withChange(requiredFee=n/a(insufficient), netLoss=n/a, ceiling=n/a) noChange(requiredFee=40745000, netLoss=34004975, ceiling=81490000) | value=74004975: selectChangeShape: no_viable_change_shape — withChange(requiredFee=n/a(insufficient), netLoss=n/a, ceiling=n/a) noChange(requiredFee=40745000, netLoss=34004975, ceiling=81490000))
[proto-driver] tick 318: {"actioned":1,"genesisAdvanced":0,"genesisLandedChecked":0,"genesisLanded":0,"betAppendAdvanced":0,"betAppendLandedChecked":0,"betAppendLanded":0,"errored":1,"held":0}
[proto-bet-intent] proto-bet:83ac3c46-f12b-4338-9298-bd92be932172:append attempt 1/1 fail: selectFeeUtxoByConstruction: no_suitable_fee_utxo(逐个真实构造全部失败 — value=33177975: selectChangeShape: insufficient inputs(leftover=-6822025 < 0) | value=74004975: selectChangeShape: no_viable_change_shape — withChange(requiredFee=n/a(insufficient), netLoss=n/a, ceiling=n/a) noChange(requiredFee=40745000, netLoss=34004975, ceiling=81490000) | value=74004975: selectChangeShape: no_viable_change_shape — withChange(requiredFee=n/a(insufficient), netLoss=n/a, ceiling=n/a) noChange(requiredFee=40745000, netLoss=34004975, ceiling=81490000) | value=74004975: selectChangeShape: no_viable_change_shape — withChange(requiredFee=n/a(insufficient), netLoss=n/a, ceiling=n/a) noChange(requiredFee=40745000, netLoss=34004975, ceiling=81490000))
[proto-driver] bet_append 83ac3c46-f12b-4338-9298-bd92be932172 advance: bet intent proto-bet:83ac3c46-f12b-4338-9298-bd92be932172:append exhausted 1 attempts: selectFeeUtxoByConstruction: no_suitable_fee_utxo(逐个真实构造全部失败 — value=33177975: selectChangeShape: insufficient inputs(leftover=-6822025 < 0) | value=74004975: selectChangeShape: no_viable_change_shape — withChange(requiredFee=n/a(insufficient), netLoss=n/a, ceiling=n/a) noChange(requiredFee=40745000, netLoss=34004975, ceiling=81490000) | value=74004975: selectChangeShape: no_viable_change_shape — withChange(requiredFee=n/a(insufficient), netLoss=n/a, ceiling=n/a) noChange(requiredFee=40745000, netLoss=34004975, ceiling=81490000) | value=74004975: selectChangeShape: no_viable_change_shape — withChange(requiredFee=n/a(insufficient), netLoss=n/a, ceiling=n/a) noChange(requiredFee=40745000, netLoss=34004975, ceiling=81490000))
[proto-driver] tick 319: {"actioned":1,"genesisAdvanced":0,"genesisLandedChecked":0,"genesisLanded":0,"betAppendAdvanced":0,"betAppendLandedChecked":0,"betAppendLanded":0,"errored":1,"held":0}
[proto-bet-intent] proto-bet:83ac3c46-f12b-4338-9298-bd92be932172:append attempt 1/1 fail: selectFeeUtxoByConstruction: no_suitable_fee_utxo(逐个真实构造全部失败 — value=33177975: selectChangeShape: insufficient inputs(leftover=-6822025 < 0) | value=74004975: selectChangeShape: no_viable_change_shape — withChange(requiredFee=n/a(insufficient), netLoss=n/a, ceiling=n/a) noChange(requiredFee=40745000, netLoss=34004975, ceiling=81490000) | value=74004975: selectChangeShape: no_viable_change_shape — withChange(requiredFee=n/a(insufficient), netLoss=n/a, ceiling=n/a) noChange(requiredFee=40745000, netLoss=34004975, ceiling=81490000) | value=74004975: selectChangeShape: no_viable_change_shape — withChange(requiredFee=n/a(insufficient), netLoss=n/a, ceiling=n/a) noChange(requiredFee=40745000, netLoss=34004975, ceiling=81490000))
[proto-driver] bet_append 83ac3c46-f12b-4338-9298-bd92be932172 advance: bet intent proto-bet:83ac3c46-f12b-4338-9298-bd92be932172:append exhausted 1 attempts: selectFeeUtxoByConstruction: no_suitable_fee_utxo(逐个真实构造全部失败 — value=33177975: selectChangeShape: insufficient inputs(leftover=-6822025 < 0) | value=74004975: selectChangeShape: no_viable_change_shape — withChange(requiredFee=n/a(insufficient), netLoss=n/a, ceiling=n/a) noChange(requiredFee=40745000, netLoss=34004975, ceiling=81490000) | value=74004975: selectChangeShape: no_viable_change_shape — withChange(requiredFee=n/a(insufficient), netLoss=n/a, ceiling=n/a) noChange(requiredFee=40745000, netLoss=34004975, ceiling=81490000) | value=74004975: selectChangeShape: no_viable_change_shape — withChange(requiredFee=n/a(insufficient), netLoss=n/a, ceiling=n/a) noChange(requiredFee=40745000, netLoss=34004975, ceiling=81490000))
[proto-driver] tick 320: {"actioned":1,"genesisAdvanced":0,"genesisLandedChecked":0,"genesisLanded":0,"betAppendAdvanced":0,"betAppendLandedChecked":0,"betAppendLanded":0,"errored":1,"held":0}
[proto-bet-intent] proto-bet:83ac3c46-f12b-4338-9298-bd92be932172:append attempt 1/1 fail: selectFeeUtxoByConstruction: no_suitable_fee_utxo(逐个真实构造全部失败 — value=33177975: selectChangeShape: insufficient inputs(leftover=-6822025 < 0) | value=74004975: selectChangeShape: no_viable_change_shape — withChange(requiredFee=n/a(insufficient), netLoss=n/a, ceiling=n/a) noChange(requiredFee=40745000, netLoss=34004975, ceiling=81490000) | value=74004975: selectChangeShape: no_viable_change_shape — withChange(requiredFee=n/a(insufficient), netLoss=n/a, ceiling=n/a) noChange(requiredFee=40745000, netLoss=34004975, ceiling=81490000) | value=74004975: selectChangeShape: no_viable_change_shape — withChange(requiredFee=n/a(insufficient), netLoss=n/a, ceiling=n/a) noChange(requiredFee=40745000, netLoss=34004975, ceiling=81490000))
[proto-driver] bet_append 83ac3c46-f12b-4338-9298-bd92be932172 advance: bet intent proto-bet:83ac3c46-f12b-4338-9298-bd92be932172:append exhausted 1 attempts: selectFeeUtxoByConstruction: no_suitable_fee_utxo(逐个真实构造全部失败 — value=33177975: selectChangeShape: insufficient inputs(leftover=-6822025 < 0) | value=74004975: selectChangeShape: no_viable_change_shape — withChange(requiredFee=n/a(insufficient), netLoss=n/a, ceiling=n/a) noChange(requiredFee=40745000, netLoss=34004975, ceiling=81490000) | value=74004975: selectChangeShape: no_viable_change_shape — withChange(requiredFee=n/a(insufficient), netLoss=n/a, ceiling=n/a) noChange(requiredFee=40745000, netLoss=34004975, ceiling=81490000) | value=74004975: selectChangeShape: no_viable_change_shape — withChange(requiredFee=n/a(insufficient), netLoss=n/a, ceiling=n/a) noChange(requiredFee=40745000, netLoss=34004975, ceiling=81490000))
[proto-driver] tick 321: {"actioned":1,"genesisAdvanced":0,"genesisLandedChecked":0,"genesisLanded":0,"betAppendAdvanced":0,"betAppendLandedChecked":0,"betAppendLanded":0,"errored":1,"held":0}
[proto-bet-intent] proto-bet:83ac3c46-f12b-4338-9298-bd92be932172:append attempt 1/1 fail: selectFeeUtxoByConstruction: no_suitable_fee_utxo(逐个真实构造全部失败 — value=33177975: selectChangeShape: insufficient inputs(leftover=-6822025 < 0) | value=74004975: selectChangeShape: no_viable_change_shape — withChange(requiredFee=n/a(insufficient), netLoss=n/a, ceiling=n/a) noChange(requiredFee=40745000, netLoss=34004975, ceiling=81490000) | value=74004975: selectChangeShape: no_viable_change_shape — withChange(requiredFee=n/a(insufficient), netLoss=n/a, ceiling=n/a) noChange(requiredFee=40745000, netLoss=34004975, ceiling=81490000) | value=74004975: selectChangeShape: no_viable_change_shape — withChange(requiredFee=n/a(insufficient), netLoss=n/a, ceiling=n/a) noChange(requiredFee=40745000, netLoss=34004975, ceiling=81490000))
[proto-driver] bet_append 83ac3c46-f12b-4338-9298-bd92be932172 advance: bet intent proto-bet:83ac3c46-f12b-4338-9298-bd92be932172:append exhausted 1 attempts: selectFeeUtxoByConstruction: no_suitable_fee_utxo(逐个真实构造全部失败 — value=33177975: selectChangeShape: insufficient inputs(leftover=-6822025 < 0) | value=74004975: selectChangeShape: no_viable_change_shape — withChange(requiredFee=n/a(insufficient), netLoss=n/a, ceiling=n/a) noChange(requiredFee=40745000, netLoss=34004975, ceiling=81490000) | value=74004975: selectChangeShape: no_viable_change_shape — withChange(requiredFee=n/a(insufficient), netLoss=n/a, ceiling=n/a) noChange(requiredFee=40745000, netLoss=34004975, ceiling=81490000) | value=74004975: selectChangeShape: no_viable_change_shape — withChange(requiredFee=n/a(insufficient), netLoss=n/a, ceiling=n/a) noChange(requiredFee=40745000, netLoss=34004975, ceiling=81490000))
[proto-driver] tick 322: {"actioned":1,"genesisAdvanced":0,"genesisLandedChecked":0,"genesisLanded":0,"betAppendAdvanced":0,"betAppendLandedChecked":0,"betAppendLanded":0,"errored":1,"held":0}
[proto-bet-intent] proto-bet:83ac3c46-f12b-4338-9298-bd92be932172:append attempt 1/1 fail: selectFeeUtxoByConstruction: no_suitable_fee_utxo(逐个真实构造全部失败 — value=33177975: selectChangeShape: insufficient inputs(leftover=-6822025 < 0) | value=74004975: selectChangeShape: no_viable_change_shape — withChange(requiredFee=n/a(insufficient), netLoss=n/a, ceiling=n/a) noChange(requiredFee=40745000, netLoss=34004975, ceiling=81490000) | value=74004975: selectChangeShape: no_viable_change_shape — withChange(requiredFee=n/a(insufficient), netLoss=n/a, ceiling=n/a) noChange(requiredFee=40745000, netLoss=34004975, ceiling=81490000) | value=74004975: selectChangeShape: no_viable_change_shape — withChange(requiredFee=n/a(insufficient), netLoss=n/a, ceiling=n/a) noChange(requiredFee=40745000, netLoss=34004975, ceiling=81490000))
[proto-driver] bet_append 83ac3c46-f12b-4338-9298-bd92be932172 advance: bet intent proto-bet:83ac3c46-f12b-4338-9298-bd92be932172:append exhausted 1 attempts: selectFeeUtxoByConstruction: no_suitable_fee_utxo(逐个真实构造全部失败 — value=33177975: selectChangeShape: insufficient inputs(leftover=-6822025 < 0) | value=74004975: selectChangeShape: no_viable_change_shape — withChange(requiredFee=n/a(insufficient), netLoss=n/a, ceiling=n/a) noChange(requiredFee=40745000, netLoss=34004975, ceiling=81490000) | value=74004975: selectChangeShape: no_viable_change_shape — withChange(requiredFee=n/a(insufficient), netLoss=n/a, ceiling=n/a) noChange(requiredFee=40745000, netLoss=34004975, ceiling=81490000) | value=74004975: selectChangeShape: no_viable_change_shape — withChange(requiredFee=n/a(insufficient), netLoss=n/a, ceiling=n/a) noChange(requiredFee=40745000, netLoss=34004975, ceiling=81490000))
[proto-driver] tick 323: {"actioned":1,"genesisAdvanced":0,"genesisLandedChecked":0,"genesisLanded":0,"betAppendAdvanced":0,"betAppendLandedChecked":0,"betAppendLanded":0,"errored":1,"held":0}
[proto-bet-intent] proto-bet:83ac3c46-f12b-4338-9298-bd92be932172:append attempt 1/1 fail: selectFeeUtxoByConstruction: no_suitable_fee_utxo(逐个真实构造全部失败 — value=33177975: selectChangeShape: insufficient inputs(leftover=-6822025 < 0) | value=74004975: selectChangeShape: no_viable_change_shape — withChange(requiredFee=n/a(insufficient), netLoss=n/a, ceiling=n/a) noChange(requiredFee=40745000, netLoss=34004975, ceiling=81490000) | value=74004975: selectChangeShape: no_viable_change_shape — withChange(requiredFee=n/a(insufficient), netLoss=n/a, ceiling=n/a) noChange(requiredFee=40745000, netLoss=34004975, ceiling=81490000) | value=74004975: selectChangeShape: no_viable_change_shape — withChange(requiredFee=n/a(insufficient), netLoss=n/a, ceiling=n/a) noChange(requiredFee=40745000, netLoss=34004975, ceiling=81490000))
[proto-driver] bet_append 83ac3c46-f12b-4338-9298-bd92be932172 advance: bet intent proto-bet:83ac3c46-f12b-4338-9298-bd92be932172:append exhausted 1 attempts: selectFeeUtxoByConstruction: no_suitable_fee_utxo(逐个真实构造全部失败 — value=33177975: selectChangeShape: insufficient inputs(leftover=-6822025 < 0) | value=74004975: selectChangeShape: no_viable_change_shape — withChange(requiredFee=n/a(insufficient), netLoss=n/a, ceiling=n/a) noChange(requiredFee=40745000, netLoss=34004975, ceiling=81490000) | value=74004975: selectChangeShape: no_viable_change_shape — withChange(requiredFee=n/a(insufficient), netLoss=n/a, ceiling=n/a) noChange(requiredFee=40745000, netLoss=34004975, ceiling=81490000) | value=74004975: selectChangeShape: no_viable_change_shape — withChange(requiredFee=n/a(insufficient), netLoss=n/a, ceiling=n/a) noChange(requiredFee=40745000, netLoss=34004975, ceiling=81490000))
[proto-driver] tick 324: {"actioned":1,"genesisAdvanced":0,"genesisLandedChecked":0,"genesisLanded":0,"betAppendAdvanced":0,"betAppendLandedChecked":0,"betAppendLanded":0,"errored":1,"held":0}
[proto-bet-intent] proto-bet:83ac3c46-f12b-4338-9298-bd92be932172:append attempt 1/1 fail: selectFeeUtxoByConstruction: no_suitable_fee_utxo(逐个真实构造全部失败 — value=33177975: selectChangeShape: insufficient inputs(leftover=-6822025 < 0) | value=74004975: selectChangeShape: no_viable_change_shape — withChange(requiredFee=n/a(insufficient), netLoss=n/a, ceiling=n/a) noChange(requiredFee=40745000, netLoss=34004975, ceiling=81490000) | value=74004975: selectChangeShape: no_viable_change_shape — withChange(requiredFee=n/a(insufficient), netLoss=n/a, ceiling=n/a) noChange(requiredFee=40745000, netLoss=34004975, ceiling=81490000) | value=74004975: selectChangeShape: no_viable_change_shape — withChange(requiredFee=n/a(insufficient), netLoss=n/a, ceiling=n/a) noChange(requiredFee=40745000, netLoss=34004975, ceiling=81490000))
[proto-driver] bet_append 83ac3c46-f12b-4338-9298-bd92be932172 advance: bet intent proto-bet:83ac3c46-f12b-4338-9298-bd92be932172:append exhausted 1 attempts: selectFeeUtxoByConstruction: no_suitable_fee_utxo(逐个真实构造全部失败 — value=33177975: selectChangeShape: insufficient inputs(leftover=-6822025 < 0) | value=74004975: selectChangeShape: no_viable_change_shape — withChange(requiredFee=n/a(insufficient), netLoss=n/a, ceiling=n/a) noChange(requiredFee=40745000, netLoss=34004975, ceiling=81490000) | value=74004975: selectChangeShape: no_viable_change_shape — withChange(requiredFee=n/a(insufficient), netLoss=n/a, ceiling=n/a) noChange(requiredFee=40745000, netLoss=34004975, ceiling=81490000) | value=74004975: selectChangeShape: no_viable_change_shape — withChange(requiredFee=n/a(insufficient), netLoss=n/a, ceiling=n/a) noChange(requiredFee=40745000, netLoss=34004975, ceiling=81490000))
[proto-driver] tick 325: {"actioned":1,"genesisAdvanced":0,"genesisLandedChecked":0,"genesisLanded":0,"betAppendAdvanced":0,"betAppendLandedChecked":0,"betAppendLanded":0,"errored":1,"held":0}
[proto-bet-intent] proto-bet:83ac3c46-f12b-4338-9298-bd92be932172:append attempt 1/1 fail: selectFeeUtxoByConstruction: no_suitable_fee_utxo(逐个真实构造全部失败 — value=33177975: selectChangeShape: insufficient inputs(leftover=-6822025 < 0) | value=74004975: selectChangeShape: no_viable_change_shape — withChange(requiredFee=n/a(insufficient), netLoss=n/a, ceiling=n/a) noChange(requiredFee=40745000, netLoss=34004975, ceiling=81490000) | value=74004975: selectChangeShape: no_viable_change_shape — withChange(requiredFee=n/a(insufficient), netLoss=n/a, ceiling=n/a) noChange(requiredFee=40745000, netLoss=34004975, ceiling=81490000) | value=74004975: selectChangeShape: no_viable_change_shape — withChange(requiredFee=n/a(insufficient), netLoss=n/a, ceiling=n/a) noChange(requiredFee=40745000, netLoss=34004975, ceiling=81490000))
[proto-driver] bet_append 83ac3c46-f12b-4338-9298-bd92be932172 advance: bet intent proto-bet:83ac3c46-f12b-4338-9298-bd92be932172:append exhausted 1 attempts: selectFeeUtxoByConstruction: no_suitable_fee_utxo(逐个真实构造全部失败 — value=33177975: selectChangeShape: insufficient inputs(leftover=-6822025 < 0) | value=74004975: selectChangeShape: no_viable_change_shape — withChange(requiredFee=n/a(insufficient), netLoss=n/a, ceiling=n/a) noChange(requiredFee=40745000, netLoss=34004975, ceiling=81490000) | value=74004975: selectChangeShape: no_viable_change_shape — withChange(requiredFee=n/a(insufficient), netLoss=n/a, ceiling=n/a) noChange(requiredFee=40745000, netLoss=34004975, ceiling=81490000) | value=74004975: selectChangeShape: no_viable_change_shape — withChange(requiredFee=n/a(insufficient), netLoss=n/a, ceiling=n/a) noChange(requiredFee=40745000, netLoss=34004975, ceiling=81490000))
[proto-driver] tick 326: {"actioned":1,"genesisAdvanced":0,"genesisLandedChecked":0,"genesisLanded":0,"betAppendAdvanced":0,"betAppendLandedChecked":0,"betAppendLanded":0,"errored":1,"held":0}
[proto-bet-intent] proto-bet:83ac3c46-f12b-4338-9298-bd92be932172:append attempt 1/1 fail: selectFeeUtxoByConstruction: no_suitable_fee_utxo(逐个真实构造全部失败 — value=33177975: selectChangeShape: insufficient inputs(leftover=-6822025 < 0) | value=74004975: selectChangeShape: no_viable_change_shape — withChange(requiredFee=n/a(insufficient), netLoss=n/a, ceiling=n/a) noChange(requiredFee=40745000, netLoss=34004975, ceiling=81490000) | value=74004975: selectChangeShape: no_viable_change_shape — withChange(requiredFee=n/a(insufficient), netLoss=n/a, ceiling=n/a) noChange(requiredFee=40745000, netLoss=34004975, ceiling=81490000) | value=74004975: selectChangeShape: no_viable_change_shape — withChange(requiredFee=n/a(insufficient), netLoss=n/a, ceiling=n/a) noChange(requiredFee=40745000, netLoss=34004975, ceiling=81490000))
[proto-driver] bet_append 83ac3c46-f12b-4338-9298-bd92be932172 advance: bet intent proto-bet:83ac3c46-f12b-4338-9298-bd92be932172:append exhausted 1 attempts: selectFeeUtxoByConstruction: no_suitable_fee_utxo(逐个真实构造全部失败 — value=33177975: selectChangeShape: insufficient inputs(leftover=-6822025 < 0) | value=74004975: selectChangeShape: no_viable_change_shape — withChange(requiredFee=n/a(insufficient), netLoss=n/a, ceiling=n/a) noChange(requiredFee=40745000, netLoss=34004975, ceiling=81490000) | value=74004975: selectChangeShape: no_viable_change_shape — withChange(requiredFee=n/a(insufficient), netLoss=n/a, ceiling=n/a) noChange(requiredFee=40745000, netLoss=34004975, ceiling=81490000) | value=74004975: selectChangeShape: no_viable_change_shape — withChange(requiredFee=n/a(insufficient), netLoss=n/a, ceiling=n/a) noChange(requiredFee=40745000, netLoss=34004975, ceiling=81490000))
[proto-driver] tick 327: {"actioned":1,"genesisAdvanced":0,"genesisLandedChecked":0,"genesisLanded":0,"betAppendAdvanced":0,"betAppendLandedChecked":0,"betAppendLanded":0,"errored":1,"held":0}
[proto-bet-intent] proto-bet:83ac3c46-f12b-4338-9298-bd92be932172:append attempt 1/1 fail: selectFeeUtxoByConstruction: no_suitable_fee_utxo(逐个真实构造全部失败 — value=33177975: selectChangeShape: insufficient inputs(leftover=-6822025 < 0) | value=74004975: selectChangeShape: no_viable_change_shape — withChange(requiredFee=n/a(insufficient), netLoss=n/a, ceiling=n/a) noChange(requiredFee=40745000, netLoss=34004975, ceiling=81490000) | value=74004975: selectChangeShape: no_viable_change_shape — withChange(requiredFee=n/a(insufficient), netLoss=n/a, ceiling=n/a) noChange(requiredFee=40745000, netLoss=34004975, ceiling=81490000) | value=74004975: selectChangeShape: no_viable_change_shape — withChange(requiredFee=n/a(insufficient), netLoss=n/a, ceiling=n/a) noChange(requiredFee=40745000, netLoss=34004975, ceiling=81490000))
[proto-driver] bet_append 83ac3c46-f12b-4338-9298-bd92be932172 advance: bet intent proto-bet:83ac3c46-f12b-4338-9298-bd92be932172:append exhausted 1 attempts: selectFeeUtxoByConstruction: no_suitable_fee_utxo(逐个真实构造全部失败 — value=33177975: selectChangeShape: insufficient inputs(leftover=-6822025 < 0) | value=74004975: selectChangeShape: no_viable_change_shape — withChange(requiredFee=n/a(insufficient), netLoss=n/a, ceiling=n/a) noChange(requiredFee=40745000, netLoss=34004975, ceiling=81490000) | value=74004975: selectChangeShape: no_viable_change_shape — withChange(requiredFee=n/a(insufficient), netLoss=n/a, ceiling=n/a) noChange(requiredFee=40745000, netLoss=34004975, ceiling=81490000) | value=74004975: selectChangeShape: no_viable_change_shape — withChange(requiredFee=n/a(insufficient), netLoss=n/a, ceiling=n/a) noChange(requiredFee=40745000, netLoss=34004975, ceiling=81490000))
[proto-driver] tick 328: {"actioned":1,"genesisAdvanced":0,"genesisLandedChecked":0,"genesisLanded":0,"betAppendAdvanced":0,"betAppendLandedChecked":0,"betAppendLanded":0,"errored":1,"held":0}
[proto-bet-intent] proto-bet:83ac3c46-f12b-4338-9298-bd92be932172:append attempt 1/1 fail: selectFeeUtxoByConstruction: no_suitable_fee_utxo(逐个真实构造全部失败 — value=33177975: selectChangeShape: insufficient inputs(leftover=-6822025 < 0) | value=74004975: selectChangeShape: no_viable_change_shape — withChange(requiredFee=n/a(insufficient), netLoss=n/a, ceiling=n/a) noChange(requiredFee=40745000, netLoss=34004975, ceiling=81490000) | value=74004975: selectChangeShape: no_viable_change_shape — withChange(requiredFee=n/a(insufficient), netLoss=n/a, ceiling=n/a) noChange(requiredFee=40745000, netLoss=34004975, ceiling=81490000) | value=74004975: selectChangeShape: no_viable_change_shape — withChange(requiredFee=n/a(insufficient), netLoss=n/a, ceiling=n/a) noChange(requiredFee=40745000, netLoss=34004975, ceiling=81490000))
[proto-driver] bet_append 83ac3c46-f12b-4338-9298-bd92be932172 advance: bet intent proto-bet:83ac3c46-f12b-4338-9298-bd92be932172:append exhausted 1 attempts: selectFeeUtxoByConstruction: no_suitable_fee_utxo(逐个真实构造全部失败 — value=33177975: selectChangeShape: insufficient inputs(leftover=-6822025 < 0) | value=74004975: selectChangeShape: no_viable_change_shape — withChange(requiredFee=n/a(insufficient), netLoss=n/a, ceiling=n/a) noChange(requiredFee=40745000, netLoss=34004975, ceiling=81490000) | value=74004975: selectChangeShape: no_viable_change_shape — withChange(requiredFee=n/a(insufficient), netLoss=n/a, ceiling=n/a) noChange(requiredFee=40745000, netLoss=34004975, ceiling=81490000) | value=74004975: selectChangeShape: no_viable_change_shape — withChange(requiredFee=n/a(insufficient), netLoss=n/a, ceiling=n/a) noChange(requiredFee=40745000, netLoss=34004975, ceiling=81490000))
[proto-driver] tick 329: {"actioned":1,"genesisAdvanced":0,"genesisLandedChecked":0,"genesisLanded":0,"betAppendAdvanced":0,"betAppendLandedChecked":0,"betAppendLanded":0,"errored":1,"held":0}
[proto-bet-intent] proto-bet:83ac3c46-f12b-4338-9298-bd92be932172:append attempt 1/1 fail: selectFeeUtxoByConstruction: no_suitable_fee_utxo(逐个真实构造全部失败 — value=33177975: selectChangeShape: insufficient inputs(leftover=-6822025 < 0) | value=74004975: selectChangeShape: no_viable_change_shape — withChange(requiredFee=n/a(insufficient), netLoss=n/a, ceiling=n/a) noChange(requiredFee=40745000, netLoss=34004975, ceiling=81490000) | value=74004975: selectChangeShape: no_viable_change_shape — withChange(requiredFee=n/a(insufficient), netLoss=n/a, ceiling=n/a) noChange(requiredFee=40745000, netLoss=34004975, ceiling=81490000) | value=74004975: selectChangeShape: no_viable_change_shape — withChange(requiredFee=n/a(insufficient), netLoss=n/a, ceiling=n/a) noChange(requiredFee=40745000, netLoss=34004975, ceiling=81490000))
[proto-driver] bet_append 83ac3c46-f12b-4338-9298-bd92be932172 advance: bet intent proto-bet:83ac3c46-f12b-4338-9298-bd92be932172:append exhausted 1 attempts: selectFeeUtxoByConstruction: no_suitable_fee_utxo(逐个真实构造全部失败 — value=33177975: selectChangeShape: insufficient inputs(leftover=-6822025 < 0) | value=74004975: selectChangeShape: no_viable_change_shape — withChange(requiredFee=n/a(insufficient), netLoss=n/a, ceiling=n/a) noChange(requiredFee=40745000, netLoss=34004975, ceiling=81490000) | value=74004975: selectChangeShape: no_viable_change_shape — withChange(requiredFee=n/a(insufficient), netLoss=n/a, ceiling=n/a) noChange(requiredFee=40745000, netLoss=34004975, ceiling=81490000) | value=74004975: selectChangeShape: no_viable_change_shape — withChange(requiredFee=n/a(insufficient), netLoss=n/a, ceiling=n/a) noChange(requiredFee=40745000, netLoss=34004975, ceiling=81490000))
[proto-driver] tick 330: {"actioned":1,"genesisAdvanced":0,"genesisLandedChecked":0,"genesisLanded":0,"betAppendAdvanced":0,"betAppendLandedChecked":0,"betAppendLanded":0,"errored":1,"held":0}
[proto-bet-intent] proto-bet:83ac3c46-f12b-4338-9298-bd92be932172:append attempt 1/1 fail: selectFeeUtxoByConstruction: no_suitable_fee_utxo(逐个真实构造全部失败 — value=33177975: selectChangeShape: insufficient inputs(leftover=-6822025 < 0) | value=74004975: selectChangeShape: no_viable_change_shape — withChange(requiredFee=n/a(insufficient), netLoss=n/a, ceiling=n/a) noChange(requiredFee=40745000, netLoss=34004975, ceiling=81490000) | value=74004975: selectChangeShape: no_viable_change_shape — withChange(requiredFee=n/a(insufficient), netLoss=n/a, ceiling=n/a) noChange(requiredFee=40745000, netLoss=34004975, ceiling=81490000) | value=74004975: selectChangeShape: no_viable_change_shape — withChange(requiredFee=n/a(insufficient), netLoss=n/a, ceiling=n/a) noChange(requiredFee=40745000, netLoss=34004975, ceiling=81490000))
[proto-driver] bet_append 83ac3c46-f12b-4338-9298-bd92be932172 advance: bet intent proto-bet:83ac3c46-f12b-4338-9298-bd92be932172:append exhausted 1 attempts: selectFeeUtxoByConstruction: no_suitable_fee_utxo(逐个真实构造全部失败 — value=33177975: selectChangeShape: insufficient inputs(leftover=-6822025 < 0) | value=74004975: selectChangeShape: no_viable_change_shape — withChange(requiredFee=n/a(insufficient), netLoss=n/a, ceiling=n/a) noChange(requiredFee=40745000, netLoss=34004975, ceiling=81490000) | value=74004975: selectChangeShape: no_viable_change_shape — withChange(requiredFee=n/a(insufficient), netLoss=n/a, ceiling=n/a) noChange(requiredFee=40745000, netLoss=34004975, ceiling=81490000) | value=74004975: selectChangeShape: no_viable_change_shape — withChange(requiredFee=n/a(insufficient), netLoss=n/a, ceiling=n/a) noChange(requiredFee=40745000, netLoss=34004975, ceiling=81490000))
[proto-driver] tick 331: {"actioned":1,"genesisAdvanced":0,"genesisLandedChecked":0,"genesisLanded":0,"betAppendAdvanced":0,"betAppendLandedChecked":0,"betAppendLanded":0,"errored":1,"held":0}
[proto-bet-intent] proto-bet:83ac3c46-f12b-4338-9298-bd92be932172:append attempt 1/1 fail: selectFeeUtxoByConstruction: no_suitable_fee_utxo(逐个真实构造全部失败 — value=33177975: selectChangeShape: insufficient inputs(leftover=-6822025 < 0) | value=74004975: selectChangeShape: no_viable_change_shape — withChange(requiredFee=n/a(insufficient), netLoss=n/a, ceiling=n/a) noChange(requiredFee=40745000, netLoss=34004975, ceiling=81490000) | value=74004975: selectChangeShape: no_viable_change_shape — withChange(requiredFee=n/a(insufficient), netLoss=n/a, ceiling=n/a) noChange(requiredFee=40745000, netLoss=34004975, ceiling=81490000) | value=74004975: selectChangeShape: no_viable_change_shape — withChange(requiredFee=n/a(insufficient), netLoss=n/a, ceiling=n/a) noChange(requiredFee=40745000, netLoss=34004975, ceiling=81490000))
[proto-driver] bet_append 83ac3c46-f12b-4338-9298-bd92be932172 advance: bet intent proto-bet:83ac3c46-f12b-4338-9298-bd92be932172:append exhausted 1 attempts: selectFeeUtxoByConstruction: no_suitable_fee_utxo(逐个真实构造全部失败 — value=33177975: selectChangeShape: insufficient inputs(leftover=-6822025 < 0) | value=74004975: selectChangeShape: no_viable_change_shape — withChange(requiredFee=n/a(insufficient), netLoss=n/a, ceiling=n/a) noChange(requiredFee=40745000, netLoss=34004975, ceiling=81490000) | value=74004975: selectChangeShape: no_viable_change_shape — withChange(requiredFee=n/a(insufficient), netLoss=n/a, ceiling=n/a) noChange(requiredFee=40745000, netLoss=34004975, ceiling=81490000) | value=74004975: selectChangeShape: no_viable_change_shape — withChange(requiredFee=n/a(insufficient), netLoss=n/a, ceiling=n/a) noChange(requiredFee=40745000, netLoss=34004975, ceiling=81490000))
[proto-driver] tick 332: {"actioned":1,"genesisAdvanced":0,"genesisLandedChecked":0,"genesisLanded":0,"betAppendAdvanced":0,"betAppendLandedChecked":0,"betAppendLanded":0,"errored":1,"held":0}
[proto-bet-intent] proto-bet:83ac3c46-f12b-4338-9298-bd92be932172:append attempt 1/1 fail: selectFeeUtxoByConstruction: no_suitable_fee_utxo(逐个真实构造全部失败 — value=33177975: selectChangeShape: insufficient inputs(leftover=-6822025 < 0) | value=74004975: selectChangeShape: no_viable_change_shape — withChange(requiredFee=n/a(insufficient), netLoss=n/a, ceiling=n/a) noChange(requiredFee=40745000, netLoss=34004975, ceiling=81490000) | value=74004975: selectChangeShape: no_viable_change_shape — withChange(requiredFee=n/a(insufficient), netLoss=n/a, ceiling=n/a) noChange(requiredFee=40745000, netLoss=34004975, ceiling=81490000) | value=74004975: selectChangeShape: no_viable_change_shape — withChange(requiredFee=n/a(insufficient), netLoss=n/a, ceiling=n/a) noChange(requiredFee=40745000, netLoss=34004975, ceiling=81490000))
[proto-driver] bet_append 83ac3c46-f12b-4338-9298-bd92be932172 advance: bet intent proto-bet:83ac3c46-f12b-4338-9298-bd92be932172:append exhausted 1 attempts: selectFeeUtxoByConstruction: no_suitable_fee_utxo(逐个真实构造全部失败 — value=33177975: selectChangeShape: insufficient inputs(leftover=-6822025 < 0) | value=74004975: selectChangeShape: no_viable_change_shape — withChange(requiredFee=n/a(insufficient), netLoss=n/a, ceiling=n/a) noChange(requiredFee=40745000, netLoss=34004975, ceiling=81490000) | value=74004975: selectChangeShape: no_viable_change_shape — withChange(requiredFee=n/a(insufficient), netLoss=n/a, ceiling=n/a) noChange(requiredFee=40745000, netLoss=34004975, ceiling=81490000) | value=74004975: selectChangeShape: no_viable_change_shape — withChange(requiredFee=n/a(insufficient), netLoss=n/a, ceiling=n/a) noChange(requiredFee=40745000, netLoss=34004975, ceiling=81490000))
[proto-driver] tick 333: {"actioned":1,"genesisAdvanced":0,"genesisLandedChecked":0,"genesisLanded":0,"betAppendAdvanced":0,"betAppendLandedChecked":0,"betAppendLanded":0,"errored":1,"held":0}
[proto-bet-intent] proto-bet:83ac3c46-f12b-4338-9298-bd92be932172:append attempt 1/1 fail: selectFeeUtxoByConstruction: no_suitable_fee_utxo(逐个真实构造全部失败 — value=33177975: selectChangeShape: insufficient inputs(leftover=-6822025 < 0) | value=74004975: selectChangeShape: no_viable_change_shape — withChange(requiredFee=n/a(insufficient), netLoss=n/a, ceiling=n/a) noChange(requiredFee=40745000, netLoss=34004975, ceiling=81490000) | value=74004975: selectChangeShape: no_viable_change_shape — withChange(requiredFee=n/a(insufficient), netLoss=n/a, ceiling=n/a) noChange(requiredFee=40745000, netLoss=34004975, ceiling=81490000) | value=74004975: selectChangeShape: no_viable_change_shape — withChange(requiredFee=n/a(insufficient), netLoss=n/a, ceiling=n/a) noChange(requiredFee=40745000, netLoss=34004975, ceiling=81490000))
[proto-driver] bet_append 83ac3c46-f12b-4338-9298-bd92be932172 advance: bet intent proto-bet:83ac3c46-f12b-4338-9298-bd92be932172:append exhausted 1 attempts: selectFeeUtxoByConstruction: no_suitable_fee_utxo(逐个真实构造全部失败 — value=33177975: selectChangeShape: insufficient inputs(leftover=-6822025 < 0) | value=74004975: selectChangeShape: no_viable_change_shape — withChange(requiredFee=n/a(insufficient), netLoss=n/a, ceiling=n/a) noChange(requiredFee=40745000, netLoss=34004975, ceiling=81490000) | value=74004975: selectChangeShape: no_viable_change_shape — withChange(requiredFee=n/a(insufficient), netLoss=n/a, ceiling=n/a) noChange(requiredFee=40745000, netLoss=34004975, ceiling=81490000) | value=74004975: selectChangeShape: no_viable_change_shape — withChange(requiredFee=n/a(insufficient), netLoss=n/a, ceiling=n/a) noChange(requiredFee=40745000, netLoss=34004975, ceiling=81490000))
[proto-driver] tick 334: {"actioned":1,"genesisAdvanced":0,"genesisLandedChecked":0,"genesisLanded":0,"betAppendAdvanced":0,"betAppendLandedChecked":0,"betAppendLanded":0,"errored":1,"held":0}
[relay:proto-e2e-oracle] 9/21/2026, 01:42:08 COVENANT_BROADCAST proto-bet:83ac3c46-f12b-4338-9298-bd92be932172:append prepared txid 8fa8055d30e7 (bytes persisted at console) → broadcasting
[relay:proto-e2e-oracle] 9/21/2026, 01:42:08 COVENANT_BROADCAST(intent proto-bet:83ac3c46-f12b-4338-9298-bd92be932172:append) TX: 8fa8055d30e7dd3664ae6d6552546d3964189e157a64cd65fa26537eba3c3311
[proto-driver] tick 335: {"actioned":2,"genesisAdvanced":0,"genesisLandedChecked":0,"genesisLanded":0,"betAppendAdvanced":1,"betAppendLandedChecked":1,"betAppendLanded":0,"errored":0,"held":0}
[proto-driver] tick 336: {"actioned":1,"genesisAdvanced":0,"genesisLandedChecked":0,"genesisLanded":0,"betAppendAdvanced":0,"betAppendLandedChecked":1,"betAppendLanded":1,"errored":0,"held":0}
[relay:proto-e2e-oracle] 9/21/2026, 01:42:31 COVENANT_BROADCAST proto-bet:bfcb6b45-b456-46e5-9dd8-feb4d818dbcb:append prepared txid b2be02f64d6b (bytes persisted at console) → broadcasting
[relay:proto-e2e-oracle] 9/21/2026, 01:42:31 COVENANT_BROADCAST(intent proto-bet:bfcb6b45-b456-46e5-9dd8-feb4d818dbcb:append) TX: b2be02f64d6bbf496c2df818e96b66fd2f1e68546318ff60a30e3c4770a5115b
[proto-driver] tick 337: {"actioned":1,"genesisAdvanced":0,"genesisLandedChecked":0,"genesisLanded":0,"betAppendAdvanced":0,"betAppendLandedChecked":1,"betAppendLanded":1,"errored":0,"held":0}
[relay:proto-e2e-oracle] 9/21/2026, 01:43:09 COVENANT_BROADCAST settle:market:d7d21bee2a04d897bd504d1de926f3f29c1692df12e93c8d8f4f0ae2ce489b1a:seal prepared txid 590ec1282291 (bytes persisted at console) → broadcasting
[relay:proto-e2e-oracle] 9/21/2026, 01:43:09 COVENANT_BROADCAST(intent settle:market:d7d21bee2a04d897bd504d1de926f3f29c1692df12e93c8d8f4f0ae2ce489b1a:seal) TX: 590ec1282291b84e1447f7005baf0fa72aea4287083de2be79af27f5aa3bcebc
[proto-settlement-driver] tick 337: {"actioned":1,"landed":0,"submitted":1,"waiting":0,"gated":0,"held":0,"failed":0}
[proto-settlement-driver] tick 338: {"actioned":2,"landed":1,"submitted":0,"waiting":0,"gated":0,"held":0,"failed":0}
[proto-oracle-adapter] tick: {"scanned":1,"skipped":{},"verdictsWritten":0,"promoted":[],"frozen":[],"waited":1,"errors":0,"aborted":null}
[proto-oracle-adapter] tick: {"scanned":1,"skipped":{},"verdictsWritten":0,"promoted":[],"frozen":[],"waited":1,"errors":0,"aborted":null}
[proto-oracle-adapter] tick: {"scanned":1,"skipped":{},"verdictsWritten":0,"promoted":[],"frozen":[],"waited":1,"errors":0,"aborted":null}
[proto-oracle-adapter] tick: {"scanned":1,"skipped":{},"verdictsWritten":0,"promoted":[],"frozen":[],"waited":1,"errors":0,"aborted":null}
[proto-oracle-adapter] tick: {"scanned":1,"skipped":{},"verdictsWritten":0,"promoted":[],"frozen":[],"waited":1,"errors":0,"aborted":null}
[proto-oracle-adapter] tick: {"scanned":1,"skipped":{},"verdictsWritten":0,"promoted":[],"frozen":[],"waited":1,"errors":0,"aborted":null}
[proto-oracle-adapter] tick: {"scanned":1,"skipped":{},"verdictsWritten":0,"promoted":[],"frozen":[],"waited":1,"errors":0,"aborted":null}
[proto-oracle-adapter] tick: {"scanned":1,"skipped":{},"verdictsWritten":0,"promoted":[],"frozen":[],"waited":1,"errors":0,"aborted":null}
[proto-oracle-adapter] tick: {"scanned":1,"skipped":{},"verdictsWritten":0,"promoted":[],"frozen":[],"waited":1,"errors":0,"aborted":null}
[proto-oracle-adapter] tick: {"scanned":1,"skipped":{},"verdictsWritten":0,"promoted":[],"frozen":[],"waited":1,"errors":0,"aborted":null}
[proto-oracle-adapter] tick: {"scanned":1,"skipped":{},"verdictsWritten":2,"promoted":[],"frozen":[],"waited":1,"errors":0,"aborted":null}
[proto-oracle-adapter] tick: {"scanned":1,"skipped":{},"verdictsWritten":0,"promoted":[],"frozen":[],"waited":1,"errors":0,"aborted":null}
[proto-oracle-adapter] tick: {"scanned":1,"skipped":{},"verdictsWritten":0,"promoted":[],"frozen":[],"waited":1,"errors":0,"aborted":null}
[proto-oracle-adapter] tick: {"scanned":1,"skipped":{},"verdictsWritten":0,"promoted":[],"frozen":[],"waited":1,"errors":0,"aborted":null}
[proto-oracle-adapter] PROMOTED market=d7d21bee2a04 winning_side=1 source=extractor verdict=5
[proto-oracle-adapter] tick: {"scanned":1,"skipped":{},"verdictsWritten":0,"promoted":[{"id":"d7d21bee2a04d897bd504d1de926f3f29c1692df12e93c8d8f4f0ae2ce489b1a","side":1,"source":"extractor","verdictId":5}],"frozen":[],"waited":0,"errors":0,"aborted":null}
[proto-settlement-intent] settle:market:d7d21bee2a04d897bd504d1de926f3f29c1692df12e93c8d8f4f0ae2ce489b1a:resolve attempt 1/1 fail: close_commit_pmt_not_ready: pmt(1789930078295) 尚未超过 deadline(1789930524358) + 30000ms(领先 -446063ms): 节点会以 NotFinalized 拒绝(lock_time < pmt 严格小于), 稍后重试(无状态变更)
[proto-settlement-driver] tick 365: {"actioned":1,"landed":0,"submitted":0,"waiting":0,"gated":1,"held":0,"failed":0}
[relay:proto-e2e-oracle] 9/21/2026, 02:03:29 COVENANT_BROADCAST settle:market:d7d21bee2a04d897bd504d1de926f3f29c1692df12e93c8d8f4f0ae2ce489b1a:resolve replay rebroadcast same bytes → eb5273995534
[relay:proto-e2e-oracle] 9/21/2026, 02:03:29 COVENANT_BROADCAST(intent settle:market:d7d21bee2a04d897bd504d1de926f3f29c1692df12e93c8d8f4f0ae2ce489b1a:resolve) TX: eb5273995534d5339c8a2b4bd93d430af06812147bdca799a6c5955a26acaa8c
[proto-settlement-intent] settle:market:d7d21bee2a04d897bd504d1de926f3f29c1692df12e93c8d8f4f0ae2ce489b1a:resolve replayed same bytes txid eb5273995534 → submitted
[proto-settlement-driver] tick 398: {"actioned":1,"landed":0,"submitted":1,"waiting":0,"gated":0,"held":0,"failed":0}
[proto-settlement-driver] tick 399: {"actioned":1,"landed":1,"submitted":0,"waiting":0,"gated":0,"held":0,"failed":0}
[relay:proto-e2e-oracle] 9/21/2026, 02:04:09 COVENANT_BROADCAST settle:claim:5883453d6b41316e4a7c22ca800de7d2db9902240a0ab0e18ea604deb377772f:convert_to_claim prepared txid 6c4fbb0d4a3d (bytes persisted at console) → broadcasting
[relay:proto-e2e-oracle] 9/21/2026, 02:04:09 COVENANT_BROADCAST(intent settle:claim:5883453d6b41316e4a7c22ca800de7d2db9902240a0ab0e18ea604deb377772f:convert_to_claim) TX: 6c4fbb0d4a3dde99a9a6307f1c8d3310f2620c7bf4f40bcd2918cf6aef4a0a75
[proto-settlement-driver] tick 400: {"actioned":1,"landed":0,"submitted":1,"waiting":0,"gated":0,"held":0,"failed":0}
[proto-settlement-driver] tick 401: {"actioned":2,"landed":1,"submitted":0,"waiting":0,"gated":0,"held":0,"failed":0}
[proto-settlement-driver] tick skipped (previous tick still in flight, skipped=2)
[proto-settlement-intent] settle:claim:5883453d6b41316e4a7c22ca800de7d2db9902240a0ab0e18ea604deb377772f:claim_draw attempt 1/1 fail: Relay command timeout after 30s
[proto-settlement-driver] tick 402: {"actioned":1,"landed":0,"submitted":0,"waiting":0,"gated":0,"held":0,"failed":1}
[relay:proto-e2e-oracle] 9/21/2026, 02:05:29 COVENANT_BROADCAST settle:claim:5883453d6b41316e4a7c22ca800de7d2db9902240a0ab0e18ea604deb377772f:claim_draw prepared txid 57603214c4b3 (bytes persisted at console) → broadcasting
[relay:proto-e2e-oracle] 9/21/2026, 02:05:29 COVENANT_BROADCAST(intent settle:claim:5883453d6b41316e4a7c22ca800de7d2db9902240a0ab0e18ea604deb377772f:claim_draw) TX: 57603214c4b38cb9d085cce058d17137f975934308247f08162356076ce290cd
[proto-settlement-driver] tick 403: {"actioned":1,"landed":0,"submitted":1,"waiting":0,"gated":0,"held":0,"failed":0}
[proto-settlement-driver] tick 404: {"actioned":2,"landed":1,"submitted":0,"waiting":0,"gated":0,"held":0,"failed":0}
